station,block_no,year,max_24h_mm,date,raw_value,statistical_break,usable,value_classes,row_classes,row_html
香取,0375,1976,72.0,9/28 19:00,72 ],False,False,data_0_0,mtx,"<tr class=""mtx"" style=""text-align:right;""><td style=""white-space:nowrap""><div class=""a_print""><a href=""monthly_a1.php?prec_no=45&amp;block_no=0375&amp;year=1976&amp;month=&amp;day=&amp;view=a5"">1976</a></div></td><td class=""data_0_0"">30 ]</td><td class=""data_0_0""> 9/08 04:00</td><td class=""data_0_0"">47</td><td class=""data_0_0""> 9/08 04:00</td><td class=""data_0_0"">49</td><td class=""data_0_0""> 9/08 07:00</td><td class=""data_0_0"">54</td><td class=""data_0_0""> 5/27 10:00</td><td class=""data_0_0"">72 ]</td><td class=""data_0_0""> 9/28 19:00</td><td class=""data_0_0"">73 ]</td><td class=""data_0_0""> 9/29 19:00</td><td class=""data_0_0"">75 ]</td><td class=""data_0_0""> 5/28 06:00</td></tr>"
香取,0375,1977,176.0,9/20 03:00,176,False,True,data_0_0,mtx,"<tr class=""mtx"" style=""text-align:right;""><td style=""white-space:nowrap""><div class=""a_print""><a href=""monthly_a1.php?prec_no=45&amp;block_no=0375&amp;year=1977&amp;month=&amp;day=&amp;view=a5"">1977</a></div></td><td class=""data_0_0"">31</td><td class=""data_0_0""> 9/19 19:00</td><td class=""data_0_0"">64</td><td class=""data_0_0""> 9/19 21:00</td><td class=""data_0_0"">91</td><td class=""data_0_0""> 9/19 23:00</td><td class=""data_0_0"">114</td><td class=""data_0_0""> 9/19 21:00</td><td class=""data_0_0"">176</td><td class=""data_0_0""> 9/20 03:00</td><td class=""data_0_0"">177</td><td class=""data_0_0""> 9/20 18:00</td><td class=""data_0_0"">177</td><td class=""data_0_0""> 9/21 18:00</td></tr>"
香取,0375,1978,61.0,4/03 19:00,61,False,True,data_0_0,mtx,"<tr class=""mtx"" style=""text-align:right;""><td style=""white-space:nowrap""><div class=""a_print""><a href=""monthly_a1.php?prec_no=45&amp;block_no=0375&amp;year=1978&amp;month=&amp;day=&amp;view=a5"">1978</a></div></td><td class=""data_0_0"">26</td><td class=""data_0_0""> 8/07 15:00</td><td class=""data_0_0"">34</td><td class=""data_0_0""> 8/07 17:00</td><td class=""data_0_0"">47</td><td class=""data_0_0""> 5/19 09:00</td><td class=""data_0_0"">54</td><td class=""data_0_0""> 4/03 13:00</td><td class=""data_0_0"">61</td><td class=""data_0_0""> 4/03 19:00</td><td class=""data_0_0"">61 ]</td><td class=""data_0_0""> 4/04 19:00</td><td class=""data_0_0"">61 ]</td><td class=""data_0_0""> 4/05 19:00</td></tr>"
香取,0375,1979,89.0,10/07 15:00,89,False,True,data_0_0,mtx,"<tr class=""mtx"" style=""text-align:right;""><td style=""white-space:nowrap""><div class=""a_print""><a href=""monthly_a1.php?prec_no=45&amp;block_no=0375&amp;year=1979&amp;month=&amp;day=&amp;view=a5"">1979</a></div></td><td class=""data_0_0"">27 ]</td><td class=""data_0_0""> 9/04 15:00</td><td class=""data_0_0"">50</td><td class=""data_0_0"">11/29 01:00</td><td class=""data_0_0"">56</td><td class=""data_0_0"">11/29 03:00</td><td class=""data_0_0"">73</td><td class=""data_0_0"">10/07 15:00</td><td class=""data_0_0"">89</td><td class=""data_0_0"">10/07 15:00</td><td class=""data_0_0"">101</td><td class=""data_0_0"">10/08 01:00</td><td class=""data_0_0"">101</td><td class=""data_0_0"">10/09 01:00</td></tr>"
香取,0375,1980,76.0,8/03 12:00,76,False,True,data_0_0,mtx,"<tr class=""mtx"" style=""text-align:right;""><td style=""white-space:nowrap""><div class=""a_print""><a href=""monthly_a1.php?prec_no=45&amp;block_no=0375&amp;year=1980&amp;month=&amp;day=&amp;view=a5"">1980</a></div></td><td class=""data_0_0"">15</td><td class=""data_0_0""> 6/29 19:00</td><td class=""data_0_0"">26</td><td class=""data_0_0""> 7/08 11:00</td><td class=""data_0_0"">42</td><td class=""data_0_0""> 8/03 11:00</td><td class=""data_0_0"">57</td><td class=""data_0_0""> 8/03 12:00</td><td class=""data_0_0"">76</td><td class=""data_0_0""> 8/03 12:00</td><td class=""data_0_0"">85 ]</td><td class=""data_0_0""> 8/04 12:00</td><td class=""data_0_0"">85</td><td class=""data_0_0""> 8/05 12:00</td></tr>"
香取,0375,1981,135.0,10/23 07:00,135,False,True,data_0_0,mtx,"<tr class=""mtx"" style=""text-align:right;""><td style=""white-space:nowrap""><div class=""a_print""><a href=""monthly_a1.php?prec_no=45&amp;block_no=0375&amp;year=1981&amp;month=&amp;day=&amp;view=a5"">1981</a></div></td><td class=""data_0_0"">24</td><td class=""data_0_0"">10/22 22:00</td><td class=""data_0_0"">48</td><td class=""data_0_0"">10/22 23:00</td><td class=""data_0_0"">83</td><td class=""data_0_0"">10/23 01:00</td><td class=""data_0_0"">120</td><td class=""data_0_0"">10/23 02:00</td><td class=""data_0_0"">135</td><td class=""data_0_0"">10/23 07:00</td><td class=""data_0_0"">135</td><td class=""data_0_0"">10/24 07:00</td><td class=""data_0_0"">135</td><td class=""data_0_0"">10/25 07:00</td></tr>"
香取,0375,1982,123.0,9/12 19:00,123,False,True,data_0_0,mtx,"<tr class=""mtx"" style=""text-align:right;""><td style=""white-space:nowrap""><div class=""a_print""><a href=""monthly_a1.php?prec_no=45&amp;block_no=0375&amp;year=1982&amp;month=&amp;day=&amp;view=a5"">1982</a></div></td><td class=""data_0_0"">37</td><td class=""data_0_0""> 9/25 15:00</td><td class=""data_0_0"">54</td><td class=""data_0_0""> 9/25 17:00</td><td class=""data_0_0"">68</td><td class=""data_0_0""> 9/12 17:00</td><td class=""data_0_0"">96</td><td class=""data_0_0""> 9/12 20:00</td><td class=""data_0_0"">123</td><td class=""data_0_0""> 9/12 19:00</td><td class=""data_0_0"">178</td><td class=""data_0_0""> 9/12 18:00</td><td class=""data_0_0"">188</td><td class=""data_0_0""> 9/13 12:00</td></tr>"
香取,0375,1983,83.0,6/21 16:00,83,False,True,data_0_0,mtx,"<tr class=""mtx"" style=""text-align:right;""><td style=""white-space:nowrap""><div class=""a_print""><a href=""monthly_a1.php?prec_no=45&amp;block_no=0375&amp;year=1983&amp;month=&amp;day=&amp;view=a5"">1983</a></div></td><td class=""data_0_0"">40</td><td class=""data_0_0""> 9/01 12:00</td><td class=""data_0_0"">54</td><td class=""data_0_0""> 9/01 14:00</td><td class=""data_0_0"">54</td><td class=""data_0_0""> 9/01 17:00</td><td class=""data_0_0"">73</td><td class=""data_0_0""> 6/21 09:00</td><td class=""data_0_0"">83</td><td class=""data_0_0""> 6/21 16:00</td><td class=""data_0_0"">83</td><td class=""data_0_0""> 6/22 16:00</td><td class=""data_0_0"">113</td><td class=""data_0_0""> 8/18 04:00</td></tr>"
香取,0375,1984,101.0,6/23 17:00,101,False,True,data_0_0,mtx,"<tr class=""mtx"" style=""text-align:right;""><td style=""white-space:nowrap""><div class=""a_print""><a href=""monthly_a1.php?prec_no=45&amp;block_no=0375&amp;year=1984&amp;month=&amp;day=&amp;view=a5"">1984</a></div></td><td class=""data_0_0"">12</td><td class=""data_0_0""> 6/23 06:00</td><td class=""data_0_0"">35</td><td class=""data_0_0""> 6/23 06:00</td><td class=""data_0_0"">63</td><td class=""data_0_0""> 6/23 08:00</td><td class=""data_0_0"">96</td><td class=""data_0_0""> 6/23 11:00</td><td class=""data_0_0"">101</td><td class=""data_0_0""> 6/23 17:00</td><td class=""data_0_0"">101</td><td class=""data_0_0""> 6/24 17:00</td><td class=""data_0_0"">104</td><td class=""data_0_0""> 6/25 17:00</td></tr>"
香取,0375,1985,111.0,7/01 06:00,111,False,True,data_0_0,mtx,"<tr class=""mtx"" style=""text-align:right;""><td style=""white-space:nowrap""><div class=""a_print""><a href=""monthly_a1.php?prec_no=45&amp;block_no=0375&amp;year=1985&amp;month=&amp;day=&amp;view=a5"">1985</a></div></td><td class=""data_0_0"">23</td><td class=""data_0_0""> 4/23 10:00</td><td class=""data_0_0"">41</td><td class=""data_0_0""> 4/23 10:00</td><td class=""data_0_0"">53</td><td class=""data_0_0""> 6/30 15:00</td><td class=""data_0_0"">81</td><td class=""data_0_0""> 6/30 16:00</td><td class=""data_0_0"">111</td><td class=""data_0_0""> 7/01 06:00</td><td class=""data_0_0"">134</td><td class=""data_0_0""> 7/01 23:00</td><td class=""data_0_0"">161</td><td class=""data_0_0""> 7/01 06:00</td></tr>"
香取,0375,1986,232.0,8/05 08:00,232,False,True,data_0_0,mtx,"<tr class=""mtx"" style=""text-align:right;""><td style=""white-space:nowrap""><div class=""a_print""><a href=""monthly_a1.php?prec_no=45&amp;block_no=0375&amp;year=1986&amp;month=&amp;day=&amp;view=a5"">1986</a></div></td><td class=""data_0_0"">31</td><td class=""data_0_0""> 9/13 21:00</td><td class=""data_0_0"">64</td><td class=""data_0_0""> 8/04 18:00</td><td class=""data_0_0"">100</td><td class=""data_0_0""> 8/04 18:00</td><td class=""data_0_0"">172</td><td class=""data_0_0""> 8/04 24:00</td><td class=""data_0_0"">232</td><td class=""data_0_0""> 8/05 08:00</td><td class=""data_0_0"">233</td><td class=""data_0_0""> 8/06 03:00</td><td class=""data_0_0"">233</td><td class=""data_0_0""> 8/07 03:00</td></tr>"
香取,0375,1987,90.0,9/05 05:00,90,False,True,data_0_0,mtx,"<tr class=""mtx"" style=""text-align:right;""><td style=""white-space:nowrap""><div class=""a_print""><a href=""monthly_a1.php?prec_no=45&amp;block_no=0375&amp;year=1987&amp;month=&amp;day=&amp;view=a5"">1987</a></div></td><td class=""data_0_0"">34</td><td class=""data_0_0""> 9/05 04:00</td><td class=""data_0_0"">45</td><td class=""data_0_0""> 9/05 04:00</td><td class=""data_0_0"">52</td><td class=""data_0_0""> 9/05 07:00</td><td class=""data_0_0"">55</td><td class=""data_0_0""> 9/05 09:00</td><td class=""data_0_0"">90</td><td class=""data_0_0""> 9/05 05:00</td><td class=""data_0_0"">124</td><td class=""data_0_0""> 9/05 11:00</td><td class=""data_0_0"">124</td><td class=""data_0_0""> 9/06 11:00</td></tr>"
香取,0375,1988,121.0,8/11 21:00,121,False,True,data_0_0,mtx,"<tr class=""mtx"" style=""text-align:right;""><td style=""white-space:nowrap""><div class=""a_print""><a href=""monthly_a1.php?prec_no=45&amp;block_no=0375&amp;year=1988&amp;month=&amp;day=&amp;view=a5"">1988</a></div></td><td class=""data_0_0"">22</td><td class=""data_0_0""> 9/20 20:00</td><td class=""data_0_0"">34</td><td class=""data_0_0""> 8/11 08:00</td><td class=""data_0_0"">55</td><td class=""data_0_0""> 8/11 10:00</td><td class=""data_0_0"">81</td><td class=""data_0_0""> 8/11 09:00</td><td class=""data_0_0"">121</td><td class=""data_0_0""> 8/11 21:00</td><td class=""data_0_0"">159</td><td class=""data_0_0""> 8/12 16:00</td><td class=""data_0_0"">164</td><td class=""data_0_0""> 8/13 06:00</td></tr>"
香取,0375,1989,171.0,8/01 24:00,171,False,True,data_0_0,mtx,"<tr class=""mtx"" style=""text-align:right;""><td style=""white-space:nowrap""><div class=""a_print""><a href=""monthly_a1.php?prec_no=45&amp;block_no=0375&amp;year=1989&amp;month=&amp;day=&amp;view=a5"">1989</a></div></td><td class=""data_0_0"">33</td><td class=""data_0_0""> 8/01 19:00</td><td class=""data_0_0"">62</td><td class=""data_0_0""> 8/01 20:00</td><td class=""data_0_0"">74</td><td class=""data_0_0""> 8/01 20:00</td><td class=""data_0_0"">131</td><td class=""data_0_0""> 8/01 20:00</td><td class=""data_0_0"">171</td><td class=""data_0_0""> 8/01 24:00</td><td class=""data_0_0"">173</td><td class=""data_0_0""> 8/02 21:00</td><td class=""data_0_0"">176</td><td class=""data_0_0""> 8/02 05:00</td></tr>"
香取,0375,1990,92.0,12/01 02:00,92,False,True,data_0_0,mtx,"<tr class=""mtx"" style=""text-align:right;""><td style=""white-space:nowrap""><div class=""a_print""><a href=""monthly_a1.php?prec_no=45&amp;block_no=0375&amp;year=1990&amp;month=&amp;day=&amp;view=a5"">1990</a></div></td><td class=""data_0_0"">29</td><td class=""data_0_0""> 9/17 12:00</td><td class=""data_0_0"">34</td><td class=""data_0_0"">10/08 07:00</td><td class=""data_0_0"">54</td><td class=""data_0_0"">10/08 10:00</td><td class=""data_0_0"">80</td><td class=""data_0_0"">11/30 22:00</td><td class=""data_0_0"">92</td><td class=""data_0_0"">12/01 02:00</td><td class=""data_0_0"">114</td><td class=""data_0_0"">11/30 22:00</td><td class=""data_0_0"">142</td><td class=""data_0_0"">12/01 01:00</td></tr>"
香取,0375,1991,232.0,9/08 24:00,232,False,True,data_0_0,mtx,"<tr class=""mtx"" style=""text-align:right;""><td style=""white-space:nowrap""><div class=""a_print""><a href=""monthly_a1.php?prec_no=45&amp;block_no=0375&amp;year=1991&amp;month=&amp;day=&amp;view=a5"">1991</a></div></td><td class=""data_0_0"">82</td><td class=""data_0_0""> 9/08 11:00</td><td class=""data_0_0"">145</td><td class=""data_0_0""> 9/08 11:00</td><td class=""data_0_0"">179</td><td class=""data_0_0""> 9/08 13:00</td><td class=""data_0_0"">230</td><td class=""data_0_0""> 9/08 14:00</td><td class=""data_0_0"">232</td><td class=""data_0_0""> 9/08 24:00</td><td class=""data_0_0"">244</td><td class=""data_0_0""> 9/09 24:00</td><td class=""data_0_0"">244</td><td class=""data_0_0""> 9/11 02:00</td></tr>"
香取,0375,1992,80.0,10/09 20:00,80 ],False,False,data_0_0,mtx,"<tr class=""mtx"" style=""text-align:right;""><td style=""white-space:nowrap""><div class=""a_print""><a href=""monthly_a1.php?prec_no=45&amp;block_no=0375&amp;year=1992&amp;month=&amp;day=&amp;view=a5"">1992</a></div></td><td class=""data_0_0"">16</td><td class=""data_0_0""> 7/14 22:00</td><td class=""data_0_0"">35</td><td class=""data_0_0"">10/09 05:00</td><td class=""data_0_0"">58</td><td class=""data_0_0"">10/09 08:00</td><td class=""data_0_0"">80 ]</td><td class=""data_0_0"">10/09 08:00</td><td class=""data_0_0"">80 ]</td><td class=""data_0_0"">10/09 20:00</td><td class=""data_0_0"">80 ]</td><td class=""data_0_0"">10/10 20:00</td><td class=""data_0_0"">80 ]</td><td class=""data_0_0"">10/11 20:00</td></tr>"
香取,0375,1993,129.0,8/27 16:00,129,False,True,data_0_0,mtx,"<tr class=""mtx"" style=""text-align:right;""><td style=""white-space:nowrap""><div class=""a_print""><a href=""monthly_a1.php?prec_no=45&amp;block_no=0375&amp;year=1993&amp;month=&amp;day=&amp;view=a5"">1993</a></div></td><td class=""data_0_0"">37</td><td class=""data_0_0"">11/14 02:00</td><td class=""data_0_0"">69</td><td class=""data_0_0"">11/14 02:00</td><td class=""data_0_0"">95</td><td class=""data_0_0"">11/14 03:00</td><td class=""data_0_0"">116</td><td class=""data_0_0""> 8/27 18:00</td><td class=""data_0_0"">129</td><td class=""data_0_0""> 8/27 16:00</td><td class=""data_0_0"">143</td><td class=""data_0_0""> 8/28 12:00</td><td class=""data_0_0"">143</td><td class=""data_0_0""> 8/29 12:00</td></tr>"
香取,0375,1994,92.0,9/29 15:00,92,False,True,data_0_0,mtx,"<tr class=""mtx"" style=""text-align:right;""><td style=""white-space:nowrap""><div class=""a_print""><a href=""monthly_a1.php?prec_no=45&amp;block_no=0375&amp;year=1994&amp;month=&amp;day=&amp;view=a5"">1994</a></div></td><td class=""data_0_0"">48</td><td class=""data_0_0""> 9/01 17:00</td><td class=""data_0_0"">57</td><td class=""data_0_0""> 9/01 19:00</td><td class=""data_0_0"">57</td><td class=""data_0_0""> 9/01 22:00</td><td class=""data_0_0"">60</td><td class=""data_0_0""> 9/29 13:00</td><td class=""data_0_0"">92</td><td class=""data_0_0""> 9/29 15:00</td><td class=""data_0_0"">106</td><td class=""data_0_0""> 9/30 10:00</td><td class=""data_0_0"">108</td><td class=""data_0_0""> 9/29 21:00</td></tr>"
香取,0375,1995,201.0,9/17 15:00,201 ],False,False,data_0_0,mtx,"<tr class=""mtx"" style=""text-align:right;""><td style=""white-space:nowrap""><div class=""a_print""><a href=""monthly_a1.php?prec_no=45&amp;block_no=0375&amp;year=1995&amp;month=&amp;day=&amp;view=a5"">1995</a></div></td><td class=""data_0_0"">21 ]</td><td class=""data_0_0""> 5/12 20:00</td><td class=""data_0_0"">43 ]</td><td class=""data_0_0""> 9/17 04:00</td><td class=""data_0_0"">71 ]</td><td class=""data_0_0""> 9/17 07:00</td><td class=""data_0_0"">133 ]</td><td class=""data_0_0""> 9/17 12:00</td><td class=""data_0_0"">201 ]</td><td class=""data_0_0""> 9/17 15:00</td><td class=""data_0_0"">240 ]</td><td class=""data_0_0""> 9/18 05:00</td><td class=""data_0_0"">252 ]</td><td class=""data_0_0""> 9/18 07:00</td></tr>"
香取,0375,1996,224.0,9/23 01:00,224,False,True,data_0_0,mtx,"<tr class=""mtx"" style=""text-align:right;""><td style=""white-space:nowrap""><div class=""a_print""><a href=""monthly_a1.php?prec_no=45&amp;block_no=0375&amp;year=1996&amp;month=&amp;day=&amp;view=a5"">1996</a></div></td><td class=""data_0_0"">30</td><td class=""data_0_0""> 9/22 12:00</td><td class=""data_0_0"">79</td><td class=""data_0_0""> 9/22 13:00</td><td class=""data_0_0"">144</td><td class=""data_0_0""> 9/22 15:00</td><td class=""data_0_0"">210</td><td class=""data_0_0""> 9/22 17:00</td><td class=""data_0_0"">224</td><td class=""data_0_0""> 9/23 01:00</td><td class=""data_0_0"">226</td><td class=""data_0_0""> 9/22 22:00</td><td class=""data_0_0"">226</td><td class=""data_0_0""> 9/23 22:00</td></tr>"
香取,0375,1997,75.0,5/25 09:00,75,False,True,data_0_0,mtx,"<tr class=""mtx"" style=""text-align:right;""><td style=""white-space:nowrap""><div class=""a_print""><a href=""monthly_a1.php?prec_no=45&amp;block_no=0375&amp;year=1997&amp;month=&amp;day=&amp;view=a5"">1997</a></div></td><td class=""data_0_0"">19</td><td class=""data_0_0""> 5/25 04:00</td><td class=""data_0_0"">35</td><td class=""data_0_0""> 5/25 04:00</td><td class=""data_0_0"">45</td><td class=""data_0_0""> 5/25 05:00</td><td class=""data_0_0"">61</td><td class=""data_0_0""> 6/20 17:00</td><td class=""data_0_0"">75</td><td class=""data_0_0""> 5/25 09:00</td><td class=""data_0_0"">81</td><td class=""data_0_0""> 5/26 01:00</td><td class=""data_0_0"">85</td><td class=""data_0_0""> 5/25 05:00</td></tr>"
香取,0375,1998,68.0,7/23 04:00,68,False,True,data_0_0,mtx,"<tr class=""mtx"" style=""text-align:right;""><td style=""white-space:nowrap""><div class=""a_print""><a href=""monthly_a1.php?prec_no=45&amp;block_no=0375&amp;year=1998&amp;month=&amp;day=&amp;view=a5"">1998</a></div></td><td class=""data_0_0"">18</td><td class=""data_0_0""> 5/08 20:00</td><td class=""data_0_0"">33</td><td class=""data_0_0""> 7/23 03:00</td><td class=""data_0_0"">52</td><td class=""data_0_0""> 9/16 05:00</td><td class=""data_0_0"">66</td><td class=""data_0_0""> 9/16 09:00</td><td class=""data_0_0"">68</td><td class=""data_0_0""> 7/23 04:00</td><td class=""data_0_0"">82</td><td class=""data_0_0""> 7/24 14:00</td><td class=""data_0_0"">94</td><td class=""data_0_0""> 7/25 04:00</td></tr>"
香取,0375,1999,300.0,10/28 12:00,300 ],True,False,data_2t_0,mtx,"<tr class=""mtx"" style=""text-align:right;""><td style=""white-space:nowrap""><div class=""a_print""><a href=""monthly_a1.php?prec_no=45&amp;block_no=0375&amp;year=1999&amp;month=&amp;day=&amp;view=a5"">1999</a></div></td><td class=""data_2t_0"">153 ]</td><td class=""data_2t_0"">10/27 20:00</td><td class=""data_2t_0"">256 ]</td><td class=""data_2t_0"">10/27 21:00</td><td class=""data_2t_0"">284 ]</td><td class=""data_2t_0"">10/27 21:00</td><td class=""data_2t_0"">299 ]</td><td class=""data_2t_0"">10/27 24:00</td><td class=""data_2t_0"">300 ]</td><td class=""data_2t_0"">10/28 12:00</td><td class=""data_2t_0"">300 ]</td><td class=""data_2t_0"">10/29 12:00</td><td class=""data_2t_0"">300 ]</td><td class=""data_2t_0"">10/30 12:00</td></tr>"
香取,0375,2000,156.0,7/08 16:00,156,False,True,data_0_0,mtx,"<tr class=""mtx"" style=""text-align:right;""><td style=""white-space:nowrap""><div class=""a_print""><a href=""monthly_a1.php?prec_no=45&amp;block_no=0375&amp;year=2000&amp;month=&amp;day=&amp;view=a5"">2000</a></div></td><td class=""data_0_0"">21</td><td class=""data_0_0""> 9/11 08:00</td><td class=""data_0_0"">50</td><td class=""data_0_0""> 7/07 24:00</td><td class=""data_0_0"">72</td><td class=""data_0_0""> 7/08 08:00</td><td class=""data_0_0"">138</td><td class=""data_0_0""> 7/08 08:00</td><td class=""data_0_0"">156</td><td class=""data_0_0""> 7/08 16:00</td><td class=""data_0_0"">156</td><td class=""data_0_0""> 7/09 16:00</td><td class=""data_0_0"">156</td><td class=""data_0_0""> 7/10 16:00</td></tr>"
香取,0375,2001,263.0,10/11 03:00,263,False,True,data_0_0,mtx,"<tr class=""mtx"" style=""text-align:right;""><td style=""white-space:nowrap""><div class=""a_print""><a href=""monthly_a1.php?prec_no=45&amp;block_no=0375&amp;year=2001&amp;month=&amp;day=&amp;view=a5"">2001</a></div></td><td class=""data_0_0"">71</td><td class=""data_0_0"">10/10 22:00</td><td class=""data_0_0"">114</td><td class=""data_0_0"">10/10 23:00</td><td class=""data_0_0"">156</td><td class=""data_0_0"">10/10 23:00</td><td class=""data_0_0"">228</td><td class=""data_0_0"">10/10 24:00</td><td class=""data_0_0"">263</td><td class=""data_0_0"">10/11 03:00</td><td class=""data_0_0"">263</td><td class=""data_0_0"">10/12 03:00</td><td class=""data_0_0"">281</td><td class=""data_0_0"">10/11 10:00</td></tr>"
香取,0375,2002,78.0,6/19 05:00,78,False,True,data_0_0,mtx,"<tr class=""mtx"" style=""text-align:right;""><td style=""white-space:nowrap""><div class=""a_print""><a href=""monthly_a1.php?prec_no=45&amp;block_no=0375&amp;year=2002&amp;month=&amp;day=&amp;view=a5"">2002</a></div></td><td class=""data_0_0"">22</td><td class=""data_0_0""> 6/22 08:00</td><td class=""data_0_0"">40</td><td class=""data_0_0""> 6/18 13:00</td><td class=""data_0_0"">55</td><td class=""data_0_0""> 6/18 15:00</td><td class=""data_0_0"">77</td><td class=""data_0_0""> 1/27 09:00</td><td class=""data_0_0"">78</td><td class=""data_0_0""> 6/19 05:00</td><td class=""data_0_0"">94</td><td class=""data_0_0"">10/02 11:00</td><td class=""data_0_0"">94</td><td class=""data_0_0"">10/03 11:00</td></tr>"
香取,0375,2003,138.0,8/15 21:00,138,False,True,data_1t_0,mtx,"<tr class=""mtx"" style=""text-align:right;""><td style=""white-space:nowrap""><div class=""a_print""><a href=""monthly_a1.php?prec_no=45&amp;block_no=0375&amp;year=2003&amp;month=&amp;day=&amp;view=a5"">2003</a></div></td><td class=""data_1t_0"">41</td><td class=""data_1t_0"">10/13 15:30</td><td class=""data_1t_0"">47</td><td class=""data_1t_0"">11/25 18:40</td><td class=""data_1t_0"">60</td><td class=""data_1t_0"">11/25 18:50</td><td class=""data_1t_0"">92</td><td class=""data_1t_0""> 8/15 11:20</td><td class=""data_1t_0"">138</td><td class=""data_1t_0""> 8/15 21:00</td><td class=""data_1t_0"">176</td><td class=""data_1t_0""> 8/16 10:50</td><td class=""data_1t_0"">194</td><td class=""data_1t_0""> 8/16 22:00</td></tr>"
香取,0375,2004,232.0,10/09 18:40,232,False,True,data_0_0,mtx,"<tr class=""mtx"" style=""text-align:right;""><td style=""white-space:nowrap""><div class=""a_print""><a href=""monthly_a1.php?prec_no=45&amp;block_no=0375&amp;year=2004&amp;month=&amp;day=&amp;view=a5"">2004</a></div></td><td class=""data_0_0"">56</td><td class=""data_0_0"">10/09 03:00</td><td class=""data_0_0"">106</td><td class=""data_0_0"">10/09 03:30</td><td class=""data_0_0"">147</td><td class=""data_0_0"">10/09 05:10</td><td class=""data_0_0"">174</td><td class=""data_0_0"">10/09 08:10</td><td class=""data_0_0"">232</td><td class=""data_0_0"">10/09 18:40</td><td class=""data_0_0"">235</td><td class=""data_0_0"">10/10 15:00</td><td class=""data_0_0"">242</td><td class=""data_0_0"">10/11 15:00</td></tr>"
香取,0375,2005,150.0,1/16 16:50,150,False,True,data_0_0,mtx,"<tr class=""mtx"" style=""text-align:right;""><td style=""white-space:nowrap""><div class=""a_print""><a href=""monthly_a1.php?prec_no=45&amp;block_no=0375&amp;year=2005&amp;month=&amp;day=&amp;view=a5"">2005</a></div></td><td class=""data_0_0"">40</td><td class=""data_0_0""> 9/11 16:20</td><td class=""data_0_0"">47</td><td class=""data_0_0""> 5/31 04:30</td><td class=""data_0_0"">68</td><td class=""data_0_0""> 1/16 07:40</td><td class=""data_0_0"">104</td><td class=""data_0_0""> 1/16 08:00</td><td class=""data_0_0"">150</td><td class=""data_0_0""> 1/16 16:50</td><td class=""data_0_0"">163</td><td class=""data_0_0""> 1/17 08:50</td><td class=""data_0_0"">163</td><td class=""data_0_0""> 1/18 08:50</td></tr>"
香取,0375,2006,193.0,10/07 02:20,193,False,True,data_0_0,mtx,"<tr class=""mtx"" style=""text-align:right;""><td style=""white-space:nowrap""><div class=""a_print""><a href=""monthly_a1.php?prec_no=45&amp;block_no=0375&amp;year=2006&amp;month=&amp;day=&amp;view=a5"">2006</a></div></td><td class=""data_0_0"">41</td><td class=""data_0_0""> 1/14 19:10</td><td class=""data_0_0"">62</td><td class=""data_0_0""> 1/14 19:30</td><td class=""data_0_0"">81</td><td class=""data_0_0"">12/27 02:10</td><td class=""data_0_0"">132</td><td class=""data_0_0"">12/27 02:20</td><td class=""data_0_0"">193</td><td class=""data_0_0"">10/07 02:20</td><td class=""data_0_0"">235</td><td class=""data_0_0"">10/24 22:40</td><td class=""data_0_0"">238</td><td class=""data_0_0"">10/25 18:30</td></tr>"
香取,0375,2007,165.0,7/15 13:30,165,False,True,data_0_0,mtx,"<tr class=""mtx"" style=""text-align:right;""><td style=""white-space:nowrap""><div class=""a_print""><a href=""monthly_a1.php?prec_no=45&amp;block_no=0375&amp;year=2007&amp;month=&amp;day=&amp;view=a5"">2007</a></div></td><td class=""data_0_0"">50</td><td class=""data_0_0""> 9/12 07:00</td><td class=""data_0_0"">71</td><td class=""data_0_0""> 9/12 07:40</td><td class=""data_0_0"">85</td><td class=""data_0_0""> 9/12 10:50</td><td class=""data_0_0"">110</td><td class=""data_0_0""> 7/15 05:20</td><td class=""data_0_0"">165</td><td class=""data_0_0""> 7/15 13:30</td><td class=""data_0_0"">183</td><td class=""data_0_0""> 7/16 03:20</td><td class=""data_0_0"">183</td><td class=""data_0_0""> 7/17 03:20</td></tr>"
香取,0375,2008,103.0,8/17 18:40,103.0,False,True,data_0_0,mtx,"<tr class=""mtx"" style=""text-align:right;""><td style=""white-space:nowrap""><div class=""a_print""><a href=""monthly_a1.php?prec_no=45&amp;block_no=0375&amp;year=2008&amp;month=&amp;day=&amp;view=a5"">2008</a></div></td><td class=""data_0_0"">56.0</td><td class=""data_0_0""> 8/16 22:50</td><td class=""data_0_0"">57.0</td><td class=""data_0_0""> 8/17 00:40</td><td class=""data_0_0"">62.0</td><td class=""data_0_0""> 8/17 00:20</td><td class=""data_0_0"">72.5</td><td class=""data_0_0""> 4/08 16:10</td><td class=""data_0_0"">103.0</td><td class=""data_0_0""> 8/17 18:40</td><td class=""data_0_0"">110.5</td><td class=""data_0_0""> 4/09 13:00</td><td class=""data_0_0"">116.5</td><td class=""data_0_0""> 4/10 17:30</td></tr>"
香取,0375,2009,96.5,1/31 11:00,96.5,False,True,data_0_0,mtx,"<tr class=""mtx"" style=""text-align:right;""><td style=""white-space:nowrap""><div class=""a_print""><a href=""monthly_a1.php?prec_no=45&amp;block_no=0375&amp;year=2009&amp;month=&amp;day=&amp;view=a5"">2009</a></div></td><td class=""data_0_0"">28.5</td><td class=""data_0_0""> 8/10 09:40</td><td class=""data_0_0"">55.5</td><td class=""data_0_0"">10/08 05:10</td><td class=""data_0_0"">72.5</td><td class=""data_0_0""> 8/10 14:40</td><td class=""data_0_0"">88.5</td><td class=""data_0_0""> 8/10 17:30</td><td class=""data_0_0"">96.5</td><td class=""data_0_0""> 1/31 11:00</td><td class=""data_0_0"">111.5</td><td class=""data_0_0"">10/08 06:00</td><td class=""data_0_0"">129.5</td><td class=""data_0_0"">10/08 16:20</td></tr>"
香取,0375,2010,167.0,9/09 13:10,167.0,False,True,data_0_0,mtx,"<tr class=""mtx"" style=""text-align:right;""><td style=""white-space:nowrap""><div class=""a_print""><a href=""monthly_a1.php?prec_no=45&amp;block_no=0375&amp;year=2010&amp;month=&amp;day=&amp;view=a5"">2010</a></div></td><td class=""data_0_0"">64.0</td><td class=""data_0_0""> 9/08 18:50</td><td class=""data_0_0"">103.5</td><td class=""data_0_0""> 9/08 20:00</td><td class=""data_0_0"">143.5</td><td class=""data_0_0""> 9/08 21:20</td><td class=""data_0_0"">166.0</td><td class=""data_0_0""> 9/09 02:30</td><td class=""data_0_0"">167.0</td><td class=""data_0_0""> 9/09 13:10</td><td class=""data_0_0"">167.0</td><td class=""data_0_0""> 9/10 13:10</td><td class=""data_0_0"">167.0</td><td class=""data_0_0""> 9/11 13:10</td></tr>"
香取,0375,2011,110.0,9/21 18:50,110.0,False,True,data_0_0,mtx,"<tr class=""mtx"" style=""text-align:right;""><td style=""white-space:nowrap""><div class=""a_print""><a href=""monthly_a1.php?prec_no=45&amp;block_no=0375&amp;year=2011&amp;month=&amp;day=&amp;view=a5"">2011</a></div></td><td class=""data_0_0"">30.5</td><td class=""data_0_0""> 4/19 08:30</td><td class=""data_0_0"">61.5</td><td class=""data_0_0"">10/22 05:10</td><td class=""data_0_0"">85.5</td><td class=""data_0_0"">10/22 07:50</td><td class=""data_0_0"">89.5</td><td class=""data_0_0"">10/22 08:40</td><td class=""data_0_0"">110.0</td><td class=""data_0_0""> 9/21 18:50</td><td class=""data_0_0"">123.0</td><td class=""data_0_0""> 9/22 01:30</td><td class=""data_0_0"">124.5</td><td class=""data_0_0""> 9/23 01:30</td></tr>"
香取,0375,2012,99.0,10/04 09:30,99.0,False,True,data_0_0,mtx,"<tr class=""mtx"" style=""text-align:right;""><td style=""white-space:nowrap""><div class=""a_print""><a href=""monthly_a1.php?prec_no=45&amp;block_no=0375&amp;year=2012&amp;month=&amp;day=&amp;view=a5"">2012</a></div></td><td class=""data_0_0"">39.0</td><td class=""data_0_0""> 8/06 12:30</td><td class=""data_0_0"">51.0</td><td class=""data_0_0""> 8/06 14:20</td><td class=""data_0_0"">64.5</td><td class=""data_0_0""> 6/20 00:40</td><td class=""data_0_0"">79.0</td><td class=""data_0_0"">10/04 07:00</td><td class=""data_0_0"">99.0</td><td class=""data_0_0"">10/04 09:30</td><td class=""data_0_0"">110.0</td><td class=""data_0_0"">10/05 04:00</td><td class=""data_0_0"">115.5</td><td class=""data_0_0""> 6/22 13:30</td></tr>"
香取,0375,2013,351.5,10/16 12:20,351.5,False,True,data_0_0,mtx,"<tr class=""mtx"" style=""text-align:right;""><td style=""white-space:nowrap""><div class=""a_print""><a href=""monthly_a1.php?prec_no=45&amp;block_no=0375&amp;year=2013&amp;month=&amp;day=&amp;view=a5"">2013</a></div></td><td class=""data_0_0"">55.5</td><td class=""data_0_0"">10/16 06:10</td><td class=""data_0_0"">120.0</td><td class=""data_0_0"">10/16 07:10</td><td class=""data_0_0"">184.5</td><td class=""data_0_0"">10/16 07:40</td><td class=""data_0_0"">311.0</td><td class=""data_0_0"">10/16 07:40</td><td class=""data_0_0"">351.5</td><td class=""data_0_0"">10/16 12:20</td><td class=""data_0_0"">351.5</td><td class=""data_0_0"">10/17 12:20</td><td class=""data_0_0"">351.5</td><td class=""data_0_0"">10/18 12:20</td></tr>"
香取,0375,2014,139.5,8/10 23:20,139.5,False,True,data_0_0,mtx,"<tr class=""mtx"" style=""text-align:right;""><td style=""white-space:nowrap""><div class=""a_print""><a href=""monthly_a1.php?prec_no=45&amp;block_no=0375&amp;year=2014&amp;month=&amp;day=&amp;view=a5"">2014</a></div></td><td class=""data_0_0"">64.5</td><td class=""data_0_0""> 8/10 06:10</td><td class=""data_0_0"">110.5</td><td class=""data_0_0""> 8/10 07:20</td><td class=""data_0_0"">128.0</td><td class=""data_0_0""> 8/10 07:10</td><td class=""data_0_0"">137.5</td><td class=""data_0_0""> 8/10 11:20</td><td class=""data_0_0"">139.5</td><td class=""data_0_0""> 8/10 23:20</td><td class=""data_0_0"">158.0</td><td class=""data_0_0"">10/07 05:20</td><td class=""data_0_0"">158.0</td><td class=""data_0_0"">10/08 05:20</td></tr>"
香取,0375,2015,95.0,7/04 03:50,95.0,False,True,data_0_0,mtx,"<tr class=""mtx"" style=""text-align:right;""><td style=""white-space:nowrap""><div class=""a_print""><a href=""monthly_a1.php?prec_no=45&amp;block_no=0375&amp;year=2015&amp;month=&amp;day=&amp;view=a5"">2015</a></div></td><td class=""data_0_0"">42.0</td><td class=""data_0_0""> 7/03 10:50</td><td class=""data_0_0"">51.0</td><td class=""data_0_0""> 7/03 11:40</td><td class=""data_0_0"">60.0</td><td class=""data_0_0""> 7/03 14:00</td><td class=""data_0_0"">69.5</td><td class=""data_0_0""> 9/17 22:20</td><td class=""data_0_0"">95.0</td><td class=""data_0_0""> 7/04 03:50</td><td class=""data_0_0"">123.5</td><td class=""data_0_0""> 7/05 08:00</td><td class=""data_0_0"">135.0</td><td class=""data_0_0""> 7/06 03:50</td></tr>"
香取,0375,2016,116.5,8/17 13:20,116.5,False,True,data_0_0,mtx,"<tr class=""mtx"" style=""text-align:right;""><td style=""white-space:nowrap""><div class=""a_print""><a href=""monthly_a1.php?prec_no=45&amp;block_no=0375&amp;year=2016&amp;month=&amp;day=&amp;view=a5"">2016</a></div></td><td class=""data_0_0"">58.0</td><td class=""data_0_0""> 8/16 23:50</td><td class=""data_0_0"">81.0</td><td class=""data_0_0""> 8/17 00:30</td><td class=""data_0_0"">99.5</td><td class=""data_0_0""> 8/17 00:40</td><td class=""data_0_0"">111.0</td><td class=""data_0_0""> 8/17 06:40</td><td class=""data_0_0"">116.5</td><td class=""data_0_0""> 8/17 13:20</td><td class=""data_0_0"">118.0</td><td class=""data_0_0""> 8/18 13:20</td><td class=""data_0_0"">119.0</td><td class=""data_0_0""> 8/19 13:20</td></tr>"
香取,0375,2017,162.5,10/23 05:10,162.5,False,True,data_0_0,mtx,"<tr class=""mtx"" style=""text-align:right;""><td style=""white-space:nowrap""><div class=""a_print""><a href=""monthly_a1.php?prec_no=45&amp;block_no=0375&amp;year=2017&amp;month=&amp;day=&amp;view=a5"">2017</a></div></td><td class=""data_0_0"">34.5</td><td class=""data_0_0""> 9/28 07:40</td><td class=""data_0_0"">63.5</td><td class=""data_0_0""> 9/28 07:40</td><td class=""data_0_0"">82.0</td><td class=""data_0_0"">10/22 15:30</td><td class=""data_0_0"">118.5</td><td class=""data_0_0"">10/22 21:10</td><td class=""data_0_0"">162.5</td><td class=""data_0_0"">10/23 05:10</td><td class=""data_0_0"">183.0</td><td class=""data_0_0"">10/23 08:10</td><td class=""data_0_0"">202.0</td><td class=""data_0_0"">10/23 04:40</td></tr>"
香取,0375,2018,73.0,7/29 00:10,73.0,False,True,data_0_0,mtx,"<tr class=""mtx"" style=""text-align:right;""><td style=""white-space:nowrap""><div class=""a_print""><a href=""monthly_a1.php?prec_no=45&amp;block_no=0375&amp;year=2018&amp;month=&amp;day=&amp;view=a5"">2018</a></div></td><td class=""data_0_0"">22.0</td><td class=""data_0_0""> 9/30 08:00</td><td class=""data_0_0"">36.5</td><td class=""data_0_0""> 7/28 06:20</td><td class=""data_0_0"">48.0</td><td class=""data_0_0""> 5/13 21:20</td><td class=""data_0_0"">55.0</td><td class=""data_0_0""> 3/09 13:10</td><td class=""data_0_0"">73.0</td><td class=""data_0_0""> 7/29 00:10</td><td class=""data_0_0"">81.5</td><td class=""data_0_0""> 3/10 08:00</td><td class=""data_0_0"">82.0</td><td class=""data_0_0""> 3/11 01:50</td></tr>"
香取,0375,2019,163.5,10/25 21:40,163.5,False,True,data_0_0,mtx,"<tr class=""mtx"" style=""text-align:right;""><td style=""white-space:nowrap""><div class=""a_print""><a href=""monthly_a1.php?prec_no=45&amp;block_no=0375&amp;year=2019&amp;month=&amp;day=&amp;view=a5"">2019</a></div></td><td class=""data_0_0"">55.0</td><td class=""data_0_0""> 7/16 23:50</td><td class=""data_0_0"">109.5</td><td class=""data_0_0""> 9/09 06:40</td><td class=""data_0_0"">143.5</td><td class=""data_0_0""> 9/09 07:20</td><td class=""data_0_0"">161.0</td><td class=""data_0_0"">10/25 17:50</td><td class=""data_0_0"">163.5</td><td class=""data_0_0"">10/25 21:40</td><td class=""data_0_0"">163.5 ]</td><td class=""data_0_0"">10/26 21:40</td><td class=""data_0_0"">163.5 ]</td><td class=""data_0_0"">10/27 21:40</td></tr>"
香取,0375,2020,96.0,4/14 00:20,96.0,False,True,data_0_0,mtx,"<tr class=""mtx"" style=""text-align:right;""><td style=""white-space:nowrap""><div class=""a_print""><a href=""monthly_a1.php?prec_no=45&amp;block_no=0375&amp;year=2020&amp;month=&amp;day=&amp;view=a5"">2020</a></div></td><td class=""data_0_0"">35.0</td><td class=""data_0_0""> 4/13 13:10</td><td class=""data_0_0"">53.5</td><td class=""data_0_0""> 4/13 13:50</td><td class=""data_0_0"">62.5</td><td class=""data_0_0""> 4/13 15:40</td><td class=""data_0_0"">76.5</td><td class=""data_0_0""> 4/13 14:40</td><td class=""data_0_0"">96.0</td><td class=""data_0_0""> 4/14 00:20</td><td class=""data_0_0"">100.5</td><td class=""data_0_0""> 4/14 01:10</td><td class=""data_0_0"">123.0</td><td class=""data_0_0"">10/11 00:40</td></tr>"
香取,0375,2021,166.0,8/15 15:10,166.0,False,True,data_0_0,mtx,"<tr class=""mtx"" style=""text-align:right;""><td style=""white-space:nowrap""><div class=""a_print""><a href=""monthly_a1.php?prec_no=45&amp;block_no=0375&amp;year=2021&amp;month=&amp;day=&amp;view=a5"">2021</a></div></td><td class=""data_0_0"">46.0</td><td class=""data_0_0""> 7/11 17:40</td><td class=""data_0_0"">74.0</td><td class=""data_0_0""> 8/08 15:20</td><td class=""data_0_0"">99.5</td><td class=""data_0_0""> 8/08 16:00</td><td class=""data_0_0"">120.0</td><td class=""data_0_0""> 8/08 16:30</td><td class=""data_0_0"">166.0</td><td class=""data_0_0""> 8/15 15:10</td><td class=""data_0_0"">212.5</td><td class=""data_0_0""> 8/15 20:10</td><td class=""data_0_0"">263.0</td><td class=""data_0_0""> 8/15 18:50</td></tr>"
香取,0375,2022,96.0,9/24 18:50,96.0,False,True,data_0_0,mtx,"<tr class=""mtx"" style=""text-align:right;""><td style=""white-space:nowrap""><div class=""a_print""><a href=""monthly_a1.php?prec_no=45&amp;block_no=0375&amp;year=2022&amp;month=&amp;day=&amp;view=a5"">2022</a></div></td><td class=""data_0_0"">48.0</td><td class=""data_0_0""> 9/24 05:30</td><td class=""data_0_0"">88.5</td><td class=""data_0_0""> 9/24 06:30</td><td class=""data_0_0"">89.0</td><td class=""data_0_0""> 9/24 09:30</td><td class=""data_0_0"">91.5</td><td class=""data_0_0""> 9/24 15:30</td><td class=""data_0_0"">96.0</td><td class=""data_0_0""> 9/24 18:50</td><td class=""data_0_0"">97.0</td><td class=""data_0_0""> 9/24 24:00</td><td class=""data_0_0"">97.0</td><td class=""data_0_0""> 9/25 24:00</td></tr>"
香取,0375,2023,304.5,9/09 05:30,304.5,False,True,data_0_0,mtx,"<tr class=""mtx"" style=""text-align:right;""><td style=""white-space:nowrap""><div class=""a_print""><a href=""monthly_a1.php?prec_no=45&amp;block_no=0375&amp;year=2023&amp;month=&amp;day=&amp;view=a5"">2023</a></div></td><td class=""data_0_0"">52.0</td><td class=""data_0_0""> 9/08 14:00</td><td class=""data_0_0"">105.5</td><td class=""data_0_0""> 9/08 14:00</td><td class=""data_0_0"">181.5</td><td class=""data_0_0""> 9/08 14:10</td><td class=""data_0_0"">227.5</td><td class=""data_0_0""> 9/08 16:00</td><td class=""data_0_0"">304.5</td><td class=""data_0_0""> 9/09 05:30</td><td class=""data_0_0"">313.0</td><td class=""data_0_0""> 9/10 03:00</td><td class=""data_0_0"">316.0</td><td class=""data_0_0""> 9/09 08:40</td></tr>"
香取,0375,2024,86.5,10/09 16:40,86.5,False,True,data_0_0,mtx,"<tr class=""mtx"" style=""text-align:right;""><td style=""white-space:nowrap""><div class=""a_print""><a href=""monthly_a1.php?prec_no=45&amp;block_no=0375&amp;year=2024&amp;month=&amp;day=&amp;view=a5"">2024</a></div></td><td class=""data_0_0"">31.5</td><td class=""data_0_0""> 9/27 15:40</td><td class=""data_0_0"">51.0</td><td class=""data_0_0""> 6/02 20:30</td><td class=""data_0_0"">56.0</td><td class=""data_0_0""> 6/02 22:10</td><td class=""data_0_0"">74.5</td><td class=""data_0_0""> 6/18 17:50</td><td class=""data_0_0"">86.5</td><td class=""data_0_0"">10/09 16:40</td><td class=""data_0_0"">105.5</td><td class=""data_0_0"">10/10 01:30</td><td class=""data_0_0"">129.0</td><td class=""data_0_0""> 9/01 22:50</td></tr>"
香取,0375,2025,101.0,5/03 09:20,101.0,False,True,data_0_0,mtx,"<tr class=""mtx"" style=""text-align:right;""><td style=""white-space:nowrap""><div class=""a_print""><a href=""monthly_a1.php?prec_no=45&amp;block_no=0375&amp;year=2025&amp;month=&amp;day=&amp;view=a5"">2025</a></div></td><td class=""data_0_0"">50.5</td><td class=""data_0_0""> 5/02 21:30</td><td class=""data_0_0"">61.5</td><td class=""data_0_0""> 5/02 23:20</td><td class=""data_0_0"">92.0</td><td class=""data_0_0""> 5/02 22:30</td><td class=""data_0_0"">98.0</td><td class=""data_0_0""> 5/03 02:20</td><td class=""data_0_0"">101.0</td><td class=""data_0_0""> 5/03 09:20</td><td class=""data_0_0"">101.0</td><td class=""data_0_0""> 5/04 09:20</td><td class=""data_0_0"">101.0</td><td class=""data_0_0""> 5/05 09:20</td></tr>"
我孫子,0376,1976,49.0,10/10 09:00,49 ],False,False,data_0_0,mtx,"<tr class=""mtx"" style=""text-align:right;""><td style=""white-space:nowrap""><div class=""a_print""><a href=""monthly_a1.php?prec_no=45&amp;block_no=0376&amp;year=1976&amp;month=&amp;day=&amp;view=a5"">1976</a></div></td><td class=""data_0_0"">36</td><td class=""data_0_0""> 7/17 22:00</td><td class=""data_0_0"">40</td><td class=""data_0_0""> 9/02 04:00</td><td class=""data_0_0"">44</td><td class=""data_0_0""> 7/11 15:00</td><td class=""data_0_0"">48 ]</td><td class=""data_0_0"">10/09 21:00</td><td class=""data_0_0"">49 ]</td><td class=""data_0_0"">10/10 09:00</td><td class=""data_0_0"">66 ]</td><td class=""data_0_0""> 7/19 21:00</td><td class=""data_0_0"">71 ]</td><td class=""data_0_0""> 5/26 03:00</td></tr>"
我孫子,0376,1977,105.0,9/20 02:00,105,False,True,data_0_0,mtx,"<tr class=""mtx"" style=""text-align:right;""><td style=""white-space:nowrap""><div class=""a_print""><a href=""monthly_a1.php?prec_no=45&amp;block_no=0376&amp;year=1977&amp;month=&amp;day=&amp;view=a5"">1977</a></div></td><td class=""data_0_0"">60</td><td class=""data_0_0""> 7/07 01:00</td><td class=""data_0_0"">75</td><td class=""data_0_0""> 7/07 02:00</td><td class=""data_0_0"">75</td><td class=""data_0_0""> 7/07 05:00</td><td class=""data_0_0"">78</td><td class=""data_0_0""> 9/19 16:00</td><td class=""data_0_0"">105</td><td class=""data_0_0""> 9/20 02:00</td><td class=""data_0_0"">112</td><td class=""data_0_0""> 8/18 18:00</td><td class=""data_0_0"">134</td><td class=""data_0_0""> 8/19 18:00</td></tr>"
我孫子,0376,1978,48.0,4/03 21:00,48,False,True,data_0_0,mtx,"<tr class=""mtx"" style=""text-align:right;""><td style=""white-space:nowrap""><div class=""a_print""><a href=""monthly_a1.php?prec_no=45&amp;block_no=0376&amp;year=1978&amp;month=&amp;day=&amp;view=a5"">1978</a></div></td><td class=""data_0_0"">26</td><td class=""data_0_0""> 7/08 16:00</td><td class=""data_0_0"">29</td><td class=""data_0_0""> 4/06 18:00</td><td class=""data_0_0"">34</td><td class=""data_0_0""> 4/06 19:00</td><td class=""data_0_0"">41</td><td class=""data_0_0""> 4/03 12:00</td><td class=""data_0_0"">48</td><td class=""data_0_0""> 4/03 21:00</td><td class=""data_0_0"">48</td><td class=""data_0_0""> 6/24 09:00</td><td class=""data_0_0"">49 ]</td><td class=""data_0_0""> 6/26 02:00</td></tr>"
我孫子,0376,1979,107.0,10/19 18:00,107,False,True,data_0_0,mtx,"<tr class=""mtx"" style=""text-align:right;""><td style=""white-space:nowrap""><div class=""a_print""><a href=""monthly_a1.php?prec_no=45&amp;block_no=0376&amp;year=1979&amp;month=&amp;day=&amp;view=a5"">1979</a></div></td><td class=""data_0_0"">27</td><td class=""data_0_0"">10/19 14:00</td><td class=""data_0_0"">61</td><td class=""data_0_0"">10/19 15:00</td><td class=""data_0_0"">73</td><td class=""data_0_0"">10/19 16:00</td><td class=""data_0_0"">77</td><td class=""data_0_0"">10/19 15:00</td><td class=""data_0_0"">107</td><td class=""data_0_0"">10/19 18:00</td><td class=""data_0_0"">115</td><td class=""data_0_0"">10/20 06:00</td><td class=""data_0_0"">115</td><td class=""data_0_0"">10/21 06:00</td></tr>"
我孫子,0376,1980,74.0,6/30 06:00,74,False,True,data_0_0,mtx,"<tr class=""mtx"" style=""text-align:right;""><td style=""white-space:nowrap""><div class=""a_print""><a href=""monthly_a1.php?prec_no=45&amp;block_no=0376&amp;year=1980&amp;month=&amp;day=&amp;view=a5"">1980</a></div></td><td class=""data_0_0"">25</td><td class=""data_0_0""> 5/01 17:00</td><td class=""data_0_0"">31</td><td class=""data_0_0"">11/22 04:00</td><td class=""data_0_0"">48</td><td class=""data_0_0"">10/14 23:00</td><td class=""data_0_0"">56</td><td class=""data_0_0""> 6/29 18:00</td><td class=""data_0_0"">74</td><td class=""data_0_0""> 6/30 06:00</td><td class=""data_0_0"">74</td><td class=""data_0_0""> 7/01 06:00</td><td class=""data_0_0"">78 ]</td><td class=""data_0_0""> 7/02 06:00</td></tr>"
我孫子,0376,1981,221.0,10/23 08:00,221,False,True,data_0_0,mtx,"<tr class=""mtx"" style=""text-align:right;""><td style=""white-space:nowrap""><div class=""a_print""><a href=""monthly_a1.php?prec_no=45&amp;block_no=0376&amp;year=1981&amp;month=&amp;day=&amp;view=a5"">1981</a></div></td><td class=""data_0_0"">59 ]</td><td class=""data_0_0"">10/22 23:00</td><td class=""data_0_0"">137</td><td class=""data_0_0"">10/22 24:00</td><td class=""data_0_0"">175</td><td class=""data_0_0"">10/23 01:00</td><td class=""data_0_0"">213</td><td class=""data_0_0"">10/23 01:00</td><td class=""data_0_0"">221</td><td class=""data_0_0"">10/23 08:00</td><td class=""data_0_0"">221</td><td class=""data_0_0"">10/24 08:00</td><td class=""data_0_0"">221</td><td class=""data_0_0"">10/25 08:00</td></tr>"
我孫子,0376,1982,176.0,9/12 17:00,176,False,True,data_0_0,mtx,"<tr class=""mtx"" style=""text-align:right;""><td style=""white-space:nowrap""><div class=""a_print""><a href=""monthly_a1.php?prec_no=45&amp;block_no=0376&amp;year=1982&amp;month=&amp;day=&amp;view=a5"">1982</a></div></td><td class=""data_0_0"">37</td><td class=""data_0_0"">11/30 10:00</td><td class=""data_0_0"">69</td><td class=""data_0_0""> 9/12 14:00</td><td class=""data_0_0"">118</td><td class=""data_0_0""> 9/12 16:00</td><td class=""data_0_0"">145</td><td class=""data_0_0""> 9/12 17:00</td><td class=""data_0_0"">176</td><td class=""data_0_0""> 9/12 17:00</td><td class=""data_0_0"">195</td><td class=""data_0_0""> 9/12 20:00</td><td class=""data_0_0"">224 ]</td><td class=""data_0_0""> 9/13 12:00</td></tr>"
我孫子,0376,1983,112.0,7/28 15:00,112,False,True,data_0_0,mtx,"<tr class=""mtx"" style=""text-align:right;""><td style=""white-space:nowrap""><div class=""a_print""><a href=""monthly_a1.php?prec_no=45&amp;block_no=0376&amp;year=1983&amp;month=&amp;day=&amp;view=a5"">1983</a></div></td><td class=""data_0_0"">45</td><td class=""data_0_0""> 7/27 16:00</td><td class=""data_0_0"">87</td><td class=""data_0_0""> 7/27 18:00</td><td class=""data_0_0"">89</td><td class=""data_0_0""> 7/27 21:00</td><td class=""data_0_0"">111</td><td class=""data_0_0""> 7/28 03:00</td><td class=""data_0_0"">112</td><td class=""data_0_0""> 7/28 15:00</td><td class=""data_0_0"">138</td><td class=""data_0_0""> 8/17 09:00</td><td class=""data_0_0"">169</td><td class=""data_0_0""> 8/18 04:00</td></tr>"
我孫子,0376,1984,79.0,6/23 15:00,79,False,True,data_0_0,mtx,"<tr class=""mtx"" style=""text-align:right;""><td style=""white-space:nowrap""><div class=""a_print""><a href=""monthly_a1.php?prec_no=45&amp;block_no=0376&amp;year=1984&amp;month=&amp;day=&amp;view=a5"">1984</a></div></td><td class=""data_0_0"">28</td><td class=""data_0_0""> 7/11 23:00</td><td class=""data_0_0"">35</td><td class=""data_0_0""> 7/11 24:00</td><td class=""data_0_0"">52</td><td class=""data_0_0""> 6/23 07:00</td><td class=""data_0_0"">76</td><td class=""data_0_0""> 6/23 11:00</td><td class=""data_0_0"">79</td><td class=""data_0_0""> 6/23 15:00</td><td class=""data_0_0"">81</td><td class=""data_0_0""> 6/23 16:00</td><td class=""data_0_0"">83</td><td class=""data_0_0""> 6/25 15:00</td></tr>"
我孫子,0376,1985,140.0,7/01 07:00,140,False,True,data_0_0,mtx,"<tr class=""mtx"" style=""text-align:right;""><td style=""white-space:nowrap""><div class=""a_print""><a href=""monthly_a1.php?prec_no=45&amp;block_no=0376&amp;year=1985&amp;month=&amp;day=&amp;view=a5"">1985</a></div></td><td class=""data_0_0"">30</td><td class=""data_0_0""> 8/10 13:00</td><td class=""data_0_0"">50</td><td class=""data_0_0""> 8/10 15:00</td><td class=""data_0_0"">58</td><td class=""data_0_0""> 6/30 17:00</td><td class=""data_0_0"">86</td><td class=""data_0_0""> 6/30 19:00</td><td class=""data_0_0"">140</td><td class=""data_0_0""> 7/01 07:00</td><td class=""data_0_0"">146</td><td class=""data_0_0""> 7/01 22:00</td><td class=""data_0_0"">174</td><td class=""data_0_0""> 7/01 06:00</td></tr>"
我孫子,0376,1986,257.0,8/05 05:00,257,False,True,data_0_0,mtx,"<tr class=""mtx"" style=""text-align:right;""><td style=""white-space:nowrap""><div class=""a_print""><a href=""monthly_a1.php?prec_no=45&amp;block_no=0376&amp;year=1986&amp;month=&amp;day=&amp;view=a5"">1986</a></div></td><td class=""data_0_0"">30</td><td class=""data_0_0""> 8/04 22:00</td><td class=""data_0_0"">83</td><td class=""data_0_0""> 8/04 23:00</td><td class=""data_0_0"">140</td><td class=""data_0_0""> 8/04 24:00</td><td class=""data_0_0"">203</td><td class=""data_0_0""> 8/04 24:00</td><td class=""data_0_0"">257</td><td class=""data_0_0""> 8/05 05:00</td><td class=""data_0_0"">267</td><td class=""data_0_0""> 8/05 04:00</td><td class=""data_0_0"">268</td><td class=""data_0_0""> 8/06 04:00</td></tr>"
我孫子,0376,1987,99.0,9/04 16:00,99,False,True,data_0_0,mtx,"<tr class=""mtx"" style=""text-align:right;""><td style=""white-space:nowrap""><div class=""a_print""><a href=""monthly_a1.php?prec_no=45&amp;block_no=0376&amp;year=1987&amp;month=&amp;day=&amp;view=a5"">1987</a></div></td><td class=""data_0_0"">34</td><td class=""data_0_0""> 8/18 19:00</td><td class=""data_0_0"">69</td><td class=""data_0_0""> 8/18 21:00</td><td class=""data_0_0"">71</td><td class=""data_0_0""> 8/18 23:00</td><td class=""data_0_0"">81</td><td class=""data_0_0""> 9/04 14:00</td><td class=""data_0_0"">99</td><td class=""data_0_0""> 9/04 16:00</td><td class=""data_0_0"">108</td><td class=""data_0_0""> 9/05 05:00</td><td class=""data_0_0"">113</td><td class=""data_0_0""> 9/06 16:00</td></tr>"
我孫子,0376,1988,106.0,8/11 23:00,106,False,True,data_0_0,mtx,"<tr class=""mtx"" style=""text-align:right;""><td style=""white-space:nowrap""><div class=""a_print""><a href=""monthly_a1.php?prec_no=45&amp;block_no=0376&amp;year=1988&amp;month=&amp;day=&amp;view=a5"">1988</a></div></td><td class=""data_0_0"">35</td><td class=""data_0_0""> 6/18 18:00</td><td class=""data_0_0"">35</td><td class=""data_0_0""> 8/11 07:00</td><td class=""data_0_0"">58</td><td class=""data_0_0""> 9/25 20:00</td><td class=""data_0_0"">72</td><td class=""data_0_0""> 8/11 11:00</td><td class=""data_0_0"">106</td><td class=""data_0_0""> 8/11 23:00</td><td class=""data_0_0"">134</td><td class=""data_0_0""> 8/12 17:00</td><td class=""data_0_0"">146</td><td class=""data_0_0""> 8/13 05:00</td></tr>"
我孫子,0376,1989,98.0,8/01 24:00,98,False,True,data_0_0,mtx,"<tr class=""mtx"" style=""text-align:right;""><td style=""white-space:nowrap""><div class=""a_print""><a href=""monthly_a1.php?prec_no=45&amp;block_no=0376&amp;year=1989&amp;month=&amp;day=&amp;view=a5"">1989</a></div></td><td class=""data_0_0"">26</td><td class=""data_0_0""> 9/20 05:00</td><td class=""data_0_0"">60</td><td class=""data_0_0""> 9/20 06:00</td><td class=""data_0_0"">66</td><td class=""data_0_0""> 9/20 05:00</td><td class=""data_0_0"">80</td><td class=""data_0_0""> 9/20 07:00</td><td class=""data_0_0"">98</td><td class=""data_0_0""> 8/01 24:00</td><td class=""data_0_0"">105</td><td class=""data_0_0""> 8/02 19:00</td><td class=""data_0_0"">106</td><td class=""data_0_0""> 9/22 22:00</td></tr>"
我孫子,0376,1990,90.0,12/01 02:00,90,False,True,data_0_0,mtx,"<tr class=""mtx"" style=""text-align:right;""><td style=""white-space:nowrap""><div class=""a_print""><a href=""monthly_a1.php?prec_no=45&amp;block_no=0376&amp;year=1990&amp;month=&amp;day=&amp;view=a5"">1990</a></div></td><td class=""data_0_0"">27</td><td class=""data_0_0""> 8/26 21:00</td><td class=""data_0_0"">42</td><td class=""data_0_0""> 5/14 18:00</td><td class=""data_0_0"">61</td><td class=""data_0_0"">11/30 17:00</td><td class=""data_0_0"">80</td><td class=""data_0_0"">11/30 21:00</td><td class=""data_0_0"">90</td><td class=""data_0_0"">12/01 02:00</td><td class=""data_0_0"">108</td><td class=""data_0_0"">11/30 22:00</td><td class=""data_0_0"">138</td><td class=""data_0_0"">12/01 01:00</td></tr>"
我孫子,0376,1991,242.0,9/19 20:00,242,False,True,data_0_0,mtx,"<tr class=""mtx"" style=""text-align:right;""><td style=""white-space:nowrap""><div class=""a_print""><a href=""monthly_a1.php?prec_no=45&amp;block_no=0376&amp;year=1991&amp;month=&amp;day=&amp;view=a5"">1991</a></div></td><td class=""data_0_0"">38</td><td class=""data_0_0""> 9/19 17:00</td><td class=""data_0_0"">106</td><td class=""data_0_0""> 9/19 17:00</td><td class=""data_0_0"">142</td><td class=""data_0_0""> 9/19 17:00</td><td class=""data_0_0"">194</td><td class=""data_0_0""> 9/19 17:00</td><td class=""data_0_0"">242</td><td class=""data_0_0""> 9/19 20:00</td><td class=""data_0_0"">247</td><td class=""data_0_0""> 9/20 12:00</td><td class=""data_0_0"">250</td><td class=""data_0_0""> 9/21 12:00</td></tr>"
我孫子,0376,1992,124.0,11/21 08:00,124,False,True,data_0_0,mtx,"<tr class=""mtx"" style=""text-align:right;""><td style=""white-space:nowrap""><div class=""a_print""><a href=""monthly_a1.php?prec_no=45&amp;block_no=0376&amp;year=1992&amp;month=&amp;day=&amp;view=a5"">1992</a></div></td><td class=""data_0_0"">34</td><td class=""data_0_0""> 8/11 24:00</td><td class=""data_0_0"">61</td><td class=""data_0_0"">10/09 07:00</td><td class=""data_0_0"">94</td><td class=""data_0_0"">10/09 08:00</td><td class=""data_0_0"">122</td><td class=""data_0_0"">10/09 08:00</td><td class=""data_0_0"">124</td><td class=""data_0_0"">11/21 08:00</td><td class=""data_0_0"">136</td><td class=""data_0_0"">11/21 22:00</td><td class=""data_0_0"">136</td><td class=""data_0_0"">11/22 22:00</td></tr>"
我孫子,0376,1993,174.0,8/27 17:00,174,False,True,data_0_0,mtx,"<tr class=""mtx"" style=""text-align:right;""><td style=""white-space:nowrap""><div class=""a_print""><a href=""monthly_a1.php?prec_no=45&amp;block_no=0376&amp;year=1993&amp;month=&amp;day=&amp;view=a5"">1993</a></div></td><td class=""data_0_0"">35</td><td class=""data_0_0""> 6/21 13:00</td><td class=""data_0_0"">69</td><td class=""data_0_0""> 8/27 14:00</td><td class=""data_0_0"">116</td><td class=""data_0_0""> 8/27 14:00</td><td class=""data_0_0"">164</td><td class=""data_0_0""> 8/27 18:00</td><td class=""data_0_0"">174</td><td class=""data_0_0""> 8/27 17:00</td><td class=""data_0_0"">190</td><td class=""data_0_0""> 8/28 14:00</td><td class=""data_0_0"">190 ]</td><td class=""data_0_0""> 8/29 14:00</td></tr>"
我孫子,0376,1994,96.0,9/14 12:00,96,False,True,data_0_0,mtx,"<tr class=""mtx"" style=""text-align:right;""><td style=""white-space:nowrap""><div class=""a_print""><a href=""monthly_a1.php?prec_no=45&amp;block_no=0376&amp;year=1994&amp;month=&amp;day=&amp;view=a5"">1994</a></div></td><td class=""data_0_0"">21</td><td class=""data_0_0""> 8/19 11:00</td><td class=""data_0_0"">30</td><td class=""data_0_0""> 9/14 07:00</td><td class=""data_0_0"">55</td><td class=""data_0_0""> 9/14 08:00</td><td class=""data_0_0"">79</td><td class=""data_0_0""> 9/14 07:00</td><td class=""data_0_0"">96</td><td class=""data_0_0""> 9/14 12:00</td><td class=""data_0_0"">133</td><td class=""data_0_0""> 9/15 14:00</td><td class=""data_0_0"">146</td><td class=""data_0_0""> 9/16 19:00</td></tr>"
我孫子,0376,1995,159.0,9/17 14:00,159,False,True,data_0_0,mtx,"<tr class=""mtx"" style=""text-align:right;""><td style=""white-space:nowrap""><div class=""a_print""><a href=""monthly_a1.php?prec_no=45&amp;block_no=0376&amp;year=1995&amp;month=&amp;day=&amp;view=a5"">1995</a></div></td><td class=""data_0_0"">21</td><td class=""data_0_0""> 6/04 02:00</td><td class=""data_0_0"">41</td><td class=""data_0_0""> 9/17 12:00</td><td class=""data_0_0"">60</td><td class=""data_0_0""> 9/17 13:00</td><td class=""data_0_0"">95</td><td class=""data_0_0""> 9/17 13:00</td><td class=""data_0_0"">159</td><td class=""data_0_0""> 9/17 14:00</td><td class=""data_0_0"">184</td><td class=""data_0_0""> 9/18 06:00</td><td class=""data_0_0"">216</td><td class=""data_0_0""> 9/18 03:00</td></tr>"
我孫子,0376,1996,234.0,9/23 02:00,234,False,True,data_0_0,mtx,"<tr class=""mtx"" style=""text-align:right;""><td style=""white-space:nowrap""><div class=""a_print""><a href=""monthly_a1.php?prec_no=45&amp;block_no=0376&amp;year=1996&amp;month=&amp;day=&amp;view=a5"">1996</a></div></td><td class=""data_0_0"">30</td><td class=""data_0_0""> 9/22 15:00</td><td class=""data_0_0"">77</td><td class=""data_0_0""> 9/22 15:00</td><td class=""data_0_0"">140</td><td class=""data_0_0""> 9/22 16:00</td><td class=""data_0_0"">216</td><td class=""data_0_0""> 9/22 17:00</td><td class=""data_0_0"">234</td><td class=""data_0_0""> 9/23 02:00</td><td class=""data_0_0"">236</td><td class=""data_0_0""> 9/22 23:00</td><td class=""data_0_0"">236</td><td class=""data_0_0""> 9/23 23:00</td></tr>"
我孫子,0376,1997,85.0,6/21 02:00,85,False,True,data_0_0,mtx,"<tr class=""mtx"" style=""text-align:right;""><td style=""white-space:nowrap""><div class=""a_print""><a href=""monthly_a1.php?prec_no=45&amp;block_no=0376&amp;year=1997&amp;month=&amp;day=&amp;view=a5"">1997</a></div></td><td class=""data_0_0"">26</td><td class=""data_0_0""> 9/08 13:00</td><td class=""data_0_0"">48</td><td class=""data_0_0""> 9/08 15:00</td><td class=""data_0_0"">66</td><td class=""data_0_0""> 9/08 16:00</td><td class=""data_0_0"">84</td><td class=""data_0_0""> 6/20 16:00</td><td class=""data_0_0"">85</td><td class=""data_0_0""> 6/21 02:00</td><td class=""data_0_0"">101</td><td class=""data_0_0""> 6/20 19:00</td><td class=""data_0_0"">102</td><td class=""data_0_0""> 6/21 15:00</td></tr>"
我孫子,0376,1998,113.0,9/16 21:00,113,False,True,data_0_0,mtx,"<tr class=""mtx"" style=""text-align:right;""><td style=""white-space:nowrap""><div class=""a_print""><a href=""monthly_a1.php?prec_no=45&amp;block_no=0376&amp;year=1998&amp;month=&amp;day=&amp;view=a5"">1998</a></div></td><td class=""data_0_0"">41</td><td class=""data_0_0""> 9/15 24:00</td><td class=""data_0_0"">61</td><td class=""data_0_0""> 8/29 15:00</td><td class=""data_0_0"">87</td><td class=""data_0_0""> 9/16 05:00</td><td class=""data_0_0"">110</td><td class=""data_0_0""> 9/16 10:00</td><td class=""data_0_0"">113</td><td class=""data_0_0""> 9/16 21:00</td><td class=""data_0_0"">126</td><td class=""data_0_0""> 9/17 03:00</td><td class=""data_0_0"">141</td><td class=""data_0_0""> 8/31 01:00</td></tr>"
我孫子,0376,1999,135.0,7/14 04:00,135,False,True,data_0_0,mtx,"<tr class=""mtx"" style=""text-align:right;""><td style=""white-space:nowrap""><div class=""a_print""><a href=""monthly_a1.php?prec_no=45&amp;block_no=0376&amp;year=1999&amp;month=&amp;day=&amp;view=a5"">1999</a></div></td><td class=""data_0_0"">29</td><td class=""data_0_0""> 8/14 02:00</td><td class=""data_0_0"">57</td><td class=""data_0_0""> 8/14 04:00</td><td class=""data_0_0"">67</td><td class=""data_0_0""> 8/14 04:00</td><td class=""data_0_0"">90</td><td class=""data_0_0""> 8/14 13:00</td><td class=""data_0_0"">135</td><td class=""data_0_0""> 7/14 04:00</td><td class=""data_0_0"">151</td><td class=""data_0_0""> 7/14 23:00</td><td class=""data_0_0"">166</td><td class=""data_0_0""> 7/14 14:00</td></tr>"
我孫子,0376,2000,165.0,7/08 17:00,165,False,True,data_0_0,mtx,"<tr class=""mtx"" style=""text-align:right;""><td style=""white-space:nowrap""><div class=""a_print""><a href=""monthly_a1.php?prec_no=45&amp;block_no=0376&amp;year=2000&amp;month=&amp;day=&amp;view=a5"">2000</a></div></td><td class=""data_0_0"">27</td><td class=""data_0_0""> 9/11 07:00</td><td class=""data_0_0"">49</td><td class=""data_0_0""> 7/08 06:00</td><td class=""data_0_0"">81</td><td class=""data_0_0""> 7/08 09:00</td><td class=""data_0_0"">149</td><td class=""data_0_0""> 7/08 09:00</td><td class=""data_0_0"">165</td><td class=""data_0_0""> 7/08 17:00</td><td class=""data_0_0"">165</td><td class=""data_0_0""> 7/09 17:00</td><td class=""data_0_0"">166</td><td class=""data_0_0""> 7/10 17:00</td></tr>"
我孫子,0376,2001,164.0,10/11 04:00,164,False,True,data_0_0,mtx,"<tr class=""mtx"" style=""text-align:right;""><td style=""white-space:nowrap""><div class=""a_print""><a href=""monthly_a1.php?prec_no=45&amp;block_no=0376&amp;year=2001&amp;month=&amp;day=&amp;view=a5"">2001</a></div></td><td class=""data_0_0"">24</td><td class=""data_0_0"">10/10 17:00</td><td class=""data_0_0"">55</td><td class=""data_0_0"">10/10 19:00</td><td class=""data_0_0"">90</td><td class=""data_0_0"">10/10 21:00</td><td class=""data_0_0"">144</td><td class=""data_0_0"">10/10 22:00</td><td class=""data_0_0"">164</td><td class=""data_0_0"">10/11 04:00</td><td class=""data_0_0"">165</td><td class=""data_0_0"">10/10 24:00</td><td class=""data_0_0"">178</td><td class=""data_0_0"">10/11 11:00</td></tr>"
我孫子,0376,2002,69.0,9/07 01:00,69,False,True,data_0_0,mtx,"<tr class=""mtx"" style=""text-align:right;""><td style=""white-space:nowrap""><div class=""a_print""><a href=""monthly_a1.php?prec_no=45&amp;block_no=0376&amp;year=2002&amp;month=&amp;day=&amp;view=a5"">2002</a></div></td><td class=""data_0_0"">30</td><td class=""data_0_0""> 8/19 06:00</td><td class=""data_0_0"">46</td><td class=""data_0_0""> 8/19 06:00</td><td class=""data_0_0"">50</td><td class=""data_0_0""> 8/19 06:00</td><td class=""data_0_0"">55 ]</td><td class=""data_0_0""> 6/18 20:00</td><td class=""data_0_0"">69</td><td class=""data_0_0""> 9/07 01:00</td><td class=""data_0_0"">105</td><td class=""data_0_0""> 9/08 03:00</td><td class=""data_0_0"">110</td><td class=""data_0_0""> 9/09 01:00</td></tr>"
我孫子,0376,2003,155.0,8/15 14:20,155,False,True,data_1t_0,mtx,"<tr class=""mtx"" style=""text-align:right;""><td style=""white-space:nowrap""><div class=""a_print""><a href=""monthly_a1.php?prec_no=45&amp;block_no=0376&amp;year=2003&amp;month=&amp;day=&amp;view=a5"">2003</a></div></td><td class=""data_1t_0"">73</td><td class=""data_1t_0""> 8/05 17:00</td><td class=""data_1t_0"">96</td><td class=""data_1t_0""> 8/05 18:40</td><td class=""data_1t_0"">101</td><td class=""data_1t_0""> 8/05 21:40</td><td class=""data_1t_0"">120</td><td class=""data_1t_0""> 8/15 10:20</td><td class=""data_1t_0"">155</td><td class=""data_1t_0""> 8/15 14:20</td><td class=""data_1t_0"">187</td><td class=""data_1t_0""> 8/16 01:20</td><td class=""data_1t_0"">220</td><td class=""data_1t_0""> 8/17 01:50</td></tr>"
我孫子,0376,2004,201.0,10/09 19:00,201 ],False,False,data_0_0,mtx,"<tr class=""mtx"" style=""text-align:right;""><td style=""white-space:nowrap""><div class=""a_print""><a href=""monthly_a1.php?prec_no=45&amp;block_no=0376&amp;year=2004&amp;month=&amp;day=&amp;view=a5"">2004</a></div></td><td class=""data_0_0"">41</td><td class=""data_0_0"">10/09 18:20</td><td class=""data_0_0"">68</td><td class=""data_0_0"">10/09 19:00</td><td class=""data_0_0"">90</td><td class=""data_0_0"">10/20 22:50</td><td class=""data_0_0"">110 ]</td><td class=""data_0_0"">10/09 08:50</td><td class=""data_0_0"">201 ]</td><td class=""data_0_0"">10/09 19:00</td><td class=""data_0_0"">208 ]</td><td class=""data_0_0"">10/10 10:10</td><td class=""data_0_0"">212 ]</td><td class=""data_0_0"">10/11 13:50</td></tr>"
我孫子,0376,2005,126.0,8/26 05:30,126,False,True,data_0_0,mtx,"<tr class=""mtx"" style=""text-align:right;""><td style=""white-space:nowrap""><div class=""a_print""><a href=""monthly_a1.php?prec_no=45&amp;block_no=0376&amp;year=2005&amp;month=&amp;day=&amp;view=a5"">2005</a></div></td><td class=""data_0_0"">34 ]</td><td class=""data_0_0""> 8/25 20:30</td><td class=""data_0_0"">45 ]</td><td class=""data_0_0""> 8/25 20:20</td><td class=""data_0_0"">74 ]</td><td class=""data_0_0""> 8/26 01:30</td><td class=""data_0_0"">104</td><td class=""data_0_0""> 8/26 04:50</td><td class=""data_0_0"">126</td><td class=""data_0_0""> 8/26 05:30</td><td class=""data_0_0"">128</td><td class=""data_0_0""> 8/26 05:20</td><td class=""data_0_0"">138</td><td class=""data_0_0""> 8/26 11:10</td></tr>"
我孫子,0376,2006,179.0,12/27 05:50,179,False,True,data_0_0,mtx,"<tr class=""mtx"" style=""text-align:right;""><td style=""white-space:nowrap""><div class=""a_print""><a href=""monthly_a1.php?prec_no=45&amp;block_no=0376&amp;year=2006&amp;month=&amp;day=&amp;view=a5"">2006</a></div></td><td class=""data_0_0"">29</td><td class=""data_0_0""> 7/14 17:50</td><td class=""data_0_0"">45</td><td class=""data_0_0"">12/26 19:00</td><td class=""data_0_0"">84</td><td class=""data_0_0"">12/26 23:10</td><td class=""data_0_0"">159</td><td class=""data_0_0"">12/27 02:00</td><td class=""data_0_0"">179</td><td class=""data_0_0"">12/27 05:50</td><td class=""data_0_0"">179</td><td class=""data_0_0"">12/28 05:50</td><td class=""data_0_0"">179</td><td class=""data_0_0"">12/29 05:50</td></tr>"
我孫子,0376,2007,99.0,10/28 00:50,99,False,True,data_0_0,mtx,"<tr class=""mtx"" style=""text-align:right;""><td style=""white-space:nowrap""><div class=""a_print""><a href=""monthly_a1.php?prec_no=45&amp;block_no=0376&amp;year=2007&amp;month=&amp;day=&amp;view=a5"">2007</a></div></td><td class=""data_0_0"">57</td><td class=""data_0_0""> 6/10 12:30</td><td class=""data_0_0"">67</td><td class=""data_0_0""> 6/10 14:30</td><td class=""data_0_0"">68</td><td class=""data_0_0""> 6/10 17:20</td><td class=""data_0_0"">80</td><td class=""data_0_0"">10/27 21:10</td><td class=""data_0_0"">99</td><td class=""data_0_0"">10/28 00:50</td><td class=""data_0_0"">122</td><td class=""data_0_0"">10/28 11:00</td><td class=""data_0_0"">122</td><td class=""data_0_0"">10/29 11:00</td></tr>"
我孫子,0376,2008,150.5,8/31 01:10,150.5,False,True,data_0_0,mtx,"<tr class=""mtx"" style=""text-align:right;""><td style=""white-space:nowrap""><div class=""a_print""><a href=""monthly_a1.php?prec_no=45&amp;block_no=0376&amp;year=2008&amp;month=&amp;day=&amp;view=a5"">2008</a></div></td><td class=""data_0_0"">104.5</td><td class=""data_0_0""> 8/30 19:10</td><td class=""data_0_0"">123.0</td><td class=""data_0_0""> 8/30 20:30</td><td class=""data_0_0"">138.5</td><td class=""data_0_0""> 8/30 23:30</td><td class=""data_0_0"">145.0</td><td class=""data_0_0""> 8/31 05:30</td><td class=""data_0_0"">150.5</td><td class=""data_0_0""> 8/31 01:10</td><td class=""data_0_0"">162.5</td><td class=""data_0_0""> 8/31 01:20</td><td class=""data_0_0"">249.0</td><td class=""data_0_0""> 8/31 04:00</td></tr>"
我孫子,0376,2009,108.0,10/08 07:10,108.0,False,True,data_0_0,mtx,"<tr class=""mtx"" style=""text-align:right;""><td style=""white-space:nowrap""><div class=""a_print""><a href=""monthly_a1.php?prec_no=45&amp;block_no=0376&amp;year=2009&amp;month=&amp;day=&amp;view=a5"">2009</a></div></td><td class=""data_0_0"">31.5</td><td class=""data_0_0""> 7/23 08:10</td><td class=""data_0_0"">69.0</td><td class=""data_0_0"">10/08 04:50</td><td class=""data_0_0"">89.5</td><td class=""data_0_0"">10/08 06:20</td><td class=""data_0_0"">91.5</td><td class=""data_0_0"">10/08 09:00</td><td class=""data_0_0"">108.0</td><td class=""data_0_0"">10/08 07:10</td><td class=""data_0_0"">121.5</td><td class=""data_0_0"">10/08 06:30</td><td class=""data_0_0"">137.0</td><td class=""data_0_0"">10/08 10:20</td></tr>"
我孫子,0376,2010,120.0,9/28 13:00,120.0 ],True,False,data_2t_0,mtx,"<tr class=""mtx"" style=""text-align:right;""><td style=""white-space:nowrap""><div class=""a_print""><a href=""monthly_a1.php?prec_no=45&amp;block_no=0376&amp;year=2010&amp;month=&amp;day=&amp;view=a5"">2010</a></div></td><td class=""data_2t_0"">39.5 ]</td><td class=""data_2t_0""> 9/08 15:20</td><td class=""data_2t_0"">72.0 ]</td><td class=""data_2t_0""> 9/08 17:10</td><td class=""data_2t_0"">83.0 ]</td><td class=""data_2t_0""> 9/08 17:50</td><td class=""data_2t_0"">100.0 ]</td><td class=""data_2t_0""> 9/28 07:50</td><td class=""data_2t_0"">120.0 ]</td><td class=""data_2t_0""> 9/28 13:00</td><td class=""data_2t_0"">158.5 ]</td><td class=""data_2t_0""> 9/28 19:30</td><td class=""data_2t_0"">158.5 ]</td><td class=""data_2t_0""> 9/29 19:30</td></tr>"
我孫子,0376,2011,127.0,9/21 23:10,127.0,False,True,data_0_0,mtx,"<tr class=""mtx"" style=""text-align:right;""><td style=""white-space:nowrap""><div class=""a_print""><a href=""monthly_a1.php?prec_no=45&amp;block_no=0376&amp;year=2011&amp;month=&amp;day=&amp;view=a5"">2011</a></div></td><td class=""data_0_0"">31.5</td><td class=""data_0_0""> 7/19 09:50</td><td class=""data_0_0"">41.5</td><td class=""data_0_0""> 9/21 19:10</td><td class=""data_0_0"">58.0</td><td class=""data_0_0""> 2/18 08:00</td><td class=""data_0_0"">85.0</td><td class=""data_0_0""> 9/21 18:40</td><td class=""data_0_0"">127.0</td><td class=""data_0_0""> 9/21 23:10</td><td class=""data_0_0"">137.0</td><td class=""data_0_0""> 9/21 22:40</td><td class=""data_0_0"">139.5</td><td class=""data_0_0""> 9/23 02:00</td></tr>"
我孫子,0376,2012,71.5,6/20 13:30,71.5,False,True,data_0_0,mtx,"<tr class=""mtx"" style=""text-align:right;""><td style=""white-space:nowrap""><div class=""a_print""><a href=""monthly_a1.php?prec_no=45&amp;block_no=0376&amp;year=2012&amp;month=&amp;day=&amp;view=a5"">2012</a></div></td><td class=""data_0_0"">23.5</td><td class=""data_0_0""> 6/19 23:20</td><td class=""data_0_0"">53.5</td><td class=""data_0_0""> 6/19 23:30</td><td class=""data_0_0"">70.5</td><td class=""data_0_0""> 6/20 00:20</td><td class=""data_0_0"">71.5</td><td class=""data_0_0""> 6/20 01:30</td><td class=""data_0_0"">71.5</td><td class=""data_0_0""> 6/20 13:30</td><td class=""data_0_0"">71.5</td><td class=""data_0_0""> 6/21 13:30</td><td class=""data_0_0"">114.5</td><td class=""data_0_0""> 6/22 13:30</td></tr>"
我孫子,0376,2013,252.0,10/16 14:10,252.0,False,True,data_0_0,mtx,"<tr class=""mtx"" style=""text-align:right;""><td style=""white-space:nowrap""><div class=""a_print""><a href=""monthly_a1.php?prec_no=45&amp;block_no=0376&amp;year=2013&amp;month=&amp;day=&amp;view=a5"">2013</a></div></td><td class=""data_0_0"">48.0</td><td class=""data_0_0""> 8/20 23:40</td><td class=""data_0_0"">105.0</td><td class=""data_0_0"">10/16 06:10</td><td class=""data_0_0"">175.0</td><td class=""data_0_0"">10/16 06:30</td><td class=""data_0_0"">221.0</td><td class=""data_0_0"">10/16 07:00</td><td class=""data_0_0"">252.0</td><td class=""data_0_0"">10/16 14:10</td><td class=""data_0_0"">252.0</td><td class=""data_0_0"">10/17 14:10</td><td class=""data_0_0"">252.0</td><td class=""data_0_0"">10/18 14:10</td></tr>"
我孫子,0376,2014,201.0,10/06 11:30,201.0,False,True,data_0_0,mtx,"<tr class=""mtx"" style=""text-align:right;""><td style=""white-space:nowrap""><div class=""a_print""><a href=""monthly_a1.php?prec_no=45&amp;block_no=0376&amp;year=2014&amp;month=&amp;day=&amp;view=a5"">2014</a></div></td><td class=""data_0_0"">29.0</td><td class=""data_0_0"">10/06 10:00</td><td class=""data_0_0"">64.5</td><td class=""data_0_0"">10/06 11:10</td><td class=""data_0_0"">94.5</td><td class=""data_0_0"">10/06 11:50</td><td class=""data_0_0"">123.5</td><td class=""data_0_0"">10/06 11:50</td><td class=""data_0_0"">201.0</td><td class=""data_0_0"">10/06 11:30</td><td class=""data_0_0"">224.5</td><td class=""data_0_0"">10/07 04:30</td><td class=""data_0_0"">224.5</td><td class=""data_0_0"">10/08 04:30</td></tr>"
我孫子,0376,2015,149.5,9/10 11:20,149.5,False,True,data_0_0,mtx,"<tr class=""mtx"" style=""text-align:right;""><td style=""white-space:nowrap""><div class=""a_print""><a href=""monthly_a1.php?prec_no=45&amp;block_no=0376&amp;year=2015&amp;month=&amp;day=&amp;view=a5"">2015</a></div></td><td class=""data_0_0"">40.0</td><td class=""data_0_0"">10/02 05:50</td><td class=""data_0_0"">46.5</td><td class=""data_0_0""> 9/10 09:50</td><td class=""data_0_0"">86.5</td><td class=""data_0_0""> 9/10 10:00</td><td class=""data_0_0"">124.5</td><td class=""data_0_0""> 9/10 09:50</td><td class=""data_0_0"">149.5</td><td class=""data_0_0""> 9/10 11:20</td><td class=""data_0_0"">184.0</td><td class=""data_0_0""> 9/10 11:20</td><td class=""data_0_0"">205.0</td><td class=""data_0_0""> 9/10 14:00</td></tr>"
我孫子,0376,2016,102.5,9/20 21:00,102.5,False,True,data_0_0,mtx,"<tr class=""mtx"" style=""text-align:right;""><td style=""white-space:nowrap""><div class=""a_print""><a href=""monthly_a1.php?prec_no=45&amp;block_no=0376&amp;year=2016&amp;month=&amp;day=&amp;view=a5"">2016</a></div></td><td class=""data_0_0"">53.0</td><td class=""data_0_0""> 7/20 05:30</td><td class=""data_0_0"">61.5</td><td class=""data_0_0""> 7/20 07:20</td><td class=""data_0_0"">61.5</td><td class=""data_0_0""> 8/22 17:00</td><td class=""data_0_0"">82.5</td><td class=""data_0_0""> 8/22 19:20</td><td class=""data_0_0"">102.5</td><td class=""data_0_0""> 9/20 21:00</td><td class=""data_0_0"">110.0</td><td class=""data_0_0""> 9/21 04:10</td><td class=""data_0_0"">151.5</td><td class=""data_0_0""> 9/22 15:40</td></tr>"
我孫子,0376,2017,129.5,10/23 02:50,129.5,False,True,data_0_0,mtx,"<tr class=""mtx"" style=""text-align:right;""><td style=""white-space:nowrap""><div class=""a_print""><a href=""monthly_a1.php?prec_no=45&amp;block_no=0376&amp;year=2017&amp;month=&amp;day=&amp;view=a5"">2017</a></div></td><td class=""data_0_0"">29.5</td><td class=""data_0_0""> 8/07 21:10</td><td class=""data_0_0"">39.0</td><td class=""data_0_0""> 8/07 23:00</td><td class=""data_0_0"">56.0</td><td class=""data_0_0"">10/22 16:40</td><td class=""data_0_0"">89.0</td><td class=""data_0_0"">10/22 23:10</td><td class=""data_0_0"">129.5</td><td class=""data_0_0"">10/23 02:50</td><td class=""data_0_0"">152.0</td><td class=""data_0_0"">10/23 07:40</td><td class=""data_0_0"">158.0</td><td class=""data_0_0"">10/23 07:30</td></tr>"
我孫子,0376,2018,85.5,9/01 18:40,85.5,False,True,data_0_0,mtx,"<tr class=""mtx"" style=""text-align:right;""><td style=""white-space:nowrap""><div class=""a_print""><a href=""monthly_a1.php?prec_no=45&amp;block_no=0376&amp;year=2018&amp;month=&amp;day=&amp;view=a5"">2018</a></div></td><td class=""data_0_0"">38.0</td><td class=""data_0_0""> 8/31 19:40</td><td class=""data_0_0"">44.5</td><td class=""data_0_0""> 9/01 18:30</td><td class=""data_0_0"">58.5</td><td class=""data_0_0""> 9/01 21:20</td><td class=""data_0_0"">58.5</td><td class=""data_0_0""> 9/02 03:20</td><td class=""data_0_0"">85.5</td><td class=""data_0_0""> 9/01 18:40</td><td class=""data_0_0"">102.0</td><td class=""data_0_0""> 9/02 17:00</td><td class=""data_0_0"">102.5</td><td class=""data_0_0""> 9/03 17:00</td></tr>"
我孫子,0376,2019,193.5,10/25 22:30,193.5,False,True,data_0_0,mtx,"<tr class=""mtx"" style=""text-align:right;""><td style=""white-space:nowrap""><div class=""a_print""><a href=""monthly_a1.php?prec_no=45&amp;block_no=0376&amp;year=2019&amp;month=&amp;day=&amp;view=a5"">2019</a></div></td><td class=""data_0_0"">42.5</td><td class=""data_0_0"">10/25 14:40</td><td class=""data_0_0"">87.0</td><td class=""data_0_0"">10/25 16:00</td><td class=""data_0_0"">138.0</td><td class=""data_0_0"">10/25 16:00</td><td class=""data_0_0"">192.5</td><td class=""data_0_0"">10/25 16:50</td><td class=""data_0_0"">193.5</td><td class=""data_0_0"">10/25 22:30</td><td class=""data_0_0"">193.5</td><td class=""data_0_0"">10/26 22:30</td><td class=""data_0_0"">193.5</td><td class=""data_0_0"">10/27 22:30</td></tr>"
我孫子,0376,2020,78.5,1/29 05:00,78.5,False,True,data_0_0,mtx,"<tr class=""mtx"" style=""text-align:right;""><td style=""white-space:nowrap""><div class=""a_print""><a href=""monthly_a1.php?prec_no=45&amp;block_no=0376&amp;year=2020&amp;month=&amp;day=&amp;view=a5"">2020</a></div></td><td class=""data_0_0"">28.5</td><td class=""data_0_0""> 1/29 04:40</td><td class=""data_0_0"">42.5</td><td class=""data_0_0""> 1/29 04:40</td><td class=""data_0_0"">57.5</td><td class=""data_0_0""> 1/29 04:40</td><td class=""data_0_0"">76.5</td><td class=""data_0_0""> 4/18 15:50</td><td class=""data_0_0"">78.5</td><td class=""data_0_0""> 1/29 05:00</td><td class=""data_0_0"">85.0</td><td class=""data_0_0""> 1/29 21:40</td><td class=""data_0_0"">109.0</td><td class=""data_0_0"">10/10 22:10</td></tr>"
我孫子,0376,2021,138.5,8/15 11:10,138.5,False,True,data_0_0,mtx,"<tr class=""mtx"" style=""text-align:right;""><td style=""white-space:nowrap""><div class=""a_print""><a href=""monthly_a1.php?prec_no=45&amp;block_no=0376&amp;year=2021&amp;month=&amp;day=&amp;view=a5"">2021</a></div></td><td class=""data_0_0"">34.0</td><td class=""data_0_0""> 7/30 10:20</td><td class=""data_0_0"">42.5</td><td class=""data_0_0""> 8/15 01:30</td><td class=""data_0_0"">73.0</td><td class=""data_0_0""> 8/15 06:20</td><td class=""data_0_0"">104.5</td><td class=""data_0_0""> 8/15 07:30</td><td class=""data_0_0"">138.5</td><td class=""data_0_0""> 8/15 11:10</td><td class=""data_0_0"">201.0</td><td class=""data_0_0""> 8/15 20:50</td><td class=""data_0_0"">219.5</td><td class=""data_0_0""> 8/15 21:00</td></tr>"
我孫子,0376,2022,62.5,9/24 19:00,62.5,False,True,data_0_0,mtx,"<tr class=""mtx"" style=""text-align:right;""><td style=""white-space:nowrap""><div class=""a_print""><a href=""monthly_a1.php?prec_no=45&amp;block_no=0376&amp;year=2022&amp;month=&amp;day=&amp;view=a5"">2022</a></div></td><td class=""data_0_0"">47.0</td><td class=""data_0_0""> 9/24 03:10</td><td class=""data_0_0"">51.0</td><td class=""data_0_0""> 9/24 05:00</td><td class=""data_0_0"">54.0</td><td class=""data_0_0""> 9/24 07:30</td><td class=""data_0_0"">60.5</td><td class=""data_0_0""> 9/24 08:20</td><td class=""data_0_0"">62.5</td><td class=""data_0_0""> 9/24 19:00</td><td class=""data_0_0"">63.0</td><td class=""data_0_0""> 3/20 00:10</td><td class=""data_0_0"">75.0</td><td class=""data_0_0""> 7/15 19:50</td></tr>"
我孫子,0376,2023,225.0,6/03 10:00,225.0,False,True,data_0_0,mtx,"<tr class=""mtx"" style=""text-align:right;""><td style=""white-space:nowrap""><div class=""a_print""><a href=""monthly_a1.php?prec_no=45&amp;block_no=0376&amp;year=2023&amp;month=&amp;day=&amp;view=a5"">2023</a></div></td><td class=""data_0_0"">42.0</td><td class=""data_0_0""> 6/02 17:40</td><td class=""data_0_0"">55.5</td><td class=""data_0_0""> 6/03 02:50</td><td class=""data_0_0"">90.5</td><td class=""data_0_0""> 6/02 22:30</td><td class=""data_0_0"">161.5</td><td class=""data_0_0""> 6/03 04:40</td><td class=""data_0_0"">225.0</td><td class=""data_0_0""> 6/03 10:00</td><td class=""data_0_0"">256.5</td><td class=""data_0_0""> 6/04 01:10</td><td class=""data_0_0"">256.5</td><td class=""data_0_0""> 6/05 01:10</td></tr>"
我孫子,0376,2024,101.5,8/30 21:30,101.5,False,True,data_0_0,mtx,"<tr class=""mtx"" style=""text-align:right;""><td style=""white-space:nowrap""><div class=""a_print""><a href=""monthly_a1.php?prec_no=45&amp;block_no=0376&amp;year=2024&amp;month=&amp;day=&amp;view=a5"">2024</a></div></td><td class=""data_0_0"">25.5</td><td class=""data_0_0""> 8/30 00:50</td><td class=""data_0_0"">47.5</td><td class=""data_0_0""> 8/30 00:50</td><td class=""data_0_0"">60.0</td><td class=""data_0_0""> 8/30 03:50</td><td class=""data_0_0"">89.5</td><td class=""data_0_0""> 8/30 10:10</td><td class=""data_0_0"">101.5</td><td class=""data_0_0""> 8/30 21:30</td><td class=""data_0_0"">114.5</td><td class=""data_0_0""> 8/31 21:30</td><td class=""data_0_0"">120.5</td><td class=""data_0_0""> 9/01 21:50</td></tr>"
我孫子,0376,2025,85.0,9/05 19:00,85.0,False,True,data_0_0,mtx,"<tr class=""mtx"" style=""text-align:right;""><td style=""white-space:nowrap""><div class=""a_print""><a href=""monthly_a1.php?prec_no=45&amp;block_no=0376&amp;year=2025&amp;month=&amp;day=&amp;view=a5"">2025</a></div></td><td class=""data_0_0"">34.0</td><td class=""data_0_0""> 9/05 14:10</td><td class=""data_0_0"">48.5</td><td class=""data_0_0""> 9/05 15:50</td><td class=""data_0_0"">69.5</td><td class=""data_0_0""> 9/05 15:00</td><td class=""data_0_0"">81.5</td><td class=""data_0_0""> 9/05 16:20</td><td class=""data_0_0"">85.0</td><td class=""data_0_0""> 9/05 19:00</td><td class=""data_0_0"">107.5</td><td class=""data_0_0""> 9/06 11:50</td><td class=""data_0_0"">107.5</td><td class=""data_0_0""> 9/07 11:50</td></tr>"
東庄,0377,1976,74.0,3/01 11:00,74 ],False,False,data_0_0,mtx,"<tr class=""mtx"" style=""text-align:right;""><td style=""white-space:nowrap""><div class=""a_print""><a href=""monthly_a1.php?prec_no=45&amp;block_no=0377&amp;year=1976&amp;month=&amp;day=&amp;view=a5"">1976</a></div></td><td class=""data_0_0"">29 ]</td><td class=""data_0_0""> 2/29 14:00</td><td class=""data_0_0"">60 ]</td><td class=""data_0_0""> 2/29 15:00</td><td class=""data_0_0"">66 ]</td><td class=""data_0_0""> 2/29 18:00</td><td class=""data_0_0"">73 ]</td><td class=""data_0_0""> 2/29 23:00</td><td class=""data_0_0"">74 ]</td><td class=""data_0_0""> 3/01 11:00</td><td class=""data_0_0"">79 ]</td><td class=""data_0_0""> 3/01 09:00</td><td class=""data_0_0"">83 ]</td><td class=""data_0_0""> 3/03 11:00</td></tr>"
東庄,0377,1977,152.0,9/20 01:00,152 ],False,False,data_0_0,mtx,"<tr class=""mtx"" style=""text-align:right;""><td style=""white-space:nowrap""><div class=""a_print""><a href=""monthly_a1.php?prec_no=45&amp;block_no=0377&amp;year=1977&amp;month=&amp;day=&amp;view=a5"">1977</a></div></td><td class=""data_0_0"">21 ]</td><td class=""data_0_0""> 9/07 07:00</td><td class=""data_0_0"">45 ]</td><td class=""data_0_0""> 9/07 07:00</td><td class=""data_0_0"">77 ]</td><td class=""data_0_0""> 9/19 22:00</td><td class=""data_0_0"">96 ]</td><td class=""data_0_0""> 9/20 01:00</td><td class=""data_0_0"">152 ]</td><td class=""data_0_0""> 9/20 01:00</td><td class=""data_0_0"">152 ]</td><td class=""data_0_0""> 9/21 01:00</td><td class=""data_0_0"">152 ]</td><td class=""data_0_0""> 9/22 01:00</td></tr>"
東庄,0377,1978,58.0,9/30 24:00,58 ],False,False,data_0_0,mtx,"<tr class=""mtx"" style=""text-align:right;""><td style=""white-space:nowrap""><div class=""a_print""><a href=""monthly_a1.php?prec_no=45&amp;block_no=0377&amp;year=1978&amp;month=&amp;day=&amp;view=a5"">1978</a></div></td><td class=""data_0_0"">23</td><td class=""data_0_0""> 9/16 01:00</td><td class=""data_0_0"">38 ]</td><td class=""data_0_0""> 9/30 12:00</td><td class=""data_0_0"">43 ]</td><td class=""data_0_0""> 4/03 11:00</td><td class=""data_0_0"">58 ]</td><td class=""data_0_0""> 9/30 12:00</td><td class=""data_0_0"">58 ]</td><td class=""data_0_0""> 9/30 24:00</td><td class=""data_0_0"">67 ]</td><td class=""data_0_0""> 9/30 16:00</td><td class=""data_0_0"">67 ]</td><td class=""data_0_0"">10/01 16:00</td></tr>"
東庄,0377,1979,114.0,10/07 17:00,114,False,True,data_0_0,mtx,"<tr class=""mtx"" style=""text-align:right;""><td style=""white-space:nowrap""><div class=""a_print""><a href=""monthly_a1.php?prec_no=45&amp;block_no=0377&amp;year=1979&amp;month=&amp;day=&amp;view=a5"">1979</a></div></td><td class=""data_0_0"">30</td><td class=""data_0_0""> 8/04 03:00</td><td class=""data_0_0"">48</td><td class=""data_0_0""> 8/04 04:00</td><td class=""data_0_0"">73</td><td class=""data_0_0"">10/07 14:00</td><td class=""data_0_0"">100</td><td class=""data_0_0"">10/07 17:00</td><td class=""data_0_0"">114</td><td class=""data_0_0"">10/07 17:00</td><td class=""data_0_0"">137</td><td class=""data_0_0"">10/08 01:00</td><td class=""data_0_0"">140</td><td class=""data_0_0"">10/08 22:00</td></tr>"
東庄,0377,1980,99.0,9/10 11:00,99 ],False,False,data_0_0,mtx,"<tr class=""mtx"" style=""text-align:right;""><td style=""white-space:nowrap""><div class=""a_print""><a href=""monthly_a1.php?prec_no=45&amp;block_no=0377&amp;year=1980&amp;month=&amp;day=&amp;view=a5"">1980</a></div></td><td class=""data_0_0"">39</td><td class=""data_0_0""> 9/10 09:00</td><td class=""data_0_0"">79 ]</td><td class=""data_0_0""> 9/10 10:00</td><td class=""data_0_0"">88 ]</td><td class=""data_0_0""> 9/10 10:00</td><td class=""data_0_0"">97 ]</td><td class=""data_0_0""> 9/10 13:00</td><td class=""data_0_0"">99 ]</td><td class=""data_0_0""> 9/10 11:00</td><td class=""data_0_0"">119 ]</td><td class=""data_0_0""> 9/10 10:00</td><td class=""data_0_0"">120 ]</td><td class=""data_0_0""> 9/11 10:00</td></tr>"
東庄,0377,1981,78.0,10/23 08:00,78 ],False,False,data_0_0,mtx,"<tr class=""mtx"" style=""text-align:right;""><td style=""white-space:nowrap""><div class=""a_print""><a href=""monthly_a1.php?prec_no=45&amp;block_no=0377&amp;year=1981&amp;month=&amp;day=&amp;view=a5"">1981</a></div></td><td class=""data_0_0"">19 ]</td><td class=""data_0_0""> 5/18 02:00</td><td class=""data_0_0"">36 ]</td><td class=""data_0_0""> 8/23 09:00</td><td class=""data_0_0"">50 ]</td><td class=""data_0_0""> 8/23 09:00</td><td class=""data_0_0"">69 ]</td><td class=""data_0_0"">10/23 02:00</td><td class=""data_0_0"">78 ]</td><td class=""data_0_0"">10/23 08:00</td><td class=""data_0_0"">78 ]</td><td class=""data_0_0"">10/24 08:00</td><td class=""data_0_0"">78 ]</td><td class=""data_0_0"">10/25 08:00</td></tr>"
東庄,0377,1982,127.0,9/11 12:00,127 ],False,False,data_0_0,mtx,"<tr class=""mtx"" style=""text-align:right;""><td style=""white-space:nowrap""><div class=""a_print""><a href=""monthly_a1.php?prec_no=45&amp;block_no=0377&amp;year=1982&amp;month=&amp;day=&amp;view=a5"">1982</a></div></td><td class=""data_0_0"">28 ]</td><td class=""data_0_0""> 9/10 15:00</td><td class=""data_0_0"">53 ]</td><td class=""data_0_0""> 9/11 01:00</td><td class=""data_0_0"">79 ]</td><td class=""data_0_0""> 9/11 01:00</td><td class=""data_0_0"">124 ]</td><td class=""data_0_0""> 9/11 01:00</td><td class=""data_0_0"">127 ]</td><td class=""data_0_0""> 9/11 12:00</td><td class=""data_0_0"">174 ]</td><td class=""data_0_0""> 9/12 13:00</td><td class=""data_0_0"">193 ]</td><td class=""data_0_0""> 9/13 12:00</td></tr>"
東庄,0377,1983,88.0,6/21 16:00,88,False,True,data_0_0,mtx,"<tr class=""mtx"" style=""text-align:right;""><td style=""white-space:nowrap""><div class=""a_print""><a href=""monthly_a1.php?prec_no=45&amp;block_no=0377&amp;year=1983&amp;month=&amp;day=&amp;view=a5"">1983</a></div></td><td class=""data_0_0"">31</td><td class=""data_0_0""> 9/01 13:00</td><td class=""data_0_0"">52</td><td class=""data_0_0""> 8/15 08:00</td><td class=""data_0_0"">69</td><td class=""data_0_0""> 8/15 11:00</td><td class=""data_0_0"">77</td><td class=""data_0_0""> 8/15 15:00</td><td class=""data_0_0"">88</td><td class=""data_0_0""> 6/21 16:00</td><td class=""data_0_0"">108</td><td class=""data_0_0""> 8/17 03:00</td><td class=""data_0_0"">142</td><td class=""data_0_0""> 8/18 04:00</td></tr>"
東庄,0377,1984,79.0,6/23 21:00,79,False,True,data_0_0,mtx,"<tr class=""mtx"" style=""text-align:right;""><td style=""white-space:nowrap""><div class=""a_print""><a href=""monthly_a1.php?prec_no=45&amp;block_no=0377&amp;year=1984&amp;month=&amp;day=&amp;view=a5"">1984</a></div></td><td class=""data_0_0"">12</td><td class=""data_0_0""> 6/23 08:00</td><td class=""data_0_0"">27</td><td class=""data_0_0""> 6/29 10:00</td><td class=""data_0_0"">47</td><td class=""data_0_0""> 6/29 10:00</td><td class=""data_0_0"">75</td><td class=""data_0_0""> 6/23 11:00</td><td class=""data_0_0"">79</td><td class=""data_0_0""> 6/23 21:00</td><td class=""data_0_0"">80</td><td class=""data_0_0""> 6/24 06:00</td><td class=""data_0_0"">83</td><td class=""data_0_0""> 6/25 21:00</td></tr>"
東庄,0377,1985,115.0,6/30 22:00,115,False,True,data_0_0,mtx,"<tr class=""mtx"" style=""text-align:right;""><td style=""white-space:nowrap""><div class=""a_print""><a href=""monthly_a1.php?prec_no=45&amp;block_no=0377&amp;year=1985&amp;month=&amp;day=&amp;view=a5"">1985</a></div></td><td class=""data_0_0"">22</td><td class=""data_0_0""> 8/30 22:00</td><td class=""data_0_0"">48</td><td class=""data_0_0""> 6/30 15:00</td><td class=""data_0_0"">78</td><td class=""data_0_0""> 6/30 15:00</td><td class=""data_0_0"">95</td><td class=""data_0_0""> 6/30 17:00</td><td class=""data_0_0"">115</td><td class=""data_0_0""> 6/30 22:00</td><td class=""data_0_0"">136</td><td class=""data_0_0""> 7/01 22:00</td><td class=""data_0_0"">170</td><td class=""data_0_0""> 7/01 06:00</td></tr>"
東庄,0377,1986,199.0,8/05 08:00,199,False,True,data_0_0,mtx,"<tr class=""mtx"" style=""text-align:right;""><td style=""white-space:nowrap""><div class=""a_print""><a href=""monthly_a1.php?prec_no=45&amp;block_no=0377&amp;year=1986&amp;month=&amp;day=&amp;view=a5"">1986</a></div></td><td class=""data_0_0"">31</td><td class=""data_0_0""> 9/13 22:00</td><td class=""data_0_0"">50</td><td class=""data_0_0""> 8/04 17:00</td><td class=""data_0_0"">87</td><td class=""data_0_0""> 8/04 17:00</td><td class=""data_0_0"">141</td><td class=""data_0_0""> 8/04 22:00</td><td class=""data_0_0"">199</td><td class=""data_0_0""> 8/05 08:00</td><td class=""data_0_0"">200</td><td class=""data_0_0""> 8/06 02:00</td><td class=""data_0_0"">200</td><td class=""data_0_0""> 8/07 02:00</td></tr>"
東庄,0377,1987,100.0,8/08 08:00,100,False,True,data_0_0,mtx,"<tr class=""mtx"" style=""text-align:right;""><td style=""white-space:nowrap""><div class=""a_print""><a href=""monthly_a1.php?prec_no=45&amp;block_no=0377&amp;year=1987&amp;month=&amp;day=&amp;view=a5"">1987</a></div></td><td class=""data_0_0"">35</td><td class=""data_0_0""> 8/07 19:00</td><td class=""data_0_0"">56</td><td class=""data_0_0""> 8/07 20:00</td><td class=""data_0_0"">86</td><td class=""data_0_0""> 8/07 24:00</td><td class=""data_0_0"">98</td><td class=""data_0_0""> 8/08 05:00</td><td class=""data_0_0"">100</td><td class=""data_0_0""> 8/08 08:00</td><td class=""data_0_0"">112</td><td class=""data_0_0""> 9/05 09:00</td><td class=""data_0_0"">112</td><td class=""data_0_0""> 9/06 09:00</td></tr>"
東庄,0377,1988,127.0,8/11 21:00,127,False,True,data_0_0,mtx,"<tr class=""mtx"" style=""text-align:right;""><td style=""white-space:nowrap""><div class=""a_print""><a href=""monthly_a1.php?prec_no=45&amp;block_no=0377&amp;year=1988&amp;month=&amp;day=&amp;view=a5"">1988</a></div></td><td class=""data_0_0"">27</td><td class=""data_0_0""> 8/30 07:00</td><td class=""data_0_0"">76</td><td class=""data_0_0""> 8/30 09:00</td><td class=""data_0_0"">85</td><td class=""data_0_0""> 8/30 09:00</td><td class=""data_0_0"">92</td><td class=""data_0_0""> 8/30 15:00</td><td class=""data_0_0"">127</td><td class=""data_0_0""> 8/11 21:00</td><td class=""data_0_0"">170</td><td class=""data_0_0""> 8/12 18:00</td><td class=""data_0_0"">174</td><td class=""data_0_0""> 8/13 04:00</td></tr>"
東庄,0377,1989,142.0,8/01 22:00,142,False,True,data_0_0,mtx,"<tr class=""mtx"" style=""text-align:right;""><td style=""white-space:nowrap""><div class=""a_print""><a href=""monthly_a1.php?prec_no=45&amp;block_no=0377&amp;year=1989&amp;month=&amp;day=&amp;view=a5"">1989</a></div></td><td class=""data_0_0"">30 ]</td><td class=""data_0_0""> 8/27 14:00</td><td class=""data_0_0"">61 ]</td><td class=""data_0_0""> 8/01 13:00</td><td class=""data_0_0"">87</td><td class=""data_0_0""> 8/01 15:00</td><td class=""data_0_0"">117</td><td class=""data_0_0""> 8/01 15:00</td><td class=""data_0_0"">142</td><td class=""data_0_0""> 8/01 22:00</td><td class=""data_0_0"">144</td><td class=""data_0_0""> 8/02 06:00</td><td class=""data_0_0"">145</td><td class=""data_0_0""> 8/02 08:00</td></tr>"
東庄,0377,1990,66.0,10/01 07:00,66,False,True,data_0_0,mtx,"<tr class=""mtx"" style=""text-align:right;""><td style=""white-space:nowrap""><div class=""a_print""><a href=""monthly_a1.php?prec_no=45&amp;block_no=0377&amp;year=1990&amp;month=&amp;day=&amp;view=a5"">1990</a></div></td><td class=""data_0_0"">19</td><td class=""data_0_0""> 8/10 13:00</td><td class=""data_0_0"">35</td><td class=""data_0_0"">10/08 08:00</td><td class=""data_0_0"">53</td><td class=""data_0_0"">10/08 10:00</td><td class=""data_0_0"">62</td><td class=""data_0_0""> 9/30 21:00</td><td class=""data_0_0"">66</td><td class=""data_0_0"">10/01 07:00</td><td class=""data_0_0"">100</td><td class=""data_0_0"">11/30 21:00</td><td class=""data_0_0"">135</td><td class=""data_0_0"">11/30 23:00</td></tr>"
東庄,0377,1991,162.0,9/19 23:00,162,False,True,data_0_0,mtx,"<tr class=""mtx"" style=""text-align:right;""><td style=""white-space:nowrap""><div class=""a_print""><a href=""monthly_a1.php?prec_no=45&amp;block_no=0377&amp;year=1991&amp;month=&amp;day=&amp;view=a5"">1991</a></div></td><td class=""data_0_0"">29</td><td class=""data_0_0""> 9/19 18:00</td><td class=""data_0_0"">57 ]</td><td class=""data_0_0""> 9/19 20:00</td><td class=""data_0_0"">95</td><td class=""data_0_0""> 9/19 20:00</td><td class=""data_0_0"">116</td><td class=""data_0_0""> 9/19 21:00</td><td class=""data_0_0"">162</td><td class=""data_0_0""> 9/19 23:00</td><td class=""data_0_0"">177</td><td class=""data_0_0"">10/13 12:00</td><td class=""data_0_0"">204</td><td class=""data_0_0"">10/13 23:00</td></tr>"
東庄,0377,1992,113.0,10/20 15:00,113,False,True,data_0_0,mtx,"<tr class=""mtx"" style=""text-align:right;""><td style=""white-space:nowrap""><div class=""a_print""><a href=""monthly_a1.php?prec_no=45&amp;block_no=0377&amp;year=1992&amp;month=&amp;day=&amp;view=a5"">1992</a></div></td><td class=""data_0_0"">21</td><td class=""data_0_0""> 8/01 22:00</td><td class=""data_0_0"">46</td><td class=""data_0_0""> 9/30 10:00</td><td class=""data_0_0"">69</td><td class=""data_0_0""> 9/30 11:00</td><td class=""data_0_0"">83</td><td class=""data_0_0"">10/20 14:00</td><td class=""data_0_0"">113</td><td class=""data_0_0"">10/20 15:00</td><td class=""data_0_0"">122</td><td class=""data_0_0"">10/21 14:00</td><td class=""data_0_0"">122</td><td class=""data_0_0"">10/22 14:00</td></tr>"
東庄,0377,1993,97.0,8/27 16:00,97,False,True,data_0_0,mtx,"<tr class=""mtx"" style=""text-align:right;""><td style=""white-space:nowrap""><div class=""a_print""><a href=""monthly_a1.php?prec_no=45&amp;block_no=0377&amp;year=1993&amp;month=&amp;day=&amp;view=a5"">1993</a></div></td><td class=""data_0_0"">22</td><td class=""data_0_0""> 7/15 03:00</td><td class=""data_0_0"">45</td><td class=""data_0_0""> 7/05 12:00</td><td class=""data_0_0"">66</td><td class=""data_0_0""> 7/05 12:00</td><td class=""data_0_0"">86</td><td class=""data_0_0""> 8/27 17:00</td><td class=""data_0_0"">97</td><td class=""data_0_0""> 8/27 16:00</td><td class=""data_0_0"">108</td><td class=""data_0_0""> 8/28 12:00</td><td class=""data_0_0"">113 ]</td><td class=""data_0_0""> 1/27 04:00</td></tr>"
東庄,0377,1994,105.0,3/24 02:00,105,False,True,data_0_0,mtx,"<tr class=""mtx"" style=""text-align:right;""><td style=""white-space:nowrap""><div class=""a_print""><a href=""monthly_a1.php?prec_no=45&amp;block_no=0377&amp;year=1994&amp;month=&amp;day=&amp;view=a5"">1994</a></div></td><td class=""data_0_0"">20</td><td class=""data_0_0""> 8/21 08:00</td><td class=""data_0_0"">35</td><td class=""data_0_0""> 2/21 14:00</td><td class=""data_0_0"">49</td><td class=""data_0_0""> 3/24 01:00</td><td class=""data_0_0"">71</td><td class=""data_0_0""> 3/24 02:00</td><td class=""data_0_0"">105</td><td class=""data_0_0""> 3/24 02:00</td><td class=""data_0_0"">128</td><td class=""data_0_0""> 9/15 15:00</td><td class=""data_0_0"">130</td><td class=""data_0_0""> 9/16 10:00</td></tr>"
東庄,0377,1995,260.0,9/17 15:00,260,False,True,data_0_0,mtx,"<tr class=""mtx"" style=""text-align:right;""><td style=""white-space:nowrap""><div class=""a_print""><a href=""monthly_a1.php?prec_no=45&amp;block_no=0377&amp;year=1995&amp;month=&amp;day=&amp;view=a5"">1995</a></div></td><td class=""data_0_0"">34</td><td class=""data_0_0""> 9/17 11:00</td><td class=""data_0_0"">85</td><td class=""data_0_0""> 9/17 12:00</td><td class=""data_0_0"">120</td><td class=""data_0_0""> 9/17 13:00</td><td class=""data_0_0"">182</td><td class=""data_0_0""> 9/17 13:00</td><td class=""data_0_0"">260</td><td class=""data_0_0""> 9/17 15:00</td><td class=""data_0_0"">297</td><td class=""data_0_0""> 9/18 05:00</td><td class=""data_0_0"">306</td><td class=""data_0_0""> 9/17 24:00</td></tr>"
東庄,0377,1996,277.0,9/23 01:00,277,False,True,data_0_0,mtx,"<tr class=""mtx"" style=""text-align:right;""><td style=""white-space:nowrap""><div class=""a_print""><a href=""monthly_a1.php?prec_no=45&amp;block_no=0377&amp;year=1996&amp;month=&amp;day=&amp;view=a5"">1996</a></div></td><td class=""data_0_0"">51</td><td class=""data_0_0""> 9/22 16:00</td><td class=""data_0_0"">114</td><td class=""data_0_0""> 9/22 16:00</td><td class=""data_0_0"">165</td><td class=""data_0_0""> 9/22 16:00</td><td class=""data_0_0"">255</td><td class=""data_0_0""> 9/22 17:00</td><td class=""data_0_0"">277</td><td class=""data_0_0""> 9/23 01:00</td><td class=""data_0_0"">284</td><td class=""data_0_0""> 9/22 23:00</td><td class=""data_0_0"">284</td><td class=""data_0_0""> 9/23 23:00</td></tr>"
東庄,0377,1997,85.0,5/25 06:00,85,False,True,data_0_0,mtx,"<tr class=""mtx"" style=""text-align:right;""><td style=""white-space:nowrap""><div class=""a_print""><a href=""monthly_a1.php?prec_no=45&amp;block_no=0377&amp;year=1997&amp;month=&amp;day=&amp;view=a5"">1997</a></div></td><td class=""data_0_0"">57</td><td class=""data_0_0""> 8/26 03:00</td><td class=""data_0_0"">71</td><td class=""data_0_0""> 8/26 04:00</td><td class=""data_0_0"">71</td><td class=""data_0_0""> 8/26 07:00</td><td class=""data_0_0"">75</td><td class=""data_0_0""> 5/25 07:00</td><td class=""data_0_0"">85</td><td class=""data_0_0""> 5/25 06:00</td><td class=""data_0_0"">92</td><td class=""data_0_0""> 5/25 24:00</td><td class=""data_0_0"">96</td><td class=""data_0_0""> 5/25 06:00</td></tr>"
東庄,0377,1998,68.0,7/24 20:00,68,False,True,data_0_0,mtx,"<tr class=""mtx"" style=""text-align:right;""><td style=""white-space:nowrap""><div class=""a_print""><a href=""monthly_a1.php?prec_no=45&amp;block_no=0377&amp;year=1998&amp;month=&amp;day=&amp;view=a5"">1998</a></div></td><td class=""data_0_0"">26</td><td class=""data_0_0""> 7/24 07:00</td><td class=""data_0_0"">51</td><td class=""data_0_0""> 7/24 08:00</td><td class=""data_0_0"">57</td><td class=""data_0_0""> 7/24 10:00</td><td class=""data_0_0"">65</td><td class=""data_0_0""> 7/24 10:00</td><td class=""data_0_0"">68</td><td class=""data_0_0""> 7/24 20:00</td><td class=""data_0_0"">124</td><td class=""data_0_0""> 7/24 11:00</td><td class=""data_0_0"">128</td><td class=""data_0_0""> 7/25 04:00</td></tr>"
東庄,0377,1999,137.0,10/28 11:00,137,False,True,data_0_0,mtx,"<tr class=""mtx"" style=""text-align:right;""><td style=""white-space:nowrap""><div class=""a_print""><a href=""monthly_a1.php?prec_no=45&amp;block_no=0377&amp;year=1999&amp;month=&amp;day=&amp;view=a5"">1999</a></div></td><td class=""data_0_0"">63</td><td class=""data_0_0"">10/27 19:00</td><td class=""data_0_0"">74</td><td class=""data_0_0"">10/27 19:00</td><td class=""data_0_0"">118</td><td class=""data_0_0"">10/27 23:00</td><td class=""data_0_0"">137</td><td class=""data_0_0"">10/27 23:00</td><td class=""data_0_0"">137</td><td class=""data_0_0"">10/28 11:00</td><td class=""data_0_0"">137</td><td class=""data_0_0"">10/29 11:00</td><td class=""data_0_0"">137</td><td class=""data_0_0"">10/30 11:00</td></tr>"
東庄,0377,2000,154.0,9/24 17:00,154,False,True,data_0_0,mtx,"<tr class=""mtx"" style=""text-align:right;""><td style=""white-space:nowrap""><div class=""a_print""><a href=""monthly_a1.php?prec_no=45&amp;block_no=0377&amp;year=2000&amp;month=&amp;day=&amp;view=a5"">2000</a></div></td><td class=""data_0_0"">41</td><td class=""data_0_0""> 9/24 06:00</td><td class=""data_0_0"">104</td><td class=""data_0_0""> 9/24 08:00</td><td class=""data_0_0"">150</td><td class=""data_0_0""> 9/24 08:00</td><td class=""data_0_0"">152</td><td class=""data_0_0""> 9/24 09:00</td><td class=""data_0_0"">154</td><td class=""data_0_0""> 9/24 17:00</td><td class=""data_0_0"">154</td><td class=""data_0_0""> 9/25 17:00</td><td class=""data_0_0"">154</td><td class=""data_0_0""> 9/26 17:00</td></tr>"
東庄,0377,2001,147.0,10/11 01:00,147,False,True,data_0_0,mtx,"<tr class=""mtx"" style=""text-align:right;""><td style=""white-space:nowrap""><div class=""a_print""><a href=""monthly_a1.php?prec_no=45&amp;block_no=0377&amp;year=2001&amp;month=&amp;day=&amp;view=a5"">2001</a></div></td><td class=""data_0_0"">22</td><td class=""data_0_0""> 6/10 20:00</td><td class=""data_0_0"">39</td><td class=""data_0_0"">10/10 17:00</td><td class=""data_0_0"">74</td><td class=""data_0_0"">10/10 20:00</td><td class=""data_0_0"">121</td><td class=""data_0_0"">10/10 23:00</td><td class=""data_0_0"">147</td><td class=""data_0_0"">10/11 01:00</td><td class=""data_0_0"">148</td><td class=""data_0_0"">10/12 01:00</td><td class=""data_0_0"">166</td><td class=""data_0_0"">10/11 09:00</td></tr>"
東庄,0377,2002,79.0,1/27 19:00,79,False,True,data_0_0,mtx,"<tr class=""mtx"" style=""text-align:right;""><td style=""white-space:nowrap""><div class=""a_print""><a href=""monthly_a1.php?prec_no=45&amp;block_no=0377&amp;year=2002&amp;month=&amp;day=&amp;view=a5"">2002</a></div></td><td class=""data_0_0"">24</td><td class=""data_0_0""> 1/27 08:00</td><td class=""data_0_0"">48</td><td class=""data_0_0""> 1/21 19:00</td><td class=""data_0_0"">58</td><td class=""data_0_0""> 1/27 08:00</td><td class=""data_0_0"">77</td><td class=""data_0_0""> 1/27 09:00</td><td class=""data_0_0"">79</td><td class=""data_0_0""> 1/27 19:00</td><td class=""data_0_0"">84</td><td class=""data_0_0"">10/02 12:00</td><td class=""data_0_0"">91</td><td class=""data_0_0"">10/01 07:00</td></tr>"
東庄,0377,2003,111.0,11/30 10:50,111,False,True,data_1t_0,mtx,"<tr class=""mtx"" style=""text-align:right;""><td style=""white-space:nowrap""><div class=""a_print""><a href=""monthly_a1.php?prec_no=45&amp;block_no=0377&amp;year=2003&amp;month=&amp;day=&amp;view=a5"">2003</a></div></td><td class=""data_1t_0"">38</td><td class=""data_1t_0"">11/25 17:30</td><td class=""data_1t_0"">58</td><td class=""data_1t_0"">11/25 18:10</td><td class=""data_1t_0"">70</td><td class=""data_1t_0"">11/25 17:50</td><td class=""data_1t_0"">79</td><td class=""data_1t_0"">11/25 22:10</td><td class=""data_1t_0"">111</td><td class=""data_1t_0"">11/30 10:50</td><td class=""data_1t_0"">145</td><td class=""data_1t_0""> 8/16 11:30</td><td class=""data_1t_0"">158</td><td class=""data_1t_0""> 8/17 08:30</td></tr>"
東庄,0377,2004,232.0,10/09 18:20,232,False,True,data_0_0,mtx,"<tr class=""mtx"" style=""text-align:right;""><td style=""white-space:nowrap""><div class=""a_print""><a href=""monthly_a1.php?prec_no=45&amp;block_no=0377&amp;year=2004&amp;month=&amp;day=&amp;view=a5"">2004</a></div></td><td class=""data_0_0"">54</td><td class=""data_0_0"">10/09 03:50</td><td class=""data_0_0"">90</td><td class=""data_0_0"">10/09 05:50</td><td class=""data_0_0"">138</td><td class=""data_0_0"">10/09 05:20</td><td class=""data_0_0"">174</td><td class=""data_0_0"">10/09 08:20</td><td class=""data_0_0"">232</td><td class=""data_0_0"">10/09 18:20</td><td class=""data_0_0"">235</td><td class=""data_0_0"">10/10 15:30</td><td class=""data_0_0"">240</td><td class=""data_0_0"">10/11 14:10</td></tr>"
東庄,0377,2005,138.0,1/16 16:20,138,False,True,data_0_0,mtx,"<tr class=""mtx"" style=""text-align:right;""><td style=""white-space:nowrap""><div class=""a_print""><a href=""monthly_a1.php?prec_no=45&amp;block_no=0377&amp;year=2005&amp;month=&amp;day=&amp;view=a5"">2005</a></div></td><td class=""data_0_0"">33</td><td class=""data_0_0""> 9/05 01:40</td><td class=""data_0_0"">43</td><td class=""data_0_0""> 9/05 03:30</td><td class=""data_0_0"">63</td><td class=""data_0_0""> 8/26 07:20</td><td class=""data_0_0"">92</td><td class=""data_0_0""> 1/16 08:40</td><td class=""data_0_0"">138</td><td class=""data_0_0""> 1/16 16:20</td><td class=""data_0_0"">151</td><td class=""data_0_0""> 1/17 10:20</td><td class=""data_0_0"">151</td><td class=""data_0_0""> 1/18 10:20</td></tr>"
東庄,0377,2006,149.0,12/27 10:30,149,False,True,data_0_0,mtx,"<tr class=""mtx"" style=""text-align:right;""><td style=""white-space:nowrap""><div class=""a_print""><a href=""monthly_a1.php?prec_no=45&amp;block_no=0377&amp;year=2006&amp;month=&amp;day=&amp;view=a5"">2006</a></div></td><td class=""data_0_0"">39</td><td class=""data_0_0"">10/24 10:40</td><td class=""data_0_0"">55</td><td class=""data_0_0"">12/27 02:30</td><td class=""data_0_0"">85</td><td class=""data_0_0"">12/27 02:30</td><td class=""data_0_0"">130</td><td class=""data_0_0"">12/27 02:30</td><td class=""data_0_0"">149</td><td class=""data_0_0"">12/27 10:30</td><td class=""data_0_0"">155</td><td class=""data_0_0"">10/25 00:10</td><td class=""data_0_0"">161</td><td class=""data_0_0"">10/25 22:10</td></tr>"
東庄,0377,2007,189.0,7/15 13:40,189 ],False,False,data_0_0,mtx,"<tr class=""mtx"" style=""text-align:right;""><td style=""white-space:nowrap""><div class=""a_print""><a href=""monthly_a1.php?prec_no=45&amp;block_no=0377&amp;year=2007&amp;month=&amp;day=&amp;view=a5"">2007</a></div></td><td class=""data_0_0"">49 ]</td><td class=""data_0_0""> 7/15 03:20</td><td class=""data_0_0"">101 ]</td><td class=""data_0_0""> 7/15 04:20</td><td class=""data_0_0"">118 ]</td><td class=""data_0_0""> 7/15 04:50</td><td class=""data_0_0"">157 ]</td><td class=""data_0_0""> 7/15 05:10</td><td class=""data_0_0"">189 ]</td><td class=""data_0_0""> 7/15 13:40</td><td class=""data_0_0"">197 ]</td><td class=""data_0_0""> 7/16 03:30</td><td class=""data_0_0"">197 ]</td><td class=""data_0_0""> 7/17 03:30</td></tr>"
東庄,0377,2008,102.5,9/20 14:50,102.5,False,True,data_0_0,mtx,"<tr class=""mtx"" style=""text-align:right;""><td style=""white-space:nowrap""><div class=""a_print""><a href=""monthly_a1.php?prec_no=45&amp;block_no=0377&amp;year=2008&amp;month=&amp;day=&amp;view=a5"">2008</a></div></td><td class=""data_0_0"">35.0</td><td class=""data_0_0""> 9/20 02:40</td><td class=""data_0_0"">71.0</td><td class=""data_0_0""> 9/20 04:20</td><td class=""data_0_0"">91.0</td><td class=""data_0_0""> 9/20 06:10</td><td class=""data_0_0"">99.0</td><td class=""data_0_0""> 9/20 08:20</td><td class=""data_0_0"">102.5</td><td class=""data_0_0""> 9/20 14:50</td><td class=""data_0_0"">127.5</td><td class=""data_0_0""> 9/21 20:20</td><td class=""data_0_0"">134.0</td><td class=""data_0_0""> 9/22 14:50</td></tr>"
東庄,0377,2009,98.0,1/31 10:30,98.0,False,True,data_0_0,mtx,"<tr class=""mtx"" style=""text-align:right;""><td style=""white-space:nowrap""><div class=""a_print""><a href=""monthly_a1.php?prec_no=45&amp;block_no=0377&amp;year=2009&amp;month=&amp;day=&amp;view=a5"">2009</a></div></td><td class=""data_0_0"">23.0</td><td class=""data_0_0""> 9/29 07:50</td><td class=""data_0_0"">43.0</td><td class=""data_0_0""> 8/10 12:00</td><td class=""data_0_0"">58.5</td><td class=""data_0_0""> 8/10 14:50</td><td class=""data_0_0"">77.0</td><td class=""data_0_0""> 1/31 09:50</td><td class=""data_0_0"">98.0</td><td class=""data_0_0""> 1/31 10:30</td><td class=""data_0_0"">121.0</td><td class=""data_0_0""> 1/31 10:50</td><td class=""data_0_0"">121.5</td><td class=""data_0_0""> 2/01 10:50</td></tr>"
東庄,0377,2010,172.0,9/09 14:00,172.0,False,True,data_0_0,mtx,"<tr class=""mtx"" style=""text-align:right;""><td style=""white-space:nowrap""><div class=""a_print""><a href=""monthly_a1.php?prec_no=45&amp;block_no=0377&amp;year=2010&amp;month=&amp;day=&amp;view=a5"">2010</a></div></td><td class=""data_0_0"">46.5</td><td class=""data_0_0""> 9/08 19:00</td><td class=""data_0_0"">103.5</td><td class=""data_0_0""> 9/08 20:20</td><td class=""data_0_0"">146.5</td><td class=""data_0_0""> 9/08 20:30</td><td class=""data_0_0"">169.5</td><td class=""data_0_0""> 9/09 02:30</td><td class=""data_0_0"">172.0</td><td class=""data_0_0""> 9/09 14:00</td><td class=""data_0_0"">172.0</td><td class=""data_0_0""> 9/10 14:00</td><td class=""data_0_0"">172.0</td><td class=""data_0_0""> 9/11 14:00</td></tr>"
東庄,0377,2011,160.0,10/22 19:20,160.0,False,True,data_0_0,mtx,"<tr class=""mtx"" style=""text-align:right;""><td style=""white-space:nowrap""><div class=""a_print""><a href=""monthly_a1.php?prec_no=45&amp;block_no=0377&amp;year=2011&amp;month=&amp;day=&amp;view=a5"">2011</a></div></td><td class=""data_0_0"">46.0</td><td class=""data_0_0"">10/22 05:00</td><td class=""data_0_0"">105.0</td><td class=""data_0_0"">10/22 05:20</td><td class=""data_0_0"">149.5</td><td class=""data_0_0"">10/22 07:30</td><td class=""data_0_0"">157.0</td><td class=""data_0_0"">10/22 08:40</td><td class=""data_0_0"">160.0</td><td class=""data_0_0"">10/22 19:20</td><td class=""data_0_0"">166.0</td><td class=""data_0_0"">10/23 19:20</td><td class=""data_0_0"">166.0</td><td class=""data_0_0"">10/24 19:20</td></tr>"
東庄,0377,2012,83.0,10/04 07:40,83.0,False,True,data_0_0,mtx,"<tr class=""mtx"" style=""text-align:right;""><td style=""white-space:nowrap""><div class=""a_print""><a href=""monthly_a1.php?prec_no=45&amp;block_no=0377&amp;year=2012&amp;month=&amp;day=&amp;view=a5"">2012</a></div></td><td class=""data_0_0"">38.0</td><td class=""data_0_0"">11/06 15:00</td><td class=""data_0_0"">63.5</td><td class=""data_0_0""> 6/22 08:30</td><td class=""data_0_0"">73.5</td><td class=""data_0_0"">11/06 17:20</td><td class=""data_0_0"">77.0</td><td class=""data_0_0"">11/06 21:50</td><td class=""data_0_0"">83.0</td><td class=""data_0_0"">10/04 07:40</td><td class=""data_0_0"">105.0</td><td class=""data_0_0"">10/05 03:50</td><td class=""data_0_0"">115.5</td><td class=""data_0_0""> 6/22 19:30</td></tr>"
東庄,0377,2013,223.0,10/16 13:50,223.0,False,True,data_0_0,mtx,"<tr class=""mtx"" style=""text-align:right;""><td style=""white-space:nowrap""><div class=""a_print""><a href=""monthly_a1.php?prec_no=45&amp;block_no=0377&amp;year=2013&amp;month=&amp;day=&amp;view=a5"">2013</a></div></td><td class=""data_0_0"">33.0</td><td class=""data_0_0"">10/20 11:40</td><td class=""data_0_0"">71.0</td><td class=""data_0_0"">10/20 12:30</td><td class=""data_0_0"">99.0</td><td class=""data_0_0"">10/16 07:50</td><td class=""data_0_0"">183.5</td><td class=""data_0_0"">10/16 07:30</td><td class=""data_0_0"">223.0</td><td class=""data_0_0"">10/16 13:50</td><td class=""data_0_0"">223.0</td><td class=""data_0_0"">10/17 13:50</td><td class=""data_0_0"">223.0</td><td class=""data_0_0"">10/18 13:50</td></tr>"
東庄,0377,2014,155.0,8/10 22:00,155.0,False,True,data_0_0,mtx,"<tr class=""mtx"" style=""text-align:right;""><td style=""white-space:nowrap""><div class=""a_print""><a href=""monthly_a1.php?prec_no=45&amp;block_no=0377&amp;year=2014&amp;month=&amp;day=&amp;view=a5"">2014</a></div></td><td class=""data_0_0"">71.5</td><td class=""data_0_0""> 8/10 03:20</td><td class=""data_0_0"">125.0</td><td class=""data_0_0""> 8/10 03:50</td><td class=""data_0_0"">148.0</td><td class=""data_0_0""> 8/10 04:00</td><td class=""data_0_0"">150.5</td><td class=""data_0_0""> 8/10 10:00</td><td class=""data_0_0"">155.0</td><td class=""data_0_0""> 8/10 22:00</td><td class=""data_0_0"">155.5</td><td class=""data_0_0""> 8/11 22:00</td><td class=""data_0_0"">164.0</td><td class=""data_0_0""> 8/12 22:00</td></tr>"
東庄,0377,2015,68.5,7/04 04:10,68.5,False,True,data_0_0,mtx,"<tr class=""mtx"" style=""text-align:right;""><td style=""white-space:nowrap""><div class=""a_print""><a href=""monthly_a1.php?prec_no=45&amp;block_no=0377&amp;year=2015&amp;month=&amp;day=&amp;view=a5"">2015</a></div></td><td class=""data_0_0"">27.0</td><td class=""data_0_0"">10/02 07:00</td><td class=""data_0_0"">41.5</td><td class=""data_0_0""> 9/11 08:10</td><td class=""data_0_0"">42.5</td><td class=""data_0_0""> 9/11 11:10</td><td class=""data_0_0"">51.0</td><td class=""data_0_0""> 9/17 21:10</td><td class=""data_0_0"">68.5</td><td class=""data_0_0""> 7/04 04:10</td><td class=""data_0_0"">111.5</td><td class=""data_0_0""> 7/05 09:00</td><td class=""data_0_0"">120.5</td><td class=""data_0_0""> 7/06 04:10</td></tr>"
東庄,0377,2016,126.5,8/17 13:00,126.5,False,True,data_0_0,mtx,"<tr class=""mtx"" style=""text-align:right;""><td style=""white-space:nowrap""><div class=""a_print""><a href=""monthly_a1.php?prec_no=45&amp;block_no=0377&amp;year=2016&amp;month=&amp;day=&amp;view=a5"">2016</a></div></td><td class=""data_0_0"">45.5</td><td class=""data_0_0""> 8/16 23:40</td><td class=""data_0_0"">76.0</td><td class=""data_0_0""> 8/16 24:00</td><td class=""data_0_0"">98.0</td><td class=""data_0_0""> 8/17 04:00</td><td class=""data_0_0"">121.5</td><td class=""data_0_0""> 8/17 06:50</td><td class=""data_0_0"">126.5</td><td class=""data_0_0""> 8/17 13:00</td><td class=""data_0_0"">150.0</td><td class=""data_0_0""> 8/18 18:40</td><td class=""data_0_0"">154.0</td><td class=""data_0_0""> 8/19 13:00</td></tr>"
東庄,0377,2017,216.5,10/23 05:00,216.5,False,True,data_0_0,mtx,"<tr class=""mtx"" style=""text-align:right;""><td style=""white-space:nowrap""><div class=""a_print""><a href=""monthly_a1.php?prec_no=45&amp;block_no=0377&amp;year=2017&amp;month=&amp;day=&amp;view=a5"">2017</a></div></td><td class=""data_0_0"">42.0</td><td class=""data_0_0""> 7/04 23:30</td><td class=""data_0_0"">86.0</td><td class=""data_0_0"">10/22 15:20</td><td class=""data_0_0"">122.5</td><td class=""data_0_0"">10/22 15:40</td><td class=""data_0_0"">175.0</td><td class=""data_0_0"">10/22 21:20</td><td class=""data_0_0"">216.5</td><td class=""data_0_0"">10/23 05:00</td><td class=""data_0_0"">233.5</td><td class=""data_0_0"">10/23 05:40</td><td class=""data_0_0"">262.0</td><td class=""data_0_0"">10/23 02:10</td></tr>"
東庄,0377,2018,84.0,10/01 02:50,84.0,False,True,data_0_0,mtx,"<tr class=""mtx"" style=""text-align:right;""><td style=""white-space:nowrap""><div class=""a_print""><a href=""monthly_a1.php?prec_no=45&amp;block_no=0377&amp;year=2018&amp;month=&amp;day=&amp;view=a5"">2018</a></div></td><td class=""data_0_0"">29.5</td><td class=""data_0_0"">11/06 17:20</td><td class=""data_0_0"">43.0</td><td class=""data_0_0""> 5/13 21:30</td><td class=""data_0_0"">60.0</td><td class=""data_0_0""> 5/13 21:30</td><td class=""data_0_0"">63.5</td><td class=""data_0_0""> 9/30 16:20</td><td class=""data_0_0"">84.0</td><td class=""data_0_0"">10/01 02:50</td><td class=""data_0_0"">85.5 ]</td><td class=""data_0_0"">10/01 15:00</td><td class=""data_0_0"">85.5</td><td class=""data_0_0"">10/02 15:00</td></tr>"
東庄,0377,2019,172.0,10/25 23:20,172.0 ],False,False,data_0_0,mtx,"<tr class=""mtx"" style=""text-align:right;""><td style=""white-space:nowrap""><div class=""a_print""><a href=""monthly_a1.php?prec_no=45&amp;block_no=0377&amp;year=2019&amp;month=&amp;day=&amp;view=a5"">2019</a></div></td><td class=""data_0_0"">55.5</td><td class=""data_0_0"">10/25 18:00</td><td class=""data_0_0"">108.0</td><td class=""data_0_0""> 9/09 07:30</td><td class=""data_0_0"">157.5</td><td class=""data_0_0""> 9/09 08:00</td><td class=""data_0_0"">168.0</td><td class=""data_0_0""> 9/09 13:20</td><td class=""data_0_0"">172.0 ]</td><td class=""data_0_0"">10/25 23:20</td><td class=""data_0_0"">172.0 ]</td><td class=""data_0_0"">10/26 23:20</td><td class=""data_0_0"">206.0 ]</td><td class=""data_0_0""> 9/12 01:20</td></tr>"
東庄,0377,2020,113.0,4/14 00:20,113.0,False,True,data_0_0,mtx,"<tr class=""mtx"" style=""text-align:right;""><td style=""white-space:nowrap""><div class=""a_print""><a href=""monthly_a1.php?prec_no=45&amp;block_no=0377&amp;year=2020&amp;month=&amp;day=&amp;view=a5"">2020</a></div></td><td class=""data_0_0"">49.0</td><td class=""data_0_0""> 4/13 12:20</td><td class=""data_0_0"">68.5</td><td class=""data_0_0""> 4/13 13:10</td><td class=""data_0_0"">70.0</td><td class=""data_0_0""> 4/13 13:30</td><td class=""data_0_0"">98.5</td><td class=""data_0_0""> 4/13 12:50</td><td class=""data_0_0"">113.0</td><td class=""data_0_0""> 4/14 00:20</td><td class=""data_0_0"">116.5</td><td class=""data_0_0""> 4/14 03:50</td><td class=""data_0_0"">118.5</td><td class=""data_0_0"">10/10 23:00</td></tr>"
東庄,0377,2021,185.5,8/08 22:00,185.5,False,True,data_0_0,mtx,"<tr class=""mtx"" style=""text-align:right;""><td style=""white-space:nowrap""><div class=""a_print""><a href=""monthly_a1.php?prec_no=45&amp;block_no=0377&amp;year=2021&amp;month=&amp;day=&amp;view=a5"">2021</a></div></td><td class=""data_0_0"">39.0</td><td class=""data_0_0""> 8/08 02:00</td><td class=""data_0_0"">72.5</td><td class=""data_0_0""> 8/08 13:20</td><td class=""data_0_0"">113.0</td><td class=""data_0_0""> 8/08 16:00</td><td class=""data_0_0"">139.0</td><td class=""data_0_0""> 8/08 19:10</td><td class=""data_0_0"">185.5</td><td class=""data_0_0""> 8/08 22:00</td><td class=""data_0_0"">206.0</td><td class=""data_0_0""> 7/03 06:40</td><td class=""data_0_0"">225.5</td><td class=""data_0_0""> 7/04 03:40</td></tr>"
東庄,0377,2022,76.0,10/08 08:00,76.0,False,True,data_0_0,mtx,"<tr class=""mtx"" style=""text-align:right;""><td style=""white-space:nowrap""><div class=""a_print""><a href=""monthly_a1.php?prec_no=45&amp;block_no=0377&amp;year=2022&amp;month=&amp;day=&amp;view=a5"">2022</a></div></td><td class=""data_0_0"">48.0</td><td class=""data_0_0""> 8/13 21:10</td><td class=""data_0_0"">64.5</td><td class=""data_0_0""> 8/13 21:40</td><td class=""data_0_0"">70.0</td><td class=""data_0_0""> 8/13 22:50</td><td class=""data_0_0"">74.0</td><td class=""data_0_0"">10/07 22:50</td><td class=""data_0_0"">76.0</td><td class=""data_0_0"">10/08 08:00</td><td class=""data_0_0"">92.5</td><td class=""data_0_0"">10/07 23:00</td><td class=""data_0_0"">98.5</td><td class=""data_0_0""> 5/16 12:40</td></tr>"
東庄,0377,2023,153.0,6/03 11:50,153.0,False,True,data_0_0,mtx,"<tr class=""mtx"" style=""text-align:right;""><td style=""white-space:nowrap""><div class=""a_print""><a href=""monthly_a1.php?prec_no=45&amp;block_no=0377&amp;year=2023&amp;month=&amp;day=&amp;view=a5"">2023</a></div></td><td class=""data_0_0"">32.0</td><td class=""data_0_0""> 9/09 06:40</td><td class=""data_0_0"">55.5</td><td class=""data_0_0""> 6/03 06:10</td><td class=""data_0_0"">90.0</td><td class=""data_0_0""> 9/08 12:30</td><td class=""data_0_0"">125.0</td><td class=""data_0_0""> 9/08 15:20</td><td class=""data_0_0"">153.0</td><td class=""data_0_0""> 6/03 11:50</td><td class=""data_0_0"">206.5</td><td class=""data_0_0""> 6/04 01:50</td><td class=""data_0_0"">206.5 ]</td><td class=""data_0_0""> 6/05 01:50</td></tr>"
東庄,0377,2024,103.0,6/19 02:50,103.0,False,True,data_0_0,mtx,"<tr class=""mtx"" style=""text-align:right;""><td style=""white-space:nowrap""><div class=""a_print""><a href=""monthly_a1.php?prec_no=45&amp;block_no=0377&amp;year=2024&amp;month=&amp;day=&amp;view=a5"">2024</a></div></td><td class=""data_0_0"">27.0</td><td class=""data_0_0""> 6/02 18:20</td><td class=""data_0_0"">52.0</td><td class=""data_0_0""> 8/30 05:10</td><td class=""data_0_0"">60.0</td><td class=""data_0_0""> 6/02 23:00</td><td class=""data_0_0"">94.5</td><td class=""data_0_0""> 6/18 18:40</td><td class=""data_0_0"">103.0</td><td class=""data_0_0""> 6/19 02:50</td><td class=""data_0_0"">134.0</td><td class=""data_0_0""> 9/01 02:00</td><td class=""data_0_0"">161.0</td><td class=""data_0_0""> 9/01 16:20</td></tr>"
東庄,0377,2025,103.5,9/05 12:10,103.5,False,True,data_0_0,mtx,"<tr class=""mtx"" style=""text-align:right;""><td style=""white-space:nowrap""><div class=""a_print""><a href=""monthly_a1.php?prec_no=45&amp;block_no=0377&amp;year=2025&amp;month=&amp;day=&amp;view=a5"">2025</a></div></td><td class=""data_0_0"">49.0</td><td class=""data_0_0""> 9/04 13:10</td><td class=""data_0_0"">72.0</td><td class=""data_0_0""> 9/04 15:10</td><td class=""data_0_0"">76.0</td><td class=""data_0_0""> 9/05 16:30</td><td class=""data_0_0"">89.5</td><td class=""data_0_0""> 9/05 17:00</td><td class=""data_0_0"">103.5</td><td class=""data_0_0""> 9/05 12:10</td><td class=""data_0_0"">162.5</td><td class=""data_0_0""> 9/06 12:10</td><td class=""data_0_0"">162.5</td><td class=""data_0_0""> 9/07 12:10</td></tr>"
成田,0378,1976,65.0,9/28 20:00,65,False,True,data_0_0,mtx,"<tr class=""mtx"" style=""text-align:right;""><td style=""white-space:nowrap""><div class=""a_print""><a href=""monthly_a1.php?prec_no=45&amp;block_no=0378&amp;year=1976&amp;month=&amp;day=&amp;view=a5"">1976</a></div></td><td class=""data_0_0"">23</td><td class=""data_0_0""> 9/02 06:00</td><td class=""data_0_0"">49</td><td class=""data_0_0""> 9/02 08:00</td><td class=""data_0_0"">52</td><td class=""data_0_0""> 9/08 06:00</td><td class=""data_0_0"">63</td><td class=""data_0_0"">10/24 19:00</td><td class=""data_0_0"">65</td><td class=""data_0_0""> 9/28 20:00</td><td class=""data_0_0"">73</td><td class=""data_0_0""> 9/04 05:00</td><td class=""data_0_0"">84 ]</td><td class=""data_0_0""> 9/05 05:00</td></tr>"
成田,0378,1977,151.0,9/20 01:00,151,False,True,data_0_0,mtx,"<tr class=""mtx"" style=""text-align:right;""><td style=""white-space:nowrap""><div class=""a_print""><a href=""monthly_a1.php?prec_no=45&amp;block_no=0378&amp;year=1977&amp;month=&amp;day=&amp;view=a5"">1977</a></div></td><td class=""data_0_0"">39</td><td class=""data_0_0""> 7/19 09:00</td><td class=""data_0_0"">67</td><td class=""data_0_0""> 7/19 10:00</td><td class=""data_0_0"">80</td><td class=""data_0_0""> 9/19 22:00</td><td class=""data_0_0"">107</td><td class=""data_0_0""> 9/19 21:00</td><td class=""data_0_0"">151</td><td class=""data_0_0""> 9/20 01:00</td><td class=""data_0_0"">154</td><td class=""data_0_0""> 9/20 18:00</td><td class=""data_0_0"">154</td><td class=""data_0_0""> 9/21 18:00</td></tr>"
成田,0378,1978,14.0,1/03 24:00,14 ],False,False,data_0_0,mtx,"<tr class=""mtx"" style=""text-align:right;""><td style=""white-space:nowrap""><div class=""a_print""><a href=""monthly_a1.php?prec_no=45&amp;block_no=0378&amp;year=1978&amp;month=&amp;day=&amp;view=a5"">1978</a></div></td><td class=""data_0_0"">3 ]</td><td class=""data_0_0""> 1/03 03:00</td><td class=""data_0_0"">7 ]</td><td class=""data_0_0""> 1/03 04:00</td><td class=""data_0_0"">10 ]</td><td class=""data_0_0""> 1/03 06:00</td><td class=""data_0_0"">13 ]</td><td class=""data_0_0""> 1/03 12:00</td><td class=""data_0_0"">14 ]</td><td class=""data_0_0""> 1/03 24:00</td><td class=""data_0_0"">17 ]</td><td class=""data_0_0""> 1/03 12:00</td><td class=""data_0_0"">24 ]</td><td class=""data_0_0""> 1/03 18:00</td></tr>"
成田,0378,2003,133.0,8/15 20:40,133,False,True,data_1t_0,mtx,"<tr class=""mtx"" style=""text-align:right;""><td style=""white-space:nowrap""><div class=""a_print""><a href=""monthly_a1.php?prec_no=45&amp;block_no=0378&amp;year=2003&amp;month=&amp;day=&amp;view=a5"">2003</a></div></td><td class=""data_1t_0"">21</td><td class=""data_1t_0"">11/25 16:50</td><td class=""data_1t_0"">40</td><td class=""data_1t_0"">11/25 18:30</td><td class=""data_1t_0"">56</td><td class=""data_1t_0"">11/25 18:30</td><td class=""data_1t_0"">86</td><td class=""data_1t_0""> 8/15 11:20</td><td class=""data_1t_0"">133</td><td class=""data_1t_0""> 8/15 20:40</td><td class=""data_1t_0"">174 ]</td><td class=""data_1t_0""> 8/16 10:50</td><td class=""data_1t_0"">192 ]</td><td class=""data_1t_0""> 8/16 22:50</td></tr>"
成田,0378,2004,207.0,10/09 18:40,207 ],False,False,data_0_0,mtx,"<tr class=""mtx"" style=""text-align:right;""><td style=""white-space:nowrap""><div class=""a_print""><a href=""monthly_a1.php?prec_no=45&amp;block_no=0378&amp;year=2004&amp;month=&amp;day=&amp;view=a5"">2004</a></div></td><td class=""data_0_0"">40 ]</td><td class=""data_0_0""> 9/04 21:10</td><td class=""data_0_0"">96 ]</td><td class=""data_0_0"">10/09 03:40</td><td class=""data_0_0"">142 ]</td><td class=""data_0_0"">10/09 05:10</td><td class=""data_0_0"">167 ]</td><td class=""data_0_0"">10/09 08:00</td><td class=""data_0_0"">207 ]</td><td class=""data_0_0"">10/09 18:40</td><td class=""data_0_0"">210 ]</td><td class=""data_0_0"">10/10 15:10</td><td class=""data_0_0"">214 ]</td><td class=""data_0_0"">10/11 15:10</td></tr>"
成田,0378,2005,108.0,1/16 16:50,108 ],False,False,data_0_0,mtx,"<tr class=""mtx"" style=""text-align:right;""><td style=""white-space:nowrap""><div class=""a_print""><a href=""monthly_a1.php?prec_no=45&amp;block_no=0378&amp;year=2005&amp;month=&amp;day=&amp;view=a5"">2005</a></div></td><td class=""data_0_0"">24</td><td class=""data_0_0""> 9/04 11:30</td><td class=""data_0_0"">45 ]</td><td class=""data_0_0""> 7/26 07:40</td><td class=""data_0_0"">58 ]</td><td class=""data_0_0""> 8/26 06:00</td><td class=""data_0_0"">81 ]</td><td class=""data_0_0""> 8/26 07:10</td><td class=""data_0_0"">108 ]</td><td class=""data_0_0""> 1/16 16:50</td><td class=""data_0_0"">117 ]</td><td class=""data_0_0""> 1/17 10:30</td><td class=""data_0_0"">119 ]</td><td class=""data_0_0""> 8/26 18:20</td></tr>"
成田,0378,2006,194.0,10/07 01:20,194,False,True,data_0_0,mtx,"<tr class=""mtx"" style=""text-align:right;""><td style=""white-space:nowrap""><div class=""a_print""><a href=""monthly_a1.php?prec_no=45&amp;block_no=0378&amp;year=2006&amp;month=&amp;day=&amp;view=a5"">2006</a></div></td><td class=""data_0_0"">38</td><td class=""data_0_0""> 1/14 18:50</td><td class=""data_0_0"">57</td><td class=""data_0_0""> 1/14 18:50</td><td class=""data_0_0"">87</td><td class=""data_0_0"">12/27 01:50</td><td class=""data_0_0"">136</td><td class=""data_0_0"">12/27 02:10</td><td class=""data_0_0"">194</td><td class=""data_0_0"">10/07 01:20</td><td class=""data_0_0"">226</td><td class=""data_0_0"">10/07 11:50</td><td class=""data_0_0"">226</td><td class=""data_0_0"">10/08 11:50</td></tr>"
成田,0378,2007,159.0,7/15 12:50,159,False,True,data_0_0,mtx,"<tr class=""mtx"" style=""text-align:right;""><td style=""white-space:nowrap""><div class=""a_print""><a href=""monthly_a1.php?prec_no=45&amp;block_no=0378&amp;year=2007&amp;month=&amp;day=&amp;view=a5"">2007</a></div></td><td class=""data_0_0"">49</td><td class=""data_0_0""> 9/12 06:50</td><td class=""data_0_0"">82</td><td class=""data_0_0""> 9/12 07:30</td><td class=""data_0_0"">91</td><td class=""data_0_0""> 9/12 10:40</td><td class=""data_0_0"">110</td><td class=""data_0_0""> 7/15 04:40</td><td class=""data_0_0"">159</td><td class=""data_0_0""> 7/15 12:50</td><td class=""data_0_0"">171</td><td class=""data_0_0""> 7/16 03:50</td><td class=""data_0_0"">172</td><td class=""data_0_0""> 7/16 15:40</td></tr>"
成田,0378,2008,96.5,9/20 14:20,96.5,False,True,data_0_0,mtx,"<tr class=""mtx"" style=""text-align:right;""><td style=""white-space:nowrap""><div class=""a_print""><a href=""monthly_a1.php?prec_no=45&amp;block_no=0378&amp;year=2008&amp;month=&amp;day=&amp;view=a5"">2008</a></div></td><td class=""data_0_0"">72.0</td><td class=""data_0_0""> 8/05 11:50</td><td class=""data_0_0"">77.0</td><td class=""data_0_0""> 8/05 13:40</td><td class=""data_0_0"">84.0</td><td class=""data_0_0""> 9/20 04:50</td><td class=""data_0_0"">90.5</td><td class=""data_0_0""> 9/20 10:50</td><td class=""data_0_0"">96.5</td><td class=""data_0_0""> 9/20 14:20</td><td class=""data_0_0"">108.0</td><td class=""data_0_0""> 9/21 20:10</td><td class=""data_0_0"">126.0</td><td class=""data_0_0""> 9/22 14:20</td></tr>"
成田,0378,2009,90.5,10/27 02:50,90.5,False,True,data_0_0,mtx,"<tr class=""mtx"" style=""text-align:right;""><td style=""white-space:nowrap""><div class=""a_print""><a href=""monthly_a1.php?prec_no=45&amp;block_no=0378&amp;year=2009&amp;month=&amp;day=&amp;view=a5"">2009</a></div></td><td class=""data_0_0"">34.0</td><td class=""data_0_0""> 8/10 09:20</td><td class=""data_0_0"">49.0</td><td class=""data_0_0""> 8/10 09:30</td><td class=""data_0_0"">57.5</td><td class=""data_0_0""> 8/10 11:20</td><td class=""data_0_0"">77.0</td><td class=""data_0_0""> 8/10 17:20</td><td class=""data_0_0"">90.5</td><td class=""data_0_0"">10/27 02:50</td><td class=""data_0_0"">94.0</td><td class=""data_0_0"">10/08 06:10</td><td class=""data_0_0"">113.0</td><td class=""data_0_0"">10/08 16:30</td></tr>"
成田,0378,2010,105.5,9/09 09:00,105.5,False,True,data_0_0,mtx,"<tr class=""mtx"" style=""text-align:right;""><td style=""white-space:nowrap""><div class=""a_print""><a href=""monthly_a1.php?prec_no=45&amp;block_no=0378&amp;year=2010&amp;month=&amp;day=&amp;view=a5"">2010</a></div></td><td class=""data_0_0"">55.5</td><td class=""data_0_0"">11/01 05:30</td><td class=""data_0_0"">75.0</td><td class=""data_0_0""> 9/08 18:30</td><td class=""data_0_0"">87.5</td><td class=""data_0_0""> 9/08 20:00</td><td class=""data_0_0"">104.5</td><td class=""data_0_0""> 9/09 01:00</td><td class=""data_0_0"">105.5</td><td class=""data_0_0""> 9/09 09:00</td><td class=""data_0_0"">136.5</td><td class=""data_0_0""> 9/28 22:30</td><td class=""data_0_0"">140.5</td><td class=""data_0_0""> 9/28 08:10</td></tr>"
成田,0378,2011,132.0,9/21 18:00,132.0,False,True,data_0_0,mtx,"<tr class=""mtx"" style=""text-align:right;""><td style=""white-space:nowrap""><div class=""a_print""><a href=""monthly_a1.php?prec_no=45&amp;block_no=0378&amp;year=2011&amp;month=&amp;day=&amp;view=a5"">2011</a></div></td><td class=""data_0_0"">41.0</td><td class=""data_0_0""> 9/21 14:30</td><td class=""data_0_0"">49.5</td><td class=""data_0_0""> 9/21 16:20</td><td class=""data_0_0"">72.5</td><td class=""data_0_0""> 9/21 19:20</td><td class=""data_0_0"">97.5</td><td class=""data_0_0"">10/06 00:50</td><td class=""data_0_0"">132.0</td><td class=""data_0_0""> 9/21 18:00</td><td class=""data_0_0"">146.0</td><td class=""data_0_0""> 9/22 01:30</td><td class=""data_0_0"">146.5</td><td class=""data_0_0""> 9/23 01:30</td></tr>"
成田,0378,2012,78.0,5/03 17:20,78.0,False,True,data_0_0,mtx,"<tr class=""mtx"" style=""text-align:right;""><td style=""white-space:nowrap""><div class=""a_print""><a href=""monthly_a1.php?prec_no=45&amp;block_no=0378&amp;year=2012&amp;month=&amp;day=&amp;view=a5"">2012</a></div></td><td class=""data_0_0"">27.0</td><td class=""data_0_0""> 8/06 12:20</td><td class=""data_0_0"">47.0</td><td class=""data_0_0""> 6/19 23:40</td><td class=""data_0_0"">67.0</td><td class=""data_0_0""> 6/20 00:50</td><td class=""data_0_0"">70.0</td><td class=""data_0_0""> 6/20 01:20</td><td class=""data_0_0"">78.0</td><td class=""data_0_0""> 5/03 17:20</td><td class=""data_0_0"">97.0</td><td class=""data_0_0"">10/05 03:50</td><td class=""data_0_0"">111.5</td><td class=""data_0_0""> 6/22 13:20</td></tr>"
成田,0378,2013,327.0,10/16 12:10,327.0,False,True,data_0_0,mtx,"<tr class=""mtx"" style=""text-align:right;""><td style=""white-space:nowrap""><div class=""a_print""><a href=""monthly_a1.php?prec_no=45&amp;block_no=0378&amp;year=2013&amp;month=&amp;day=&amp;view=a5"">2013</a></div></td><td class=""data_0_0"">52.5</td><td class=""data_0_0""> 8/21 00:40</td><td class=""data_0_0"">116.0</td><td class=""data_0_0"">10/16 07:20</td><td class=""data_0_0"">184.0</td><td class=""data_0_0"">10/16 07:20</td><td class=""data_0_0"">286.0</td><td class=""data_0_0"">10/16 07:40</td><td class=""data_0_0"">327.0</td><td class=""data_0_0"">10/16 12:10</td><td class=""data_0_0"">327.0</td><td class=""data_0_0"">10/17 12:10</td><td class=""data_0_0"">327.0</td><td class=""data_0_0"">10/18 12:10</td></tr>"
成田,0378,2014,148.5,2/15 12:50,148.5,False,True,data_0_0,mtx,"<tr class=""mtx"" style=""text-align:right;""><td style=""white-space:nowrap""><div class=""a_print""><a href=""monthly_a1.php?prec_no=45&amp;block_no=0378&amp;year=2014&amp;month=&amp;day=&amp;view=a5"">2014</a></div></td><td class=""data_0_0"">29.5</td><td class=""data_0_0""> 7/19 20:50</td><td class=""data_0_0"">54.5</td><td class=""data_0_0""> 2/15 05:20</td><td class=""data_0_0"">91.5</td><td class=""data_0_0""> 2/15 06:50</td><td class=""data_0_0"">137.5</td><td class=""data_0_0""> 2/15 09:20</td><td class=""data_0_0"">148.5</td><td class=""data_0_0""> 2/15 12:50</td><td class=""data_0_0"">151.5</td><td class=""data_0_0""> 6/08 00:40</td><td class=""data_0_0"">158.5</td><td class=""data_0_0""> 6/08 12:50</td></tr>"
成田,0378,2015,88.5,7/04 03:50,88.5,False,True,data_0_0,mtx,"<tr class=""mtx"" style=""text-align:right;""><td style=""white-space:nowrap""><div class=""a_print""><a href=""monthly_a1.php?prec_no=45&amp;block_no=0378&amp;year=2015&amp;month=&amp;day=&amp;view=a5"">2015</a></div></td><td class=""data_0_0"">32.0</td><td class=""data_0_0""> 8/14 21:20</td><td class=""data_0_0"">41.0</td><td class=""data_0_0""> 7/03 11:40</td><td class=""data_0_0"">48.5</td><td class=""data_0_0""> 7/03 13:50</td><td class=""data_0_0"">54.5</td><td class=""data_0_0""> 7/03 15:50</td><td class=""data_0_0"">88.5</td><td class=""data_0_0""> 7/04 03:50</td><td class=""data_0_0"">121.5</td><td class=""data_0_0""> 7/05 08:40</td><td class=""data_0_0"">133.5</td><td class=""data_0_0""> 7/05 10:40</td></tr>"
成田,0378,2016,103.0,8/17 13:20,103.0,False,True,data_0_0,mtx,"<tr class=""mtx"" style=""text-align:right;""><td style=""white-space:nowrap""><div class=""a_print""><a href=""monthly_a1.php?prec_no=45&amp;block_no=0378&amp;year=2016&amp;month=&amp;day=&amp;view=a5"">2016</a></div></td><td class=""data_0_0"">56.0</td><td class=""data_0_0""> 8/16 24:00</td><td class=""data_0_0"">74.5</td><td class=""data_0_0""> 8/17 00:50</td><td class=""data_0_0"">86.0</td><td class=""data_0_0""> 8/17 03:10</td><td class=""data_0_0"">100.5</td><td class=""data_0_0""> 8/17 06:20</td><td class=""data_0_0"">103.0</td><td class=""data_0_0""> 8/17 13:20</td><td class=""data_0_0"">135.0</td><td class=""data_0_0""> 8/18 17:50</td><td class=""data_0_0"">141.0</td><td class=""data_0_0""> 8/23 00:10</td></tr>"
成田,0378,2017,122.0,10/23 02:00,122.0,False,True,data_0_0,mtx,"<tr class=""mtx"" style=""text-align:right;""><td style=""white-space:nowrap""><div class=""a_print""><a href=""monthly_a1.php?prec_no=45&amp;block_no=0378&amp;year=2017&amp;month=&amp;day=&amp;view=a5"">2017</a></div></td><td class=""data_0_0"">36.5</td><td class=""data_0_0""> 8/19 10:30</td><td class=""data_0_0"">64.0</td><td class=""data_0_0""> 9/28 07:30</td><td class=""data_0_0"">82.5</td><td class=""data_0_0""> 9/28 08:40</td><td class=""data_0_0"">86.5</td><td class=""data_0_0"">10/22 20:30</td><td class=""data_0_0"">122.0</td><td class=""data_0_0"">10/23 02:00</td><td class=""data_0_0"">135.5</td><td class=""data_0_0"">10/23 05:00</td><td class=""data_0_0"">147.0</td><td class=""data_0_0"">10/23 02:10</td></tr>"
成田,0378,2018,83.0,7/29 00:10,83.0,False,True,data_0_0,mtx,"<tr class=""mtx"" style=""text-align:right;""><td style=""white-space:nowrap""><div class=""a_print""><a href=""monthly_a1.php?prec_no=45&amp;block_no=0378&amp;year=2018&amp;month=&amp;day=&amp;view=a5"">2018</a></div></td><td class=""data_0_0"">22.5</td><td class=""data_0_0""> 6/21 04:00</td><td class=""data_0_0"">35.5</td><td class=""data_0_0""> 7/28 07:30</td><td class=""data_0_0"">47.5</td><td class=""data_0_0""> 5/13 21:10</td><td class=""data_0_0"">61.0</td><td class=""data_0_0""> 7/28 16:30</td><td class=""data_0_0"">83.0</td><td class=""data_0_0""> 7/29 00:10</td><td class=""data_0_0"">83.0</td><td class=""data_0_0""> 7/30 00:10</td><td class=""data_0_0"">87.5</td><td class=""data_0_0""> 7/31 00:10</td></tr>"
成田,0378,2019,193.5,10/25 23:10,193.5 ],False,False,data_0_0,mtx,"<tr class=""mtx"" style=""text-align:right;""><td style=""white-space:nowrap""><div class=""a_print""><a href=""monthly_a1.php?prec_no=45&amp;block_no=0378&amp;year=2019&amp;month=&amp;day=&amp;view=a5"">2019</a></div></td><td class=""data_0_0"">50.0</td><td class=""data_0_0"">10/25 15:00</td><td class=""data_0_0"">113.0</td><td class=""data_0_0""> 9/09 06:10</td><td class=""data_0_0"">146.5</td><td class=""data_0_0""> 9/09 06:40</td><td class=""data_0_0"">192.0</td><td class=""data_0_0"">10/25 17:30</td><td class=""data_0_0"">193.5 ]</td><td class=""data_0_0"">10/25 23:10</td><td class=""data_0_0"">193.5 ]</td><td class=""data_0_0"">10/26 23:10</td><td class=""data_0_0"">193.5 ]</td><td class=""data_0_0"">10/27 23:10</td></tr>"
成田,0378,2020,91.0,4/19 03:30,91.0,False,True,data_0_0,mtx,"<tr class=""mtx"" style=""text-align:right;""><td style=""white-space:nowrap""><div class=""a_print""><a href=""monthly_a1.php?prec_no=45&amp;block_no=0378&amp;year=2020&amp;month=&amp;day=&amp;view=a5"">2020</a></div></td><td class=""data_0_0"">22.5</td><td class=""data_0_0""> 4/13 13:00</td><td class=""data_0_0"">38.0</td><td class=""data_0_0""> 4/18 14:40</td><td class=""data_0_0"">56.5</td><td class=""data_0_0""> 4/18 15:50</td><td class=""data_0_0"">88.5</td><td class=""data_0_0""> 4/18 16:00</td><td class=""data_0_0"">91.0</td><td class=""data_0_0""> 4/19 03:30</td><td class=""data_0_0"">91.0</td><td class=""data_0_0""> 4/20 03:30</td><td class=""data_0_0"">104.0</td><td class=""data_0_0"">10/10 23:10</td></tr>"
成田,0378,2021,145.5,7/03 09:20,145.5,False,True,data_0_0,mtx,"<tr class=""mtx"" style=""text-align:right;""><td style=""white-space:nowrap""><div class=""a_print""><a href=""monthly_a1.php?prec_no=45&amp;block_no=0378&amp;year=2021&amp;month=&amp;day=&amp;view=a5"">2021</a></div></td><td class=""data_0_0"">37.0</td><td class=""data_0_0""> 7/02 23:30</td><td class=""data_0_0"">49.0</td><td class=""data_0_0""> 8/08 14:20</td><td class=""data_0_0"">76.5</td><td class=""data_0_0""> 8/08 15:40</td><td class=""data_0_0"">104.5</td><td class=""data_0_0""> 8/08 17:20</td><td class=""data_0_0"">145.5</td><td class=""data_0_0""> 7/03 09:20</td><td class=""data_0_0"">178.0</td><td class=""data_0_0""> 7/03 06:00</td><td class=""data_0_0"">200.5</td><td class=""data_0_0""> 7/04 04:00</td></tr>"
成田,0378,2022,92.0,9/24 19:30,92.0,False,True,data_0_0,mtx,"<tr class=""mtx"" style=""text-align:right;""><td style=""white-space:nowrap""><div class=""a_print""><a href=""monthly_a1.php?prec_no=45&amp;block_no=0378&amp;year=2022&amp;month=&amp;day=&amp;view=a5"">2022</a></div></td><td class=""data_0_0"">45.0</td><td class=""data_0_0""> 9/24 04:40</td><td class=""data_0_0"">85.0</td><td class=""data_0_0""> 9/24 06:10</td><td class=""data_0_0"">85.5</td><td class=""data_0_0""> 9/24 09:10</td><td class=""data_0_0"">89.0</td><td class=""data_0_0""> 9/24 15:10</td><td class=""data_0_0"">92.0</td><td class=""data_0_0""> 9/24 19:30</td><td class=""data_0_0"">92.5</td><td class=""data_0_0""> 9/25 18:00</td><td class=""data_0_0"">92.5</td><td class=""data_0_0""> 9/26 18:00</td></tr>"
成田,0378,2023,250.5,9/09 04:50,250.5,False,True,data_0_0,mtx,"<tr class=""mtx"" style=""text-align:right;""><td style=""white-space:nowrap""><div class=""a_print""><a href=""monthly_a1.php?prec_no=45&amp;block_no=0378&amp;year=2023&amp;month=&amp;day=&amp;view=a5"">2023</a></div></td><td class=""data_0_0"">52.5</td><td class=""data_0_0""> 9/08 13:10</td><td class=""data_0_0"">87.5</td><td class=""data_0_0""> 9/08 13:10</td><td class=""data_0_0"">143.0</td><td class=""data_0_0""> 9/08 13:20</td><td class=""data_0_0"">195.5</td><td class=""data_0_0""> 9/08 15:00</td><td class=""data_0_0"">250.5</td><td class=""data_0_0""> 9/09 04:50</td><td class=""data_0_0"">262.5</td><td class=""data_0_0""> 9/10 02:40</td><td class=""data_0_0"">275.5</td><td class=""data_0_0""> 9/09 08:30</td></tr>"
成田,0378,2024,90.0,6/19 02:50,90.0,False,True,data_0_0,mtx,"<tr class=""mtx"" style=""text-align:right;""><td style=""white-space:nowrap""><div class=""a_print""><a href=""monthly_a1.php?prec_no=45&amp;block_no=0378&amp;year=2024&amp;month=&amp;day=&amp;view=a5"">2024</a></div></td><td class=""data_0_0"">46.0</td><td class=""data_0_0""> 9/03 04:40</td><td class=""data_0_0"">57.0</td><td class=""data_0_0""> 9/03 06:30</td><td class=""data_0_0"">88.5</td><td class=""data_0_0""> 9/03 09:30</td><td class=""data_0_0"">88.5</td><td class=""data_0_0""> 9/03 15:30</td><td class=""data_0_0"">90.0</td><td class=""data_0_0""> 6/19 02:50</td><td class=""data_0_0"">109.0</td><td class=""data_0_0""> 8/31 21:50</td><td class=""data_0_0"">163.0</td><td class=""data_0_0""> 9/03 08:10</td></tr>"
成田,0378,2025,78.5,5/03 08:50,78.5,False,True,data_0_0,mtx,"<tr class=""mtx"" style=""text-align:right;""><td style=""white-space:nowrap""><div class=""a_print""><a href=""monthly_a1.php?prec_no=45&amp;block_no=0378&amp;year=2025&amp;month=&amp;day=&amp;view=a5"">2025</a></div></td><td class=""data_0_0"">29.5</td><td class=""data_0_0""> 5/02 21:00</td><td class=""data_0_0"">38.5</td><td class=""data_0_0""> 5/02 22:50</td><td class=""data_0_0"">65.5</td><td class=""data_0_0""> 5/02 21:40</td><td class=""data_0_0"">71.0</td><td class=""data_0_0""> 5/03 02:00</td><td class=""data_0_0"">78.5</td><td class=""data_0_0""> 5/03 08:50</td><td class=""data_0_0"">82.0</td><td class=""data_0_0""> 4/03 04:20</td><td class=""data_0_0"">89.5</td><td class=""data_0_0""> 4/04 04:20</td></tr>"
銚子,47648,1976,115.0,3/27 14:00,115,False,True,data_0_0,mtx,"<tr class=""mtx"" style=""text-align:right;""><td style=""white-space:nowrap""><div class=""a_print""><a href=""monthly_s1.php?prec_no=45&amp;block_no=47648&amp;year=1976&amp;month=&amp;day=&amp;view=a5"">1976</a></div></td><td class=""data_0_0"">21</td><td class=""data_0_0""> 4/07 02:00</td><td class=""data_0_0"">36</td><td class=""data_0_0""> 9/08 07:00</td><td class=""data_0_0"">55</td><td class=""data_0_0""> 3/27 12:00</td><td class=""data_0_0"">83</td><td class=""data_0_0""> 3/27 11:00</td><td class=""data_0_0"">115</td><td class=""data_0_0""> 3/27 14:00</td><td class=""data_0_0"">115</td><td class=""data_0_0""> 3/28 14:00</td><td class=""data_0_0"">115</td><td class=""data_0_0""> 3/29 14:00</td></tr>"
銚子,47648,1977,112.0,11/17 17:00,112,False,True,data_0_0,mtx,"<tr class=""mtx"" style=""text-align:right;""><td style=""white-space:nowrap""><div class=""a_print""><a href=""monthly_s1.php?prec_no=45&amp;block_no=47648&amp;year=1977&amp;month=&amp;day=&amp;view=a5"">1977</a></div></td><td class=""data_0_0"">50</td><td class=""data_0_0"">11/17 07:00</td><td class=""data_0_0"">64</td><td class=""data_0_0"">11/17 08:00</td><td class=""data_0_0"">71</td><td class=""data_0_0"">11/17 08:00</td><td class=""data_0_0"">83</td><td class=""data_0_0""> 3/31 01:00</td><td class=""data_0_0"">112</td><td class=""data_0_0"">11/17 17:00</td><td class=""data_0_0"">122</td><td class=""data_0_0"">11/18 17:00</td><td class=""data_0_0"">144</td><td class=""data_0_0""> 8/19 18:00</td></tr>"
銚子,47648,1978,91.0,10/20 15:00,91,False,True,data_0_0,mtx,"<tr class=""mtx"" style=""text-align:right;""><td style=""white-space:nowrap""><div class=""a_print""><a href=""monthly_s1.php?prec_no=45&amp;block_no=47648&amp;year=1978&amp;month=&amp;day=&amp;view=a5"">1978</a></div></td><td class=""data_0_0"">22</td><td class=""data_0_0""> 9/16 02:00</td><td class=""data_0_0"">38</td><td class=""data_0_0""> 9/16 03:00</td><td class=""data_0_0"">50</td><td class=""data_0_0"">10/20 13:00</td><td class=""data_0_0"">74</td><td class=""data_0_0"">10/20 13:00</td><td class=""data_0_0"">91</td><td class=""data_0_0"">10/20 15:00</td><td class=""data_0_0"">102</td><td class=""data_0_0"">10/21 02:00</td><td class=""data_0_0"">102</td><td class=""data_0_0"">10/22 02:00</td></tr>"
銚子,47648,1979,151.0,10/07 16:00,151,False,True,data_0_0,mtx,"<tr class=""mtx"" style=""text-align:right;""><td style=""white-space:nowrap""><div class=""a_print""><a href=""monthly_s1.php?prec_no=45&amp;block_no=47648&amp;year=1979&amp;month=&amp;day=&amp;view=a5"">1979</a></div></td><td class=""data_0_0"">36</td><td class=""data_0_0"">10/03 09:00</td><td class=""data_0_0"">69</td><td class=""data_0_0"">10/07 15:00</td><td class=""data_0_0"">99</td><td class=""data_0_0"">10/07 15:00</td><td class=""data_0_0"">133</td><td class=""data_0_0"">10/07 17:00</td><td class=""data_0_0"">151</td><td class=""data_0_0"">10/07 16:00</td><td class=""data_0_0"">181</td><td class=""data_0_0"">10/07 18:00</td><td class=""data_0_0"">184</td><td class=""data_0_0"">10/08 18:00</td></tr>"
銚子,47648,1980,107.0,9/10 08:00,107,False,True,data_0_0,mtx,"<tr class=""mtx"" style=""text-align:right;""><td style=""white-space:nowrap""><div class=""a_print""><a href=""monthly_s1.php?prec_no=45&amp;block_no=47648&amp;year=1980&amp;month=&amp;day=&amp;view=a5"">1980</a></div></td><td class=""data_0_0"">42</td><td class=""data_0_0""> 9/10 05:00</td><td class=""data_0_0"">88</td><td class=""data_0_0""> 9/10 06:00</td><td class=""data_0_0"">104</td><td class=""data_0_0""> 9/10 06:00</td><td class=""data_0_0"">104</td><td class=""data_0_0""> 9/10 12:00</td><td class=""data_0_0"">107</td><td class=""data_0_0""> 9/10 08:00</td><td class=""data_0_0"">179</td><td class=""data_0_0""> 9/10 07:00</td><td class=""data_0_0"">180</td><td class=""data_0_0""> 9/11 07:00</td></tr>"
銚子,47648,1981,63.0,10/23 07:00,63,False,True,data_0_0,mtx,"<tr class=""mtx"" style=""text-align:right;""><td style=""white-space:nowrap""><div class=""a_print""><a href=""monthly_s1.php?prec_no=45&amp;block_no=47648&amp;year=1981&amp;month=&amp;day=&amp;view=a5"">1981</a></div></td><td class=""data_0_0"">22</td><td class=""data_0_0""> 9/26 03:00</td><td class=""data_0_0"">39</td><td class=""data_0_0"">11/02 17:00</td><td class=""data_0_0"">47</td><td class=""data_0_0"">11/02 18:00</td><td class=""data_0_0"">50</td><td class=""data_0_0"">10/23 02:00</td><td class=""data_0_0"">63</td><td class=""data_0_0"">10/23 07:00</td><td class=""data_0_0"">63</td><td class=""data_0_0"">10/24 07:00</td><td class=""data_0_0"">63</td><td class=""data_0_0"">10/25 07:00</td></tr>"
銚子,47648,1982,91.0,9/11 21:00,91,False,True,data_0_0,mtx,"<tr class=""mtx"" style=""text-align:right;""><td style=""white-space:nowrap""><div class=""a_print""><a href=""monthly_s1.php?prec_no=45&amp;block_no=47648&amp;year=1982&amp;month=&amp;day=&amp;view=a5"">1982</a></div></td><td class=""data_0_0"">41</td><td class=""data_0_0""> 8/08 04:00</td><td class=""data_0_0"">59</td><td class=""data_0_0""> 8/08 05:00</td><td class=""data_0_0"">64</td><td class=""data_0_0""> 8/08 07:00</td><td class=""data_0_0"">66</td><td class=""data_0_0""> 9/10 24:00</td><td class=""data_0_0"">91</td><td class=""data_0_0""> 9/11 21:00</td><td class=""data_0_0"">148</td><td class=""data_0_0""> 9/12 12:00</td><td class=""data_0_0"">165</td><td class=""data_0_0""> 9/12 23:00</td></tr>"
銚子,47648,1983,100.0,8/16 03:00,100,False,True,data_0_0,mtx,"<tr class=""mtx"" style=""text-align:right;""><td style=""white-space:nowrap""><div class=""a_print""><a href=""monthly_s1.php?prec_no=45&amp;block_no=47648&amp;year=1983&amp;month=&amp;day=&amp;view=a5"">1983</a></div></td><td class=""data_0_0"">24</td><td class=""data_0_0""> 8/15 08:00</td><td class=""data_0_0"">54</td><td class=""data_0_0"">10/11 12:00</td><td class=""data_0_0"">83</td><td class=""data_0_0""> 8/15 11:00</td><td class=""data_0_0"">93</td><td class=""data_0_0""> 8/15 15:00</td><td class=""data_0_0"">100</td><td class=""data_0_0""> 8/16 03:00</td><td class=""data_0_0"">118</td><td class=""data_0_0""> 8/17 03:00</td><td class=""data_0_0"">157</td><td class=""data_0_0""> 8/18 03:00</td></tr>"
銚子,47648,1984,65.0,10/13 09:00,65,False,True,data_0_0,mtx,"<tr class=""mtx"" style=""text-align:right;""><td style=""white-space:nowrap""><div class=""a_print""><a href=""monthly_s1.php?prec_no=45&amp;block_no=47648&amp;year=1984&amp;month=&amp;day=&amp;view=a5"">1984</a></div></td><td class=""data_0_0"">22</td><td class=""data_0_0"">10/12 24:00</td><td class=""data_0_0"">38</td><td class=""data_0_0"">10/13 02:00</td><td class=""data_0_0"">52</td><td class=""data_0_0"">10/13 03:00</td><td class=""data_0_0"">62</td><td class=""data_0_0"">10/13 05:00</td><td class=""data_0_0"">65</td><td class=""data_0_0"">10/13 09:00</td><td class=""data_0_0"">66</td><td class=""data_0_0"">10/13 06:00</td><td class=""data_0_0"">84</td><td class=""data_0_0""> 6/29 16:00</td></tr>"
銚子,47648,1985,92.0,6/30 23:00,92,False,True,data_0_0,mtx,"<tr class=""mtx"" style=""text-align:right;""><td style=""white-space:nowrap""><div class=""a_print""><a href=""monthly_s1.php?prec_no=45&amp;block_no=47648&amp;year=1985&amp;month=&amp;day=&amp;view=a5"">1985</a></div></td><td class=""data_0_0"">27</td><td class=""data_0_0""> 4/23 11:00</td><td class=""data_0_0"">37</td><td class=""data_0_0""> 4/23 13:00</td><td class=""data_0_0"">51</td><td class=""data_0_0""> 6/30 15:00</td><td class=""data_0_0"">70</td><td class=""data_0_0""> 6/30 14:00</td><td class=""data_0_0"">92</td><td class=""data_0_0""> 6/30 23:00</td><td class=""data_0_0"">118</td><td class=""data_0_0""> 7/01 23:00</td><td class=""data_0_0"">144</td><td class=""data_0_0""> 7/01 06:00</td></tr>"
銚子,47648,1986,195.0,8/05 08:00,195,False,True,data_0_0,mtx,"<tr class=""mtx"" style=""text-align:right;""><td style=""white-space:nowrap""><div class=""a_print""><a href=""monthly_s1.php?prec_no=45&amp;block_no=47648&amp;year=1986&amp;month=&amp;day=&amp;view=a5"">1986</a></div></td><td class=""data_0_0"">37</td><td class=""data_0_0""> 3/19 23:00</td><td class=""data_0_0"">52</td><td class=""data_0_0""> 9/13 24:00</td><td class=""data_0_0"">68</td><td class=""data_0_0""> 8/04 15:00</td><td class=""data_0_0"">110</td><td class=""data_0_0""> 8/04 21:00</td><td class=""data_0_0"">195</td><td class=""data_0_0""> 8/05 08:00</td><td class=""data_0_0"">196</td><td class=""data_0_0""> 8/06 05:00</td><td class=""data_0_0"">196</td><td class=""data_0_0""> 8/07 05:00</td></tr>"
銚子,47648,1987,130.0,9/04 16:00,130,False,True,data_0_0,mtx,"<tr class=""mtx"" style=""text-align:right;""><td style=""white-space:nowrap""><div class=""a_print""><a href=""monthly_s1.php?prec_no=45&amp;block_no=47648&amp;year=1987&amp;month=&amp;day=&amp;view=a5"">1987</a></div></td><td class=""data_0_0"">33</td><td class=""data_0_0""> 9/25 10:00</td><td class=""data_0_0"">58</td><td class=""data_0_0""> 9/04 05:00</td><td class=""data_0_0"">81</td><td class=""data_0_0""> 9/04 05:00</td><td class=""data_0_0"">97</td><td class=""data_0_0""> 9/04 08:00</td><td class=""data_0_0"">130</td><td class=""data_0_0""> 9/04 16:00</td><td class=""data_0_0"">160</td><td class=""data_0_0""> 9/05 08:00</td><td class=""data_0_0"">160</td><td class=""data_0_0""> 9/06 08:00</td></tr>"
銚子,47648,1988,138.0,8/11 21:00,138,False,True,data_0_0,mtx,"<tr class=""mtx"" style=""text-align:right;""><td style=""white-space:nowrap""><div class=""a_print""><a href=""monthly_s1.php?prec_no=45&amp;block_no=47648&amp;year=1988&amp;month=&amp;day=&amp;view=a5"">1988</a></div></td><td class=""data_0_0"">30</td><td class=""data_0_0""> 7/28 22:00</td><td class=""data_0_0"">47</td><td class=""data_0_0""> 7/28 23:00</td><td class=""data_0_0"">64</td><td class=""data_0_0""> 9/26 01:00</td><td class=""data_0_0"">92</td><td class=""data_0_0""> 9/25 24:00</td><td class=""data_0_0"">138</td><td class=""data_0_0""> 8/11 21:00</td><td class=""data_0_0"">191</td><td class=""data_0_0""> 8/12 21:00</td><td class=""data_0_0"">196</td><td class=""data_0_0""> 8/13 06:00</td></tr>"
銚子,47648,1989,115.0,3/08 18:00,115,False,True,data_0_0,mtx,"<tr class=""mtx"" style=""text-align:right;""><td style=""white-space:nowrap""><div class=""a_print""><a href=""monthly_s1.php?prec_no=45&amp;block_no=47648&amp;year=1989&amp;month=&amp;day=&amp;view=a5"">1989</a></div></td><td class=""data_0_0"">45</td><td class=""data_0_0""> 7/10 09:00</td><td class=""data_0_0"">69</td><td class=""data_0_0""> 9/20 07:00</td><td class=""data_0_0"">74</td><td class=""data_0_0""> 9/20 08:00</td><td class=""data_0_0"">96</td><td class=""data_0_0""> 3/08 08:00</td><td class=""data_0_0"">115</td><td class=""data_0_0""> 3/08 18:00</td><td class=""data_0_0"">136</td><td class=""data_0_0""> 6/24 22:00</td><td class=""data_0_0"">138</td><td class=""data_0_0""> 6/25 18:00</td></tr>"
銚子,47648,1990,71.0,10/01 04:00,71,False,True,data_0_0,mtx,"<tr class=""mtx"" style=""text-align:right;""><td style=""white-space:nowrap""><div class=""a_print""><a href=""monthly_s1.php?prec_no=45&amp;block_no=47648&amp;year=1990&amp;month=&amp;day=&amp;view=a5"">1990</a></div></td><td class=""data_0_0"">42</td><td class=""data_0_0"">11/09 18:00</td><td class=""data_0_0"">47</td><td class=""data_0_0"">11/09 19:00</td><td class=""data_0_0"">50</td><td class=""data_0_0"">11/21 04:00</td><td class=""data_0_0"">62</td><td class=""data_0_0"">11/10 04:00</td><td class=""data_0_0"">71</td><td class=""data_0_0"">10/01 04:00</td><td class=""data_0_0"">111</td><td class=""data_0_0"">11/30 22:00</td><td class=""data_0_0"">161</td><td class=""data_0_0"">11/30 22:00</td></tr>"
銚子,47648,1991,191.0,10/12 07:00,191,False,True,data_0_0,mtx,"<tr class=""mtx"" style=""text-align:right;""><td style=""white-space:nowrap""><div class=""a_print""><a href=""monthly_s1.php?prec_no=45&amp;block_no=47648&amp;year=1991&amp;month=&amp;day=&amp;view=a5"">1991</a></div></td><td class=""data_0_0"">41</td><td class=""data_0_0""> 9/08 09:00</td><td class=""data_0_0"">57</td><td class=""data_0_0""> 9/08 10:00</td><td class=""data_0_0"">92</td><td class=""data_0_0"">10/12 03:00</td><td class=""data_0_0"">137</td><td class=""data_0_0"">10/12 04:00</td><td class=""data_0_0"">191</td><td class=""data_0_0"">10/12 07:00</td><td class=""data_0_0"">234</td><td class=""data_0_0"">10/13 13:00</td><td class=""data_0_0"">276</td><td class=""data_0_0"">10/13 17:00</td></tr>"
銚子,47648,1992,210.0,10/21 01:00,210,False,True,data_0_0,mtx,"<tr class=""mtx"" style=""text-align:right;""><td style=""white-space:nowrap""><div class=""a_print""><a href=""monthly_s1.php?prec_no=45&amp;block_no=47648&amp;year=1992&amp;month=&amp;day=&amp;view=a5"">1992</a></div></td><td class=""data_0_0"">46</td><td class=""data_0_0"">10/20 17:00</td><td class=""data_0_0"">98</td><td class=""data_0_0"">10/20 18:00</td><td class=""data_0_0"">122</td><td class=""data_0_0"">10/20 18:00</td><td class=""data_0_0"">161</td><td class=""data_0_0"">10/20 18:00</td><td class=""data_0_0"">210</td><td class=""data_0_0"">10/21 01:00</td><td class=""data_0_0"">222</td><td class=""data_0_0"">10/21 15:00</td><td class=""data_0_0"">222</td><td class=""data_0_0"">10/22 15:00</td></tr>"
銚子,47648,1993,89.0,8/27 15:00,89,False,True,data_0_0,mtx,"<tr class=""mtx"" style=""text-align:right;""><td style=""white-space:nowrap""><div class=""a_print""><a href=""monthly_s1.php?prec_no=45&amp;block_no=47648&amp;year=1993&amp;month=&amp;day=&amp;view=a5"">1993</a></div></td><td class=""data_0_0"">35</td><td class=""data_0_0""> 9/04 05:00</td><td class=""data_0_0"">65</td><td class=""data_0_0""> 9/04 05:00</td><td class=""data_0_0"">75</td><td class=""data_0_0""> 9/04 08:00</td><td class=""data_0_0"">83</td><td class=""data_0_0""> 9/04 13:00</td><td class=""data_0_0"">89</td><td class=""data_0_0""> 8/27 15:00</td><td class=""data_0_0"">97</td><td class=""data_0_0""> 8/28 13:00</td><td class=""data_0_0"">110</td><td class=""data_0_0""> 7/05 13:00</td></tr>"
銚子,47648,1994,140.0,3/24 04:00,140,False,True,data_0_0,mtx,"<tr class=""mtx"" style=""text-align:right;""><td style=""white-space:nowrap""><div class=""a_print""><a href=""monthly_s1.php?prec_no=45&amp;block_no=47648&amp;year=1994&amp;month=&amp;day=&amp;view=a5"">1994</a></div></td><td class=""data_0_0"">48</td><td class=""data_0_0""> 9/29 06:00</td><td class=""data_0_0"">67</td><td class=""data_0_0""> 9/29 07:00</td><td class=""data_0_0"">68</td><td class=""data_0_0""> 9/29 07:00</td><td class=""data_0_0"">97</td><td class=""data_0_0""> 3/24 02:00</td><td class=""data_0_0"">140</td><td class=""data_0_0""> 3/24 04:00</td><td class=""data_0_0"">160</td><td class=""data_0_0""> 9/15 16:00</td><td class=""data_0_0"">163</td><td class=""data_0_0""> 9/16 10:00</td></tr>"
銚子,47648,1995,289.0,9/17 14:00,289,False,True,data_0_0,mtx,"<tr class=""mtx"" style=""text-align:right;""><td style=""white-space:nowrap""><div class=""a_print""><a href=""monthly_s1.php?prec_no=45&amp;block_no=47648&amp;year=1995&amp;month=&amp;day=&amp;view=a5"">1995</a></div></td><td class=""data_0_0"">44</td><td class=""data_0_0"">10/02 07:00</td><td class=""data_0_0"">72</td><td class=""data_0_0""> 9/17 12:00</td><td class=""data_0_0"">132</td><td class=""data_0_0""> 9/17 13:00</td><td class=""data_0_0"">215</td><td class=""data_0_0""> 9/17 13:00</td><td class=""data_0_0"">289</td><td class=""data_0_0""> 9/17 14:00</td><td class=""data_0_0"">312</td><td class=""data_0_0""> 9/18 05:00</td><td class=""data_0_0"">322</td><td class=""data_0_0""> 9/17 22:00</td></tr>"
銚子,47648,1996,206.0,9/23 01:00,206,False,True,data_0_0,mtx,"<tr class=""mtx"" style=""text-align:right;""><td style=""white-space:nowrap""><div class=""a_print""><a href=""monthly_s1.php?prec_no=45&amp;block_no=47648&amp;year=1996&amp;month=&amp;day=&amp;view=a5"">1996</a></div></td><td class=""data_0_0"">34</td><td class=""data_0_0""> 9/22 16:00</td><td class=""data_0_0"">77</td><td class=""data_0_0""> 9/22 16:00</td><td class=""data_0_0"">108</td><td class=""data_0_0""> 9/22 17:00</td><td class=""data_0_0"">175</td><td class=""data_0_0""> 9/22 17:00</td><td class=""data_0_0"">206</td><td class=""data_0_0""> 9/23 01:00</td><td class=""data_0_0"">215</td><td class=""data_0_0""> 9/22 24:00</td><td class=""data_0_0"">215</td><td class=""data_0_0""> 9/23 24:00</td></tr>"
銚子,47648,1997,94.0,5/25 04:00,94,False,True,data_0_0,mtx,"<tr class=""mtx"" style=""text-align:right;""><td style=""white-space:nowrap""><div class=""a_print""><a href=""monthly_s1.php?prec_no=45&amp;block_no=47648&amp;year=1997&amp;month=&amp;day=&amp;view=a5"">1997</a></div></td><td class=""data_0_0"">38</td><td class=""data_0_0""> 5/24 09:00</td><td class=""data_0_0"">49</td><td class=""data_0_0""> 5/24 10:00</td><td class=""data_0_0"">58</td><td class=""data_0_0""> 5/24 10:00</td><td class=""data_0_0"">63</td><td class=""data_0_0""> 5/24 12:00</td><td class=""data_0_0"">94</td><td class=""data_0_0""> 5/25 04:00</td><td class=""data_0_0"">105</td><td class=""data_0_0""> 5/25 24:00</td><td class=""data_0_0"">106</td><td class=""data_0_0""> 5/25 07:00</td></tr>"
銚子,47648,1998,125.0,10/02 06:00,125,False,True,data_0_0,mtx,"<tr class=""mtx"" style=""text-align:right;""><td style=""white-space:nowrap""><div class=""a_print""><a href=""monthly_s1.php?prec_no=45&amp;block_no=47648&amp;year=1998&amp;month=&amp;day=&amp;view=a5"">1998</a></div></td><td class=""data_0_0"">54</td><td class=""data_0_0""> 7/23 04:00</td><td class=""data_0_0"">75</td><td class=""data_0_0"">10/01 12:00</td><td class=""data_0_0"">113</td><td class=""data_0_0"">10/01 14:00</td><td class=""data_0_0"">121</td><td class=""data_0_0"">10/01 20:00</td><td class=""data_0_0"">125</td><td class=""data_0_0"">10/02 06:00</td><td class=""data_0_0"">140</td><td class=""data_0_0"">10/02 02:00</td><td class=""data_0_0"">140</td><td class=""data_0_0"">10/03 02:00</td></tr>"
銚子,47648,1999,92.0,10/02 16:00,92,False,True,data_0_0,mtx,"<tr class=""mtx"" style=""text-align:right;""><td style=""white-space:nowrap""><div class=""a_print""><a href=""monthly_s1.php?prec_no=45&amp;block_no=47648&amp;year=1999&amp;month=&amp;day=&amp;view=a5"">1999</a></div></td><td class=""data_0_0"">44</td><td class=""data_0_0"">10/01 19:00</td><td class=""data_0_0"">81</td><td class=""data_0_0"">10/01 20:00</td><td class=""data_0_0"">90</td><td class=""data_0_0"">10/01 22:00</td><td class=""data_0_0"">92</td><td class=""data_0_0"">10/02 04:00</td><td class=""data_0_0"">92</td><td class=""data_0_0"">10/02 16:00</td><td class=""data_0_0"">118</td><td class=""data_0_0"">10/01 23:00</td><td class=""data_0_0"">165</td><td class=""data_0_0"">10/02 13:00</td></tr>"
銚子,47648,2000,110.0,9/25 02:00,110,False,True,data_0_0,mtx,"<tr class=""mtx"" style=""text-align:right;""><td style=""white-space:nowrap""><div class=""a_print""><a href=""monthly_s1.php?prec_no=45&amp;block_no=47648&amp;year=2000&amp;month=&amp;day=&amp;view=a5"">2000</a></div></td><td class=""data_0_0"">56</td><td class=""data_0_0""> 9/24 22:00</td><td class=""data_0_0"">76</td><td class=""data_0_0""> 9/24 23:00</td><td class=""data_0_0"">76</td><td class=""data_0_0""> 9/25 02:00</td><td class=""data_0_0"">84</td><td class=""data_0_0""> 7/08 08:00</td><td class=""data_0_0"">110</td><td class=""data_0_0""> 9/25 02:00</td><td class=""data_0_0"">111</td><td class=""data_0_0""> 9/25 19:00</td><td class=""data_0_0"">126</td><td class=""data_0_0""> 6/14 06:00</td></tr>"
銚子,47648,2001,180.0,10/11 01:00,180,False,True,data_0_0,mtx,"<tr class=""mtx"" style=""text-align:right;""><td style=""white-space:nowrap""><div class=""a_print""><a href=""monthly_s1.php?prec_no=45&amp;block_no=47648&amp;year=2001&amp;month=&amp;day=&amp;view=a5"">2001</a></div></td><td class=""data_0_0"">28</td><td class=""data_0_0"">11/09 14:00</td><td class=""data_0_0"">63</td><td class=""data_0_0"">11/09 14:00</td><td class=""data_0_0"">85</td><td class=""data_0_0"">10/10 20:00</td><td class=""data_0_0"">137</td><td class=""data_0_0"">10/10 23:00</td><td class=""data_0_0"">180</td><td class=""data_0_0"">10/11 01:00</td><td class=""data_0_0"">180</td><td class=""data_0_0"">10/12 01:00</td><td class=""data_0_0"">191</td><td class=""data_0_0"">10/11 08:00</td></tr>"
銚子,47648,2002,128.0,12/04 24:00,128,False,True,data_0_0,mtx,"<tr class=""mtx"" style=""text-align:right;""><td style=""white-space:nowrap""><div class=""a_print""><a href=""monthly_s1.php?prec_no=45&amp;block_no=47648&amp;year=2002&amp;month=&amp;day=&amp;view=a5"">2002</a></div></td><td class=""data_0_0"">48</td><td class=""data_0_0"">12/04 19:00</td><td class=""data_0_0"">100</td><td class=""data_0_0"">12/04 20:00</td><td class=""data_0_0"">119</td><td class=""data_0_0"">12/04 21:00</td><td class=""data_0_0"">123</td><td class=""data_0_0"">12/04 23:00</td><td class=""data_0_0"">128</td><td class=""data_0_0"">12/04 24:00</td><td class=""data_0_0"">128</td><td class=""data_0_0"">12/05 24:00</td><td class=""data_0_0"">130</td><td class=""data_0_0"">12/04 21:00</td></tr>"
銚子,47648,2003,110.0,11/30 10:50,110,False,True,data_1t_0,mtx,"<tr class=""mtx"" style=""text-align:right;""><td style=""white-space:nowrap""><div class=""a_print""><a href=""monthly_s1.php?prec_no=45&amp;block_no=47648&amp;year=2003&amp;month=&amp;day=&amp;view=a5"">2003</a></div></td><td class=""data_1t_0"">27</td><td class=""data_1t_0""> 1/27 23:10</td><td class=""data_1t_0"">47</td><td class=""data_1t_0"">11/30 10:40</td><td class=""data_1t_0"">61</td><td class=""data_1t_0"">11/30 10:50</td><td class=""data_1t_0"">79</td><td class=""data_1t_0"">11/30 12:00</td><td class=""data_1t_0"">110</td><td class=""data_1t_0"">11/30 10:50</td><td class=""data_1t_0"">150</td><td class=""data_1t_0""> 9/22 13:40</td><td class=""data_1t_0"">157</td><td class=""data_1t_0"">12/02 04:40</td></tr>"
銚子,47648,2004,241.0,10/09 17:50,241,False,True,data_0_0,mtx,"<tr class=""mtx"" style=""text-align:right;""><td style=""white-space:nowrap""><div class=""a_print""><a href=""monthly_s1.php?prec_no=45&amp;block_no=47648&amp;year=2004&amp;month=&amp;day=&amp;view=a5"">2004</a></div></td><td class=""data_0_0"">36</td><td class=""data_0_0"">10/09 05:50</td><td class=""data_0_0"">75</td><td class=""data_0_0"">10/09 00:20</td><td class=""data_0_0"">106</td><td class=""data_0_0"">10/09 02:20</td><td class=""data_0_0"">188</td><td class=""data_0_0"">10/09 08:10</td><td class=""data_0_0"">241</td><td class=""data_0_0"">10/09 17:50</td><td class=""data_0_0"">243</td><td class=""data_0_0"">10/10 16:20</td><td class=""data_0_0"">257</td><td class=""data_0_0"">10/11 16:20</td></tr>"
銚子,47648,2005,242.0,1/16 14:20,242,False,True,data_0_0,mtx,"<tr class=""mtx"" style=""text-align:right;""><td style=""white-space:nowrap""><div class=""a_print""><a href=""monthly_s1.php?prec_no=45&amp;block_no=47648&amp;year=2005&amp;month=&amp;day=&amp;view=a5"">2005</a></div></td><td class=""data_0_0"">59</td><td class=""data_0_0""> 1/16 11:20</td><td class=""data_0_0"">99</td><td class=""data_0_0""> 1/16 12:50</td><td class=""data_0_0"">121</td><td class=""data_0_0""> 1/16 11:50</td><td class=""data_0_0"">184</td><td class=""data_0_0""> 1/16 13:50</td><td class=""data_0_0"">242</td><td class=""data_0_0""> 1/16 14:20</td><td class=""data_0_0"">262</td><td class=""data_0_0""> 1/17 09:00</td><td class=""data_0_0"">262</td><td class=""data_0_0""> 1/18 09:00</td></tr>"
銚子,47648,2006,189.0,10/07 04:40,189,False,True,data_0_0,mtx,"<tr class=""mtx"" style=""text-align:right;""><td style=""white-space:nowrap""><div class=""a_print""><a href=""monthly_s1.php?prec_no=45&amp;block_no=47648&amp;year=2006&amp;month=&amp;day=&amp;view=a5"">2006</a></div></td><td class=""data_0_0"">55</td><td class=""data_0_0""> 9/27 14:20</td><td class=""data_0_0"">64</td><td class=""data_0_0""> 9/27 15:40</td><td class=""data_0_0"">75</td><td class=""data_0_0""> 8/09 10:30</td><td class=""data_0_0"">106</td><td class=""data_0_0""> 8/09 16:10</td><td class=""data_0_0"">189</td><td class=""data_0_0"">10/07 04:40</td><td class=""data_0_0"">217</td><td class=""data_0_0"">10/07 09:00</td><td class=""data_0_0"">222</td><td class=""data_0_0"">10/07 21:00</td></tr>"
銚子,47648,2007,219.0,7/15 13:30,219,False,True,data_0_0,mtx,"<tr class=""mtx"" style=""text-align:right;""><td style=""white-space:nowrap""><div class=""a_print""><a href=""monthly_s1.php?prec_no=45&amp;block_no=47648&amp;year=2007&amp;month=&amp;day=&amp;view=a5"">2007</a></div></td><td class=""data_0_0"">63</td><td class=""data_0_0""> 7/14 23:50</td><td class=""data_0_0"">102</td><td class=""data_0_0""> 7/15 01:40</td><td class=""data_0_0"">140</td><td class=""data_0_0""> 7/15 01:50</td><td class=""data_0_0"">189</td><td class=""data_0_0""> 7/15 04:30</td><td class=""data_0_0"">219</td><td class=""data_0_0""> 7/15 13:30</td><td class=""data_0_0"">227</td><td class=""data_0_0""> 7/16 03:50</td><td class=""data_0_0"">227</td><td class=""data_0_0""> 7/17 03:50</td></tr>"
銚子,47648,2008,113.0,4/18 22:00,113.0,False,True,data_0_0,mtx,"<tr class=""mtx"" style=""text-align:right;""><td style=""white-space:nowrap""><div class=""a_print""><a href=""monthly_s1.php?prec_no=45&amp;block_no=47648&amp;year=2008&amp;month=&amp;day=&amp;view=a5"">2008</a></div></td><td class=""data_0_0"">50.0</td><td class=""data_0_0""> 9/21 18:10</td><td class=""data_0_0"">91.0</td><td class=""data_0_0""> 9/21 19:10</td><td class=""data_0_0"">94.5</td><td class=""data_0_0""> 9/21 19:50</td><td class=""data_0_0"">94.5</td><td class=""data_0_0""> 9/22 01:50</td><td class=""data_0_0"">113.0</td><td class=""data_0_0""> 4/18 22:00</td><td class=""data_0_0"">186.0</td><td class=""data_0_0""> 9/21 20:00</td><td class=""data_0_0"">195.0</td><td class=""data_0_0""> 9/22 15:50</td></tr>"
銚子,47648,2009,131.0,9/01 04:20,131.0,False,True,data_0_0,mtx,"<tr class=""mtx"" style=""text-align:right;""><td style=""white-space:nowrap""><div class=""a_print""><a href=""monthly_s1.php?prec_no=45&amp;block_no=47648&amp;year=2009&amp;month=&amp;day=&amp;view=a5"">2009</a></div></td><td class=""data_0_0"">51.5</td><td class=""data_0_0""> 8/10 10:40</td><td class=""data_0_0"">67.5</td><td class=""data_0_0""> 8/10 11:30</td><td class=""data_0_0"">75.0</td><td class=""data_0_0""> 8/10 13:10</td><td class=""data_0_0"">116.5</td><td class=""data_0_0""> 8/31 18:50</td><td class=""data_0_0"">131.0</td><td class=""data_0_0""> 9/01 04:20</td><td class=""data_0_0"">152.0</td><td class=""data_0_0""> 9/01 06:00</td><td class=""data_0_0"">152.0</td><td class=""data_0_0""> 9/02 06:00</td></tr>"
銚子,47648,2010,104.5,9/09 14:10,104.5,False,True,data_0_0,mtx,"<tr class=""mtx"" style=""text-align:right;""><td style=""white-space:nowrap""><div class=""a_print""><a href=""monthly_s1.php?prec_no=45&amp;block_no=47648&amp;year=2010&amp;month=&amp;day=&amp;view=a5"">2010</a></div></td><td class=""data_0_0"">45.5</td><td class=""data_0_0""> 6/23 16:10</td><td class=""data_0_0"">66.5</td><td class=""data_0_0""> 6/23 17:10</td><td class=""data_0_0"">87.0</td><td class=""data_0_0""> 9/08 22:20</td><td class=""data_0_0"">103.5</td><td class=""data_0_0""> 9/09 02:10</td><td class=""data_0_0"">104.5</td><td class=""data_0_0""> 9/09 14:10</td><td class=""data_0_0"">104.5</td><td class=""data_0_0""> 9/10 14:10</td><td class=""data_0_0"">113.5</td><td class=""data_0_0"">10/31 09:50</td></tr>"
銚子,47648,2011,121.0,10/06 05:10,121.0,False,True,data_0_0,mtx,"<tr class=""mtx"" style=""text-align:right;""><td style=""white-space:nowrap""><div class=""a_print""><a href=""monthly_s1.php?prec_no=45&amp;block_no=47648&amp;year=2011&amp;month=&amp;day=&amp;view=a5"">2011</a></div></td><td class=""data_0_0"">35.0</td><td class=""data_0_0""> 4/19 09:30</td><td class=""data_0_0"">56.0</td><td class=""data_0_0"">10/22 08:20</td><td class=""data_0_0"">80.0</td><td class=""data_0_0"">10/05 23:40</td><td class=""data_0_0"">113.5</td><td class=""data_0_0"">10/06 02:30</td><td class=""data_0_0"">121.0</td><td class=""data_0_0"">10/06 05:10</td><td class=""data_0_0"">125.0</td><td class=""data_0_0"">10/07 05:10</td><td class=""data_0_0"">125.0</td><td class=""data_0_0"">10/08 05:10</td></tr>"
銚子,47648,2012,98.0,10/24 00:30,98.0,False,True,data_0_0,mtx,"<tr class=""mtx"" style=""text-align:right;""><td style=""white-space:nowrap""><div class=""a_print""><a href=""monthly_s1.php?prec_no=45&amp;block_no=47648&amp;year=2012&amp;month=&amp;day=&amp;view=a5"">2012</a></div></td><td class=""data_0_0"">44.0</td><td class=""data_0_0""> 9/12 03:00</td><td class=""data_0_0"">69.5</td><td class=""data_0_0""> 9/12 05:00</td><td class=""data_0_0"">80.0</td><td class=""data_0_0"">10/23 11:50</td><td class=""data_0_0"">94.0</td><td class=""data_0_0"">10/23 17:40</td><td class=""data_0_0"">98.0</td><td class=""data_0_0"">10/24 00:30</td><td class=""data_0_0"">113.0</td><td class=""data_0_0"">10/05 07:20</td><td class=""data_0_0"">115.0</td><td class=""data_0_0"">10/05 18:00</td></tr>"
銚子,47648,2013,247.0,10/16 12:00,247.0,False,True,data_0_0,mtx,"<tr class=""mtx"" style=""text-align:right;""><td style=""white-space:nowrap""><div class=""a_print""><a href=""monthly_s1.php?prec_no=45&amp;block_no=47648&amp;year=2013&amp;month=&amp;day=&amp;view=a5"">2013</a></div></td><td class=""data_0_0"">35.0</td><td class=""data_0_0"">10/15 20:50</td><td class=""data_0_0"">76.5</td><td class=""data_0_0"">10/16 07:40</td><td class=""data_0_0"">109.0</td><td class=""data_0_0"">10/16 08:20</td><td class=""data_0_0"">189.0</td><td class=""data_0_0"">10/16 07:10</td><td class=""data_0_0"">247.0</td><td class=""data_0_0"">10/16 12:00</td><td class=""data_0_0"">247.0</td><td class=""data_0_0"">10/17 12:00</td><td class=""data_0_0"">247.0</td><td class=""data_0_0"">10/18 12:00</td></tr>"
銚子,47648,2014,194.5,10/06 10:20,194.5,False,True,data_0_0,mtx,"<tr class=""mtx"" style=""text-align:right;""><td style=""white-space:nowrap""><div class=""a_print""><a href=""monthly_s1.php?prec_no=45&amp;block_no=47648&amp;year=2014&amp;month=&amp;day=&amp;view=a5"">2014</a></div></td><td class=""data_0_0"">46.0</td><td class=""data_0_0""> 9/25 20:30</td><td class=""data_0_0"">52.0</td><td class=""data_0_0""> 9/25 22:20</td><td class=""data_0_0"">60.0</td><td class=""data_0_0"">10/05 21:00</td><td class=""data_0_0"">114.0</td><td class=""data_0_0"">10/06 03:30</td><td class=""data_0_0"">194.5</td><td class=""data_0_0"">10/06 10:20</td><td class=""data_0_0"">214.5</td><td class=""data_0_0"">10/07 04:50</td><td class=""data_0_0"">219.5</td><td class=""data_0_0"">10/06 22:10</td></tr>"
銚子,47648,2015,103.0,8/29 09:40,103.0,False,True,data_0_0,mtx,"<tr class=""mtx"" style=""text-align:right;""><td style=""white-space:nowrap""><div class=""a_print""><a href=""monthly_s1.php?prec_no=45&amp;block_no=47648&amp;year=2015&amp;month=&amp;day=&amp;view=a5"">2015</a></div></td><td class=""data_0_0"">45.0</td><td class=""data_0_0"">10/02 07:10</td><td class=""data_0_0"">56.0</td><td class=""data_0_0""> 1/15 17:40</td><td class=""data_0_0"">67.0</td><td class=""data_0_0""> 1/15 17:50</td><td class=""data_0_0"">74.0</td><td class=""data_0_0""> 1/15 22:20</td><td class=""data_0_0"">103.0</td><td class=""data_0_0""> 8/29 09:40</td><td class=""data_0_0"">114.0</td><td class=""data_0_0""> 8/30 05:30</td><td class=""data_0_0"">125.5</td><td class=""data_0_0""> 7/05 09:50</td></tr>"
銚子,47648,2016,109.0,8/17 12:20,109.0,False,True,data_0_0,mtx,"<tr class=""mtx"" style=""text-align:right;""><td style=""white-space:nowrap""><div class=""a_print""><a href=""monthly_s1.php?prec_no=45&amp;block_no=47648&amp;year=2016&amp;month=&amp;day=&amp;view=a5"">2016</a></div></td><td class=""data_0_0"">53.0</td><td class=""data_0_0""> 9/13 13:10</td><td class=""data_0_0"">71.0</td><td class=""data_0_0""> 9/13 13:30</td><td class=""data_0_0"">86.0</td><td class=""data_0_0""> 8/17 02:40</td><td class=""data_0_0"">104.5</td><td class=""data_0_0""> 8/17 07:20</td><td class=""data_0_0"">109.0</td><td class=""data_0_0""> 8/17 12:20</td><td class=""data_0_0"">120.5</td><td class=""data_0_0""> 8/18 12:20</td><td class=""data_0_0"">140.0</td><td class=""data_0_0""> 9/22 16:10</td></tr>"
銚子,47648,2017,212.0,10/23 01:30,212.0,False,True,data_0_0,mtx,"<tr class=""mtx"" style=""text-align:right;""><td style=""white-space:nowrap""><div class=""a_print""><a href=""monthly_s1.php?prec_no=45&amp;block_no=47648&amp;year=2017&amp;month=&amp;day=&amp;view=a5"">2017</a></div></td><td class=""data_0_0"">55.0</td><td class=""data_0_0""> 9/28 08:30</td><td class=""data_0_0"">82.5</td><td class=""data_0_0"">10/22 14:20</td><td class=""data_0_0"">124.0</td><td class=""data_0_0"">10/22 14:20</td><td class=""data_0_0"">177.0</td><td class=""data_0_0"">10/22 20:00</td><td class=""data_0_0"">212.0</td><td class=""data_0_0"">10/23 01:30</td><td class=""data_0_0"">227.5</td><td class=""data_0_0"">10/23 01:40</td><td class=""data_0_0"">256.5</td><td class=""data_0_0"">10/22 22:30</td></tr>"
銚子,47648,2018,63.0,6/21 06:10,63.0,False,True,data_0_0,mtx,"<tr class=""mtx"" style=""text-align:right;""><td style=""white-space:nowrap""><div class=""a_print""><a href=""monthly_s1.php?prec_no=45&amp;block_no=47648&amp;year=2018&amp;month=&amp;day=&amp;view=a5"">2018</a></div></td><td class=""data_0_0"">49.0</td><td class=""data_0_0"">10/11 07:00</td><td class=""data_0_0"">55.0</td><td class=""data_0_0"">10/11 08:10</td><td class=""data_0_0"">60.0</td><td class=""data_0_0""> 9/25 19:30</td><td class=""data_0_0"">61.0</td><td class=""data_0_0""> 9/26 01:30</td><td class=""data_0_0"">63.0</td><td class=""data_0_0""> 6/21 06:10</td><td class=""data_0_0"">99.0</td><td class=""data_0_0""> 9/27 13:30</td><td class=""data_0_0"">99.0</td><td class=""data_0_0""> 9/28 13:30</td></tr>"
銚子,47648,2019,132.0,9/16 21:20,132.0,False,True,data_0_0,mtx,"<tr class=""mtx"" style=""text-align:right;""><td style=""white-space:nowrap""><div class=""a_print""><a href=""monthly_s1.php?prec_no=45&amp;block_no=47648&amp;year=2019&amp;month=&amp;day=&amp;view=a5"">2019</a></div></td><td class=""data_0_0"">38.0</td><td class=""data_0_0""> 9/09 06:20</td><td class=""data_0_0"">66.0</td><td class=""data_0_0""> 9/09 06:50</td><td class=""data_0_0"">104.0</td><td class=""data_0_0""> 9/09 08:40</td><td class=""data_0_0"">117.0</td><td class=""data_0_0""> 9/16 12:50</td><td class=""data_0_0"">132.0</td><td class=""data_0_0""> 9/16 21:20</td><td class=""data_0_0"">132.0</td><td class=""data_0_0""> 9/17 21:20</td><td class=""data_0_0"">150.5</td><td class=""data_0_0""> 9/18 21:20</td></tr>"
銚子,47648,2020,67.5,6/29 04:00,67.5,False,True,data_0_0,mtx,"<tr class=""mtx"" style=""text-align:right;""><td style=""white-space:nowrap""><div class=""a_print""><a href=""monthly_s1.php?prec_no=45&amp;block_no=47648&amp;year=2020&amp;month=&amp;day=&amp;view=a5"">2020</a></div></td><td class=""data_0_0"">28.0</td><td class=""data_0_0""> 9/26 04:50</td><td class=""data_0_0"">48.0 ]</td><td class=""data_0_0""> 4/18 15:20</td><td class=""data_0_0"">60.5</td><td class=""data_0_0""> 4/18 16:10</td><td class=""data_0_0"">67.5</td><td class=""data_0_0""> 6/28 16:00</td><td class=""data_0_0"">67.5</td><td class=""data_0_0""> 6/29 04:00</td><td class=""data_0_0"">81.0</td><td class=""data_0_0"">10/10 21:30</td><td class=""data_0_0"">107.0</td><td class=""data_0_0"">10/10 23:20</td></tr>"
銚子,47648,2021,176.5,7/03 06:10,176.5,False,True,data_0_0,mtx,"<tr class=""mtx"" style=""text-align:right;""><td style=""white-space:nowrap""><div class=""a_print""><a href=""monthly_s1.php?prec_no=45&amp;block_no=47648&amp;year=2021&amp;month=&amp;day=&amp;view=a5"">2021</a></div></td><td class=""data_0_0"">41.0</td><td class=""data_0_0""> 7/03 05:00</td><td class=""data_0_0"">66.0</td><td class=""data_0_0""> 8/08 13:00</td><td class=""data_0_0"">102.5</td><td class=""data_0_0"">10/01 14:30</td><td class=""data_0_0"">135.0</td><td class=""data_0_0"">10/01 19:20</td><td class=""data_0_0"">176.5</td><td class=""data_0_0""> 7/03 06:10</td><td class=""data_0_0"">246.0</td><td class=""data_0_0""> 7/03 10:00</td><td class=""data_0_0"">277.5</td><td class=""data_0_0""> 7/04 03:30</td></tr>"
銚子,47648,2022,87.5,10/14 06:00,87.5,False,True,data_0_0,mtx,"<tr class=""mtx"" style=""text-align:right;""><td style=""white-space:nowrap""><div class=""a_print""><a href=""monthly_s1.php?prec_no=45&amp;block_no=47648&amp;year=2022&amp;month=&amp;day=&amp;view=a5"">2022</a></div></td><td class=""data_0_0"">53.5</td><td class=""data_0_0""> 9/24 07:00</td><td class=""data_0_0"">60.5</td><td class=""data_0_0""> 9/24 08:50</td><td class=""data_0_0"">70.5</td><td class=""data_0_0"">10/07 19:40</td><td class=""data_0_0"">81.0</td><td class=""data_0_0"">10/07 21:40</td><td class=""data_0_0"">87.5</td><td class=""data_0_0"">10/14 06:00</td><td class=""data_0_0"">104.5</td><td class=""data_0_0"">10/07 20:30</td><td class=""data_0_0"">127.5</td><td class=""data_0_0""> 5/16 12:30</td></tr>"
銚子,47648,2023,173.5,9/09 02:50,173.5,False,True,data_0_0,mtx,"<tr class=""mtx"" style=""text-align:right;""><td style=""white-space:nowrap""><div class=""a_print""><a href=""monthly_s1.php?prec_no=45&amp;block_no=47648&amp;year=2023&amp;month=&amp;day=&amp;view=a5"">2023</a></div></td><td class=""data_0_0"">26.5 ]</td><td class=""data_0_0""> 9/08 08:50</td><td class=""data_0_0"">61.0</td><td class=""data_0_0""> 9/08 09:30</td><td class=""data_0_0"">96.5</td><td class=""data_0_0""> 9/08 11:40</td><td class=""data_0_0"">163.0</td><td class=""data_0_0""> 9/08 17:40</td><td class=""data_0_0"">173.5</td><td class=""data_0_0""> 9/09 02:50</td><td class=""data_0_0"">187.0</td><td class=""data_0_0""> 9/10 02:50</td><td class=""data_0_0"">187.5</td><td class=""data_0_0""> 9/09 21:30</td></tr>"
銚子,47648,2024,111.0,6/19 02:50,111.0,False,True,data_0_0,mtx,"<tr class=""mtx"" style=""text-align:right;""><td style=""white-space:nowrap""><div class=""a_print""><a href=""monthly_s1.php?prec_no=45&amp;block_no=47648&amp;year=2024&amp;month=&amp;day=&amp;view=a5"">2024</a></div></td><td class=""data_0_0"">55.0</td><td class=""data_0_0""> 8/31 17:40</td><td class=""data_0_0"">64.5</td><td class=""data_0_0""> 8/31 19:20</td><td class=""data_0_0"">67.0</td><td class=""data_0_0""> 7/17 01:30</td><td class=""data_0_0"">102.5</td><td class=""data_0_0""> 6/18 18:50</td><td class=""data_0_0"">111.0</td><td class=""data_0_0""> 6/19 02:50</td><td class=""data_0_0"">143.0</td><td class=""data_0_0""> 9/01 02:40</td><td class=""data_0_0"">157.5</td><td class=""data_0_0""> 9/02 02:00</td></tr>"
銚子,47648,2025,89.0,9/06 04:40,89.0,False,True,data_0_0,mtx,"<tr class=""mtx"" style=""text-align:right;""><td style=""white-space:nowrap""><div class=""a_print""><a href=""monthly_s1.php?prec_no=45&amp;block_no=47648&amp;year=2025&amp;month=&amp;day=&amp;view=a5"">2025</a></div></td><td class=""data_0_0"">27.0</td><td class=""data_0_0""> 7/15 09:00</td><td class=""data_0_0"">52.5</td><td class=""data_0_0""> 7/15 10:40</td><td class=""data_0_0"">67.5</td><td class=""data_0_0""> 9/05 16:50</td><td class=""data_0_0"">88.5</td><td class=""data_0_0""> 9/05 17:10</td><td class=""data_0_0"">89.0</td><td class=""data_0_0""> 9/06 04:40</td><td class=""data_0_0"">113.5</td><td class=""data_0_0""> 7/16 13:50</td><td class=""data_0_0"">119.5</td><td class=""data_0_0""> 7/17 06:00</td></tr>"
千葉,47682,1976,67.0,7/12 08:00,67,False,True,data_0_0,mtx,"<tr class=""mtx"" style=""text-align:right;""><td style=""white-space:nowrap""><div class=""a_print""><a href=""monthly_s1.php?prec_no=45&amp;block_no=47682&amp;year=1976&amp;month=&amp;day=&amp;view=a5"">1976</a></div></td><td class=""data_0_0"">33</td><td class=""data_0_0""> 7/27 14:00</td><td class=""data_0_0"">40</td><td class=""data_0_0""> 7/27 16:00</td><td class=""data_0_0"">48</td><td class=""data_0_0"">10/20 19:00</td><td class=""data_0_0"">52</td><td class=""data_0_0"">10/20 20:00</td><td class=""data_0_0"">67</td><td class=""data_0_0""> 7/12 08:00</td><td class=""data_0_0"">68</td><td class=""data_0_0""> 7/13 08:00</td><td class=""data_0_0"">69</td><td class=""data_0_0""> 7/14 02:00</td></tr>"
千葉,47682,1977,97.0,9/20 02:00,97,False,True,data_0_0,mtx,"<tr class=""mtx"" style=""text-align:right;""><td style=""white-space:nowrap""><div class=""a_print""><a href=""monthly_s1.php?prec_no=45&amp;block_no=47682&amp;year=1977&amp;month=&amp;day=&amp;view=a5"">1977</a></div></td><td class=""data_0_0"">22</td><td class=""data_0_0""> 6/05 04:00</td><td class=""data_0_0"">39</td><td class=""data_0_0""> 7/07 03:00</td><td class=""data_0_0"">41</td><td class=""data_0_0""> 9/19 10:00</td><td class=""data_0_0"">70</td><td class=""data_0_0"">11/17 13:00</td><td class=""data_0_0"">97</td><td class=""data_0_0""> 9/20 02:00</td><td class=""data_0_0"">107</td><td class=""data_0_0""> 8/18 18:00</td><td class=""data_0_0"">143</td><td class=""data_0_0""> 8/19 18:00</td></tr>"
千葉,47682,1978,50.0,5/19 20:00,50,False,True,data_0_0,mtx,"<tr class=""mtx"" style=""text-align:right;""><td style=""white-space:nowrap""><div class=""a_print""><a href=""monthly_s1.php?prec_no=45&amp;block_no=47682&amp;year=1978&amp;month=&amp;day=&amp;view=a5"">1978</a></div></td><td class=""data_0_0"">16</td><td class=""data_0_0""> 5/19 04:00</td><td class=""data_0_0"">31</td><td class=""data_0_0""> 5/19 06:00</td><td class=""data_0_0"">46</td><td class=""data_0_0""> 5/19 08:00</td><td class=""data_0_0"">49</td><td class=""data_0_0""> 5/19 14:00</td><td class=""data_0_0"">50</td><td class=""data_0_0""> 5/19 20:00</td><td class=""data_0_0"">50</td><td class=""data_0_0""> 5/20 20:00</td><td class=""data_0_0"">50</td><td class=""data_0_0""> 5/21 20:00</td></tr>"
千葉,47682,1979,114.0,10/07 16:00,114,False,True,data_0_0,mtx,"<tr class=""mtx"" style=""text-align:right;""><td style=""white-space:nowrap""><div class=""a_print""><a href=""monthly_s1.php?prec_no=45&amp;block_no=47682&amp;year=1979&amp;month=&amp;day=&amp;view=a5"">1979</a></div></td><td class=""data_0_0"">25</td><td class=""data_0_0""> 5/15 03:00</td><td class=""data_0_0"">34</td><td class=""data_0_0"">11/28 24:00</td><td class=""data_0_0"">62</td><td class=""data_0_0"">10/07 14:00</td><td class=""data_0_0"">97</td><td class=""data_0_0"">10/07 14:00</td><td class=""data_0_0"">114</td><td class=""data_0_0"">10/07 16:00</td><td class=""data_0_0"">136</td><td class=""data_0_0"">10/08 04:00</td><td class=""data_0_0"">139</td><td class=""data_0_0"">10/08 12:00</td></tr>"
千葉,47682,1980,80.0,9/27 21:00,80,False,True,data_0_0,mtx,"<tr class=""mtx"" style=""text-align:right;""><td style=""white-space:nowrap""><div class=""a_print""><a href=""monthly_s1.php?prec_no=45&amp;block_no=47682&amp;year=1980&amp;month=&amp;day=&amp;view=a5"">1980</a></div></td><td class=""data_0_0"">27</td><td class=""data_0_0"">10/14 19:00</td><td class=""data_0_0"">51</td><td class=""data_0_0"">10/14 21:00</td><td class=""data_0_0"">63</td><td class=""data_0_0"">10/14 24:00</td><td class=""data_0_0"">70</td><td class=""data_0_0"">10/15 04:00</td><td class=""data_0_0"">80</td><td class=""data_0_0""> 9/27 21:00</td><td class=""data_0_0"">89</td><td class=""data_0_0""> 8/04 12:00</td><td class=""data_0_0"">93</td><td class=""data_0_0""> 9/28 01:00</td></tr>"
千葉,47682,1981,128.0,10/23 06:00,128,False,True,data_0_0,mtx,"<tr class=""mtx"" style=""text-align:right;""><td style=""white-space:nowrap""><div class=""a_print""><a href=""monthly_s1.php?prec_no=45&amp;block_no=47682&amp;year=1981&amp;month=&amp;day=&amp;view=a5"">1981</a></div></td><td class=""data_0_0"">26</td><td class=""data_0_0""> 9/26 02:00</td><td class=""data_0_0"">56</td><td class=""data_0_0""> 9/26 02:00</td><td class=""data_0_0"">75</td><td class=""data_0_0"">10/22 24:00</td><td class=""data_0_0"">112</td><td class=""data_0_0"">10/23 01:00</td><td class=""data_0_0"">128</td><td class=""data_0_0"">10/23 06:00</td><td class=""data_0_0"">128</td><td class=""data_0_0"">10/24 06:00</td><td class=""data_0_0"">128</td><td class=""data_0_0"">10/25 06:00</td></tr>"
千葉,47682,1982,120.0,9/12 17:00,120,False,True,data_0_0,mtx,"<tr class=""mtx"" style=""text-align:right;""><td style=""white-space:nowrap""><div class=""a_print""><a href=""monthly_s1.php?prec_no=45&amp;block_no=47682&amp;year=1982&amp;month=&amp;day=&amp;view=a5"">1982</a></div></td><td class=""data_0_0"">24</td><td class=""data_0_0""> 6/20 21:00</td><td class=""data_0_0"">43</td><td class=""data_0_0""> 9/12 15:00</td><td class=""data_0_0"">84</td><td class=""data_0_0""> 9/12 15:00</td><td class=""data_0_0"">103</td><td class=""data_0_0""> 9/12 17:00</td><td class=""data_0_0"">120</td><td class=""data_0_0""> 9/12 17:00</td><td class=""data_0_0"">178</td><td class=""data_0_0""> 9/12 17:00</td><td class=""data_0_0"">182</td><td class=""data_0_0""> 9/13 13:00</td></tr>"
千葉,47682,1983,87.0,8/17 11:00,87,False,True,data_0_0,mtx,"<tr class=""mtx"" style=""text-align:right;""><td style=""white-space:nowrap""><div class=""a_print""><a href=""monthly_s1.php?prec_no=45&amp;block_no=47682&amp;year=1983&amp;month=&amp;day=&amp;view=a5"">1983</a></div></td><td class=""data_0_0"">30</td><td class=""data_0_0""> 6/26 06:00</td><td class=""data_0_0"">54</td><td class=""data_0_0""> 8/16 18:00</td><td class=""data_0_0"">57</td><td class=""data_0_0""> 8/16 20:00</td><td class=""data_0_0"">62</td><td class=""data_0_0""> 8/16 19:00</td><td class=""data_0_0"">87</td><td class=""data_0_0""> 8/17 11:00</td><td class=""data_0_0"">122</td><td class=""data_0_0""> 8/17 09:00</td><td class=""data_0_0"">146</td><td class=""data_0_0""> 8/18 06:00</td></tr>"
千葉,47682,1984,101.0,6/23 22:00,101,False,True,data_0_0,mtx,"<tr class=""mtx"" style=""text-align:right;""><td style=""white-space:nowrap""><div class=""a_print""><a href=""monthly_s1.php?prec_no=45&amp;block_no=47682&amp;year=1984&amp;month=&amp;day=&amp;view=a5"">1984</a></div></td><td class=""data_0_0"">25</td><td class=""data_0_0""> 7/11 24:00</td><td class=""data_0_0"">39</td><td class=""data_0_0""> 7/12 02:00</td><td class=""data_0_0"">66</td><td class=""data_0_0""> 6/23 07:00</td><td class=""data_0_0"">97</td><td class=""data_0_0""> 6/23 10:00</td><td class=""data_0_0"">101</td><td class=""data_0_0""> 6/23 22:00</td><td class=""data_0_0"">102</td><td class=""data_0_0""> 6/24 11:00</td><td class=""data_0_0"">109</td><td class=""data_0_0""> 6/25 11:00</td></tr>"
千葉,47682,1985,114.0,7/01 07:00,114,False,True,data_0_0,mtx,"<tr class=""mtx"" style=""text-align:right;""><td style=""white-space:nowrap""><div class=""a_print""><a href=""monthly_s1.php?prec_no=45&amp;block_no=47682&amp;year=1985&amp;month=&amp;day=&amp;view=a5"">1985</a></div></td><td class=""data_0_0"">19</td><td class=""data_0_0""> 8/31 02:00</td><td class=""data_0_0"">41</td><td class=""data_0_0""> 8/31 03:00</td><td class=""data_0_0"">53</td><td class=""data_0_0""> 8/31 03:00</td><td class=""data_0_0"">70</td><td class=""data_0_0""> 6/30 18:00</td><td class=""data_0_0"">114</td><td class=""data_0_0""> 7/01 07:00</td><td class=""data_0_0"">135</td><td class=""data_0_0""> 7/01 22:00</td><td class=""data_0_0"">161</td><td class=""data_0_0""> 7/01 06:00</td></tr>"
千葉,47682,1986,202.0,8/05 04:00,202,False,True,data_0_0,mtx,"<tr class=""mtx"" style=""text-align:right;""><td style=""white-space:nowrap""><div class=""a_print""><a href=""monthly_s1.php?prec_no=45&amp;block_no=47682&amp;year=1986&amp;month=&amp;day=&amp;view=a5"">1986</a></div></td><td class=""data_0_0"">65</td><td class=""data_0_0""> 9/09 02:00</td><td class=""data_0_0"">70</td><td class=""data_0_0""> 9/09 04:00</td><td class=""data_0_0"">102</td><td class=""data_0_0""> 8/04 24:00</td><td class=""data_0_0"">155</td><td class=""data_0_0""> 8/04 24:00</td><td class=""data_0_0"">202</td><td class=""data_0_0""> 8/05 04:00</td><td class=""data_0_0"">202</td><td class=""data_0_0""> 8/06 04:00</td><td class=""data_0_0"">205</td><td class=""data_0_0""> 8/05 10:00</td></tr>"
千葉,47682,1987,108.0,9/04 13:00,108,False,True,data_0_0,mtx,"<tr class=""mtx"" style=""text-align:right;""><td style=""white-space:nowrap""><div class=""a_print""><a href=""monthly_s1.php?prec_no=45&amp;block_no=47682&amp;year=1987&amp;month=&amp;day=&amp;view=a5"">1987</a></div></td><td class=""data_0_0"">23</td><td class=""data_0_0""> 9/25 08:00</td><td class=""data_0_0"">47</td><td class=""data_0_0""> 9/04 13:00</td><td class=""data_0_0"">54</td><td class=""data_0_0""> 9/04 13:00</td><td class=""data_0_0"">99</td><td class=""data_0_0""> 9/04 13:00</td><td class=""data_0_0"">108</td><td class=""data_0_0""> 9/04 13:00</td><td class=""data_0_0"">117</td><td class=""data_0_0""> 9/05 12:00</td><td class=""data_0_0"">117</td><td class=""data_0_0""> 9/06 12:00</td></tr>"
千葉,47682,1988,126.0,8/11 20:00,126,False,True,data_0_0,mtx,"<tr class=""mtx"" style=""text-align:right;""><td style=""white-space:nowrap""><div class=""a_print""><a href=""monthly_s1.php?prec_no=45&amp;block_no=47682&amp;year=1988&amp;month=&amp;day=&amp;view=a5"">1988</a></div></td><td class=""data_0_0"">26</td><td class=""data_0_0""> 7/16 04:00</td><td class=""data_0_0"">45</td><td class=""data_0_0""> 7/16 05:00</td><td class=""data_0_0"">60</td><td class=""data_0_0""> 7/16 06:00</td><td class=""data_0_0"">81</td><td class=""data_0_0""> 8/11 20:00</td><td class=""data_0_0"">126</td><td class=""data_0_0""> 8/11 20:00</td><td class=""data_0_0"">160</td><td class=""data_0_0""> 8/12 11:00</td><td class=""data_0_0"">179</td><td class=""data_0_0""> 8/13 20:00</td></tr>"
千葉,47682,1989,137.0,8/02 01:00,137,False,True,data_0_0,mtx,"<tr class=""mtx"" style=""text-align:right;""><td style=""white-space:nowrap""><div class=""a_print""><a href=""monthly_s1.php?prec_no=45&amp;block_no=47682&amp;year=1989&amp;month=&amp;day=&amp;view=a5"">1989</a></div></td><td class=""data_0_0"">21</td><td class=""data_0_0""> 9/20 06:00</td><td class=""data_0_0"">42</td><td class=""data_0_0""> 9/20 06:00</td><td class=""data_0_0"">50</td><td class=""data_0_0""> 4/24 01:00</td><td class=""data_0_0"">89</td><td class=""data_0_0""> 8/01 22:00</td><td class=""data_0_0"">137</td><td class=""data_0_0""> 8/02 01:00</td><td class=""data_0_0"">147</td><td class=""data_0_0""> 8/02 19:00</td><td class=""data_0_0"">148</td><td class=""data_0_0""> 8/02 23:00</td></tr>"
千葉,47682,1990,90.0,10/01 02:00,90 ],False,False,data_0_0,mtx,"<tr class=""mtx"" style=""text-align:right;""><td style=""white-space:nowrap""><div class=""a_print""><a href=""monthly_s1.php?prec_no=45&amp;block_no=47682&amp;year=1990&amp;month=&amp;day=&amp;view=a5"">1990</a></div></td><td class=""data_0_0"">20 ]</td><td class=""data_0_0""> 9/13 20:00</td><td class=""data_0_0"">54 ]</td><td class=""data_0_0""> 9/13 20:00</td><td class=""data_0_0"">70 ]</td><td class=""data_0_0""> 9/13 22:00</td><td class=""data_0_0"">80 ]</td><td class=""data_0_0""> 9/30 20:00</td><td class=""data_0_0"">90 ]</td><td class=""data_0_0"">10/01 02:00</td><td class=""data_0_0"">110 ]</td><td class=""data_0_0"">11/30 21:00</td><td class=""data_0_0"">148 ]</td><td class=""data_0_0"">11/30 22:00</td></tr>"
千葉,47682,1991,185.0,9/19 21:00,185,False,True,data_0_0,mtx,"<tr class=""mtx"" style=""text-align:right;""><td style=""white-space:nowrap""><div class=""a_print""><a href=""monthly_s1.php?prec_no=45&amp;block_no=47682&amp;year=1991&amp;month=&amp;day=&amp;view=a5"">1991</a></div></td><td class=""data_0_0"">41</td><td class=""data_0_0""> 9/19 17:00</td><td class=""data_0_0"">67</td><td class=""data_0_0""> 9/19 19:00</td><td class=""data_0_0"">84</td><td class=""data_0_0""> 9/19 19:00</td><td class=""data_0_0"">127</td><td class=""data_0_0""> 9/19 19:00</td><td class=""data_0_0"">185</td><td class=""data_0_0""> 9/19 21:00</td><td class=""data_0_0"">193</td><td class=""data_0_0""> 9/20 12:00</td><td class=""data_0_0"">195</td><td class=""data_0_0"">10/13 16:00</td></tr>"
千葉,47682,1992,86.0,10/09 20:00,86 ],False,False,data_0_0,mtx,"<tr class=""mtx"" style=""text-align:right;""><td style=""white-space:nowrap""><div class=""a_print""><a href=""monthly_s1.php?prec_no=45&amp;block_no=47682&amp;year=1992&amp;month=&amp;day=&amp;view=a5"">1992</a></div></td><td class=""data_0_0"">30</td><td class=""data_0_0"">10/09 07:00</td><td class=""data_0_0"">43</td><td class=""data_0_0""> 7/14 23:00</td><td class=""data_0_0"">63 ]</td><td class=""data_0_0"">10/09 07:00</td><td class=""data_0_0"">86 ]</td><td class=""data_0_0"">10/09 08:00</td><td class=""data_0_0"">86 ]</td><td class=""data_0_0"">10/09 20:00</td><td class=""data_0_0"">86 ]</td><td class=""data_0_0"">10/10 20:00</td><td class=""data_0_0"">99 ]</td><td class=""data_0_0"">10/02 19:00</td></tr>"
千葉,47682,1993,195.0,8/27 16:00,195,False,True,data_0_0,mtx,"<tr class=""mtx"" style=""text-align:right;""><td style=""white-space:nowrap""><div class=""a_print""><a href=""monthly_s1.php?prec_no=45&amp;block_no=47682&amp;year=1993&amp;month=&amp;day=&amp;view=a5"">1993</a></div></td><td class=""data_0_0"">37</td><td class=""data_0_0"">11/14 02:00</td><td class=""data_0_0"">75</td><td class=""data_0_0""> 8/27 13:00</td><td class=""data_0_0"">134</td><td class=""data_0_0""> 8/27 13:00</td><td class=""data_0_0"">176</td><td class=""data_0_0""> 8/27 17:00</td><td class=""data_0_0"">195</td><td class=""data_0_0""> 8/27 16:00</td><td class=""data_0_0"">206</td><td class=""data_0_0""> 8/28 14:00</td><td class=""data_0_0"">206</td><td class=""data_0_0""> 8/29 14:00</td></tr>"
千葉,47682,1994,133.0,8/21 13:00,133,False,True,data_0_0,mtx,"<tr class=""mtx"" style=""text-align:right;""><td style=""white-space:nowrap""><div class=""a_print""><a href=""monthly_s1.php?prec_no=45&amp;block_no=47682&amp;year=1994&amp;month=&amp;day=&amp;view=a5"">1994</a></div></td><td class=""data_0_0"">38</td><td class=""data_0_0""> 8/21 11:00</td><td class=""data_0_0"">96</td><td class=""data_0_0""> 8/21 12:00</td><td class=""data_0_0"">111</td><td class=""data_0_0""> 8/21 14:00</td><td class=""data_0_0"">123</td><td class=""data_0_0""> 8/21 14:00</td><td class=""data_0_0"">133</td><td class=""data_0_0""> 8/21 13:00</td><td class=""data_0_0"">146</td><td class=""data_0_0""> 8/21 15:00</td><td class=""data_0_0"">146</td><td class=""data_0_0""> 8/22 15:00</td></tr>"
千葉,47682,1995,142.0,9/17 14:00,142,False,True,data_0_0,mtx,"<tr class=""mtx"" style=""text-align:right;""><td style=""white-space:nowrap""><div class=""a_print""><a href=""monthly_s1.php?prec_no=45&amp;block_no=47682&amp;year=1995&amp;month=&amp;day=&amp;view=a5"">1995</a></div></td><td class=""data_0_0"">20</td><td class=""data_0_0""> 6/04 02:00</td><td class=""data_0_0"">34</td><td class=""data_0_0""> 9/17 12:00</td><td class=""data_0_0"">48</td><td class=""data_0_0""> 9/17 13:00</td><td class=""data_0_0"">82</td><td class=""data_0_0""> 9/17 13:00</td><td class=""data_0_0"">142</td><td class=""data_0_0""> 9/17 14:00</td><td class=""data_0_0"">160</td><td class=""data_0_0""> 9/18 06:00</td><td class=""data_0_0"">164</td><td class=""data_0_0""> 9/18 06:00</td></tr>"
千葉,47682,1996,260.0,9/23 01:00,260,False,True,data_0_0,mtx,"<tr class=""mtx"" style=""text-align:right;""><td style=""white-space:nowrap""><div class=""a_print""><a href=""monthly_s1.php?prec_no=45&amp;block_no=47682&amp;year=1996&amp;month=&amp;day=&amp;view=a5"">1996</a></div></td><td class=""data_0_0"">39</td><td class=""data_0_0""> 9/22 11:00</td><td class=""data_0_0"">101</td><td class=""data_0_0""> 9/22 12:00</td><td class=""data_0_0"">168</td><td class=""data_0_0""> 9/22 15:00</td><td class=""data_0_0"">241</td><td class=""data_0_0""> 9/22 16:00</td><td class=""data_0_0"">260</td><td class=""data_0_0""> 9/23 01:00</td><td class=""data_0_0"">268</td><td class=""data_0_0""> 9/22 18:00</td><td class=""data_0_0"">271</td><td class=""data_0_0""> 9/23 17:00</td></tr>"
千葉,47682,1997,83.0,5/25 10:00,83,False,True,data_0_0,mtx,"<tr class=""mtx"" style=""text-align:right;""><td style=""white-space:nowrap""><div class=""a_print""><a href=""monthly_s1.php?prec_no=45&amp;block_no=47682&amp;year=1997&amp;month=&amp;day=&amp;view=a5"">1997</a></div></td><td class=""data_0_0"">25</td><td class=""data_0_0""> 5/25 02:00</td><td class=""data_0_0"">46</td><td class=""data_0_0""> 5/25 03:00</td><td class=""data_0_0"">59</td><td class=""data_0_0""> 5/25 04:00</td><td class=""data_0_0"">71</td><td class=""data_0_0""> 5/25 04:00</td><td class=""data_0_0"">83</td><td class=""data_0_0""> 5/25 10:00</td><td class=""data_0_0"">83</td><td class=""data_0_0""> 5/26 10:00</td><td class=""data_0_0"">90</td><td class=""data_0_0""> 5/25 04:00</td></tr>"
千葉,47682,1998,64.0,9/16 21:00,64,False,True,data_0_0,mtx,"<tr class=""mtx"" style=""text-align:right;""><td style=""white-space:nowrap""><div class=""a_print""><a href=""monthly_s1.php?prec_no=45&amp;block_no=47682&amp;year=1998&amp;month=&amp;day=&amp;view=a5"">1998</a></div></td><td class=""data_0_0"">21</td><td class=""data_0_0""> 5/19 07:00</td><td class=""data_0_0"">39</td><td class=""data_0_0""> 5/19 08:00</td><td class=""data_0_0"">51</td><td class=""data_0_0""> 9/16 04:00</td><td class=""data_0_0"">62</td><td class=""data_0_0""> 9/16 09:00</td><td class=""data_0_0"">64</td><td class=""data_0_0""> 9/16 21:00</td><td class=""data_0_0"">74</td><td class=""data_0_0""> 7/24 14:00</td><td class=""data_0_0"">77</td><td class=""data_0_0""> 7/25 06:00</td></tr>"
千葉,47682,1999,189.0,7/14 03:00,189,False,True,data_0_0,mtx,"<tr class=""mtx"" style=""text-align:right;""><td style=""white-space:nowrap""><div class=""a_print""><a href=""monthly_s1.php?prec_no=45&amp;block_no=47682&amp;year=1999&amp;month=&amp;day=&amp;view=a5"">1999</a></div></td><td class=""data_0_0"">57</td><td class=""data_0_0""> 8/20 14:00</td><td class=""data_0_0"">61</td><td class=""data_0_0""> 7/13 24:00</td><td class=""data_0_0"">79</td><td class=""data_0_0""> 7/14 03:00</td><td class=""data_0_0"">128</td><td class=""data_0_0""> 7/14 01:00</td><td class=""data_0_0"">189</td><td class=""data_0_0""> 7/14 03:00</td><td class=""data_0_0"">197</td><td class=""data_0_0""> 7/15 03:00</td><td class=""data_0_0"">212</td><td class=""data_0_0""> 7/13 24:00</td></tr>"
千葉,47682,2000,192.0,7/08 15:00,192,False,True,data_0_0,mtx,"<tr class=""mtx"" style=""text-align:right;""><td style=""white-space:nowrap""><div class=""a_print""><a href=""monthly_s1.php?prec_no=45&amp;block_no=47682&amp;year=2000&amp;month=&amp;day=&amp;view=a5"">2000</a></div></td><td class=""data_0_0"">37</td><td class=""data_0_0""> 7/07 23:00</td><td class=""data_0_0"">80</td><td class=""data_0_0""> 7/07 24:00</td><td class=""data_0_0"">101</td><td class=""data_0_0""> 7/08 03:00</td><td class=""data_0_0"">179</td><td class=""data_0_0""> 7/08 08:00</td><td class=""data_0_0"">192</td><td class=""data_0_0""> 7/08 15:00</td><td class=""data_0_0"">192</td><td class=""data_0_0""> 7/09 15:00</td><td class=""data_0_0"">192</td><td class=""data_0_0""> 7/10 15:00</td></tr>"
千葉,47682,2001,185.0,10/11 03:00,185,False,True,data_0_0,mtx,"<tr class=""mtx"" style=""text-align:right;""><td style=""white-space:nowrap""><div class=""a_print""><a href=""monthly_s1.php?prec_no=45&amp;block_no=47682&amp;year=2001&amp;month=&amp;day=&amp;view=a5"">2001</a></div></td><td class=""data_0_0"">36</td><td class=""data_0_0"">10/10 21:00</td><td class=""data_0_0"">58</td><td class=""data_0_0"">10/10 22:00</td><td class=""data_0_0"">103</td><td class=""data_0_0"">10/10 21:00</td><td class=""data_0_0"">172</td><td class=""data_0_0"">10/10 22:00</td><td class=""data_0_0"">185</td><td class=""data_0_0"">10/11 03:00</td><td class=""data_0_0"">186</td><td class=""data_0_0"">10/10 23:00</td><td class=""data_0_0"">194</td><td class=""data_0_0"">10/11 12:00</td></tr>"
千葉,47682,2002,83.0,9/08 16:00,83,False,True,data_0_0,mtx,"<tr class=""mtx"" style=""text-align:right;""><td style=""white-space:nowrap""><div class=""a_print""><a href=""monthly_s1.php?prec_no=45&amp;block_no=47682&amp;year=2002&amp;month=&amp;day=&amp;view=a5"">2002</a></div></td><td class=""data_0_0"">35</td><td class=""data_0_0""> 1/21 17:00</td><td class=""data_0_0"">48</td><td class=""data_0_0""> 9/08 02:00</td><td class=""data_0_0"">53</td><td class=""data_0_0"">10/07 10:00</td><td class=""data_0_0"">79</td><td class=""data_0_0""> 9/08 04:00</td><td class=""data_0_0"">83</td><td class=""data_0_0""> 9/08 16:00</td><td class=""data_0_0"">160</td><td class=""data_0_0""> 9/08 03:00</td><td class=""data_0_0"">167</td><td class=""data_0_0""> 9/08 24:00</td></tr>"
千葉,47682,2003,176.0,8/15 21:30,176,False,True,data_1t_0,mtx,"<tr class=""mtx"" style=""text-align:right;""><td style=""white-space:nowrap""><div class=""a_print""><a href=""monthly_s1.php?prec_no=45&amp;block_no=47682&amp;year=2003&amp;month=&amp;day=&amp;view=a5"">2003</a></div></td><td class=""data_1t_0"">23</td><td class=""data_1t_0""> 7/24 04:10</td><td class=""data_1t_0"">44</td><td class=""data_1t_0""> 8/15 09:40</td><td class=""data_1t_0"">66</td><td class=""data_1t_0""> 8/15 11:30</td><td class=""data_1t_0"">116</td><td class=""data_1t_0""> 8/15 14:30</td><td class=""data_1t_0"">176</td><td class=""data_1t_0""> 8/15 21:30</td><td class=""data_1t_0"">227</td><td class=""data_1t_0""> 8/16 13:20</td><td class=""data_1t_0"">248</td><td class=""data_1t_0""> 8/17 02:50</td></tr>"
千葉,47682,2004,157.0,10/09 17:50,157,False,True,data_0_0,mtx,"<tr class=""mtx"" style=""text-align:right;""><td style=""white-space:nowrap""><div class=""a_print""><a href=""monthly_s1.php?prec_no=45&amp;block_no=47682&amp;year=2004&amp;month=&amp;day=&amp;view=a5"">2004</a></div></td><td class=""data_0_0"">43</td><td class=""data_0_0""> 9/04 22:20</td><td class=""data_0_0"">95</td><td class=""data_0_0""> 9/04 22:30</td><td class=""data_0_0"">121</td><td class=""data_0_0""> 9/05 00:10</td><td class=""data_0_0"">127</td><td class=""data_0_0""> 9/05 05:50</td><td class=""data_0_0"">157</td><td class=""data_0_0"">10/09 17:50</td><td class=""data_0_0"">162</td><td class=""data_0_0"">10/10 13:40</td><td class=""data_0_0"">173</td><td class=""data_0_0"">10/11 13:40</td></tr>"
千葉,47682,2005,116.0,8/26 04:30,116,False,True,data_0_0,mtx,"<tr class=""mtx"" style=""text-align:right;""><td style=""white-space:nowrap""><div class=""a_print""><a href=""monthly_s1.php?prec_no=45&amp;block_no=47682&amp;year=2005&amp;month=&amp;day=&amp;view=a5"">2005</a></div></td><td class=""data_0_0"">56</td><td class=""data_0_0""> 8/23 19:10</td><td class=""data_0_0"">86</td><td class=""data_0_0""> 8/23 21:10</td><td class=""data_0_0"">96</td><td class=""data_0_0""> 8/23 24:00</td><td class=""data_0_0"">97</td><td class=""data_0_0""> 8/24 06:00</td><td class=""data_0_0"">116</td><td class=""data_0_0""> 8/26 04:30</td><td class=""data_0_0"">137</td><td class=""data_0_0""> 8/25 18:00</td><td class=""data_0_0"">218</td><td class=""data_0_0""> 8/26 17:50</td></tr>"
千葉,47682,2006,164.0,12/27 09:30,164,False,True,data_0_0,mtx,"<tr class=""mtx"" style=""text-align:right;""><td style=""white-space:nowrap""><div class=""a_print""><a href=""monthly_s1.php?prec_no=45&amp;block_no=47682&amp;year=2006&amp;month=&amp;day=&amp;view=a5"">2006</a></div></td><td class=""data_0_0"">28</td><td class=""data_0_0""> 1/14 18:30</td><td class=""data_0_0"">49</td><td class=""data_0_0""> 9/26 23:50</td><td class=""data_0_0"">74</td><td class=""data_0_0"">12/27 01:00</td><td class=""data_0_0"">141</td><td class=""data_0_0"">12/27 02:00</td><td class=""data_0_0"">164</td><td class=""data_0_0"">12/27 09:30</td><td class=""data_0_0"">186</td><td class=""data_0_0"">10/07 14:00</td><td class=""data_0_0"">186</td><td class=""data_0_0"">10/08 14:00</td></tr>"
千葉,47682,2007,115.0,7/15 11:20,115,False,True,data_0_0,mtx,"<tr class=""mtx"" style=""text-align:right;""><td style=""white-space:nowrap""><div class=""a_print""><a href=""monthly_s1.php?prec_no=45&amp;block_no=47682&amp;year=2007&amp;month=&amp;day=&amp;view=a5"">2007</a></div></td><td class=""data_0_0"">33</td><td class=""data_0_0""> 9/12 06:40</td><td class=""data_0_0"">50</td><td class=""data_0_0""> 9/12 07:10</td><td class=""data_0_0"">60</td><td class=""data_0_0"">10/27 18:20</td><td class=""data_0_0"">95</td><td class=""data_0_0"">10/27 19:00</td><td class=""data_0_0"">115</td><td class=""data_0_0""> 7/15 11:20</td><td class=""data_0_0"">123</td><td class=""data_0_0""> 7/16 07:20</td><td class=""data_0_0"">129</td><td class=""data_0_0""> 7/17 09:00</td></tr>"
千葉,47682,2008,93.5,9/20 13:30,93.5,False,True,data_0_0,mtx,"<tr class=""mtx"" style=""text-align:right;""><td style=""white-space:nowrap""><div class=""a_print""><a href=""monthly_s1.php?prec_no=45&amp;block_no=47682&amp;year=2008&amp;month=&amp;day=&amp;view=a5"">2008</a></div></td><td class=""data_0_0"">39.0</td><td class=""data_0_0""> 8/30 22:00</td><td class=""data_0_0"">66.5</td><td class=""data_0_0""> 9/20 02:30</td><td class=""data_0_0"">85.5</td><td class=""data_0_0""> 9/20 04:50</td><td class=""data_0_0"">92.0 ]</td><td class=""data_0_0""> 9/20 08:00</td><td class=""data_0_0"">93.5</td><td class=""data_0_0""> 9/20 13:30</td><td class=""data_0_0"">136.0 ]</td><td class=""data_0_0""> 9/21 20:00</td><td class=""data_0_0"">177.5 ]</td><td class=""data_0_0""> 9/22 13:30</td></tr>"
千葉,47682,2009,160.5,8/10 15:10,160.5,False,True,data_0_0,mtx,"<tr class=""mtx"" style=""text-align:right;""><td style=""white-space:nowrap""><div class=""a_print""><a href=""monthly_s1.php?prec_no=45&amp;block_no=47682&amp;year=2009&amp;month=&amp;day=&amp;view=a5"">2009</a></div></td><td class=""data_0_0"">46.5</td><td class=""data_0_0""> 8/10 08:30</td><td class=""data_0_0"">74.5</td><td class=""data_0_0""> 8/10 09:40</td><td class=""data_0_0"">92.0</td><td class=""data_0_0""> 8/10 10:50</td><td class=""data_0_0"">107.5</td><td class=""data_0_0""> 8/10 16:50</td><td class=""data_0_0"">160.5</td><td class=""data_0_0""> 8/10 15:10</td><td class=""data_0_0"">166.5</td><td class=""data_0_0""> 8/11 14:50</td><td class=""data_0_0"">172.5</td><td class=""data_0_0""> 8/10 19:00</td></tr>"
千葉,47682,2010,153.0,9/09 10:10,153.0,False,True,data_0_0,mtx,"<tr class=""mtx"" style=""text-align:right;""><td style=""white-space:nowrap""><div class=""a_print""><a href=""monthly_s1.php?prec_no=45&amp;block_no=47682&amp;year=2010&amp;month=&amp;day=&amp;view=a5"">2010</a></div></td><td class=""data_0_0"">67.5</td><td class=""data_0_0""> 9/08 18:00</td><td class=""data_0_0"">137.5</td><td class=""data_0_0""> 9/08 18:50</td><td class=""data_0_0"">145.5</td><td class=""data_0_0""> 9/08 19:00</td><td class=""data_0_0"">152.0</td><td class=""data_0_0""> 9/08 23:20</td><td class=""data_0_0"">153.0</td><td class=""data_0_0""> 9/09 10:10</td><td class=""data_0_0"">153.0 ]</td><td class=""data_0_0""> 9/10 10:10</td><td class=""data_0_0"">153.0 ]</td><td class=""data_0_0""> 9/11 10:10</td></tr>"
千葉,47682,2011,103.5,9/21 18:30,103.5,False,True,data_0_0,mtx,"<tr class=""mtx"" style=""text-align:right;""><td style=""white-space:nowrap""><div class=""a_print""><a href=""monthly_s1.php?prec_no=45&amp;block_no=47682&amp;year=2011&amp;month=&amp;day=&amp;view=a5"">2011</a></div></td><td class=""data_0_0"">24.0</td><td class=""data_0_0"">10/22 06:40</td><td class=""data_0_0"">41.0</td><td class=""data_0_0"">10/22 07:00</td><td class=""data_0_0"">61.0</td><td class=""data_0_0"">10/05 21:40</td><td class=""data_0_0"">89.5</td><td class=""data_0_0"">10/05 23:40</td><td class=""data_0_0"">103.5</td><td class=""data_0_0""> 9/21 18:30</td><td class=""data_0_0"">108.5 ]</td><td class=""data_0_0""> 9/22 18:00</td><td class=""data_0_0"">112.0 ]</td><td class=""data_0_0""> 9/23 01:10</td></tr>"
千葉,47682,2012,106.0,10/05 02:40,106.0,False,True,data_0_0,mtx,"<tr class=""mtx"" style=""text-align:right;""><td style=""white-space:nowrap""><div class=""a_print""><a href=""monthly_s1.php?prec_no=45&amp;block_no=47682&amp;year=2012&amp;month=&amp;day=&amp;view=a5"">2012</a></div></td><td class=""data_0_0"">54.0</td><td class=""data_0_0"">10/05 00:30</td><td class=""data_0_0"">88.0</td><td class=""data_0_0"">10/05 01:10</td><td class=""data_0_0"">104.5</td><td class=""data_0_0"">10/05 04:10</td><td class=""data_0_0"">104.5</td><td class=""data_0_0"">10/05 10:10</td><td class=""data_0_0"">106.0</td><td class=""data_0_0"">10/05 02:40</td><td class=""data_0_0"">134.5</td><td class=""data_0_0"">10/05 09:30</td><td class=""data_0_0"">135.0</td><td class=""data_0_0"">10/05 18:00</td></tr>"
千葉,47682,2013,309.0,10/16 13:50,309.0,False,True,data_0_0,mtx,"<tr class=""mtx"" style=""text-align:right;""><td style=""white-space:nowrap""><div class=""a_print""><a href=""monthly_s1.php?prec_no=45&amp;block_no=47682&amp;year=2013&amp;month=&amp;day=&amp;view=a5"">2013</a></div></td><td class=""data_0_0"">61.0</td><td class=""data_0_0"">10/16 05:40</td><td class=""data_0_0"">131.0</td><td class=""data_0_0"">10/16 06:20</td><td class=""data_0_0"">211.0</td><td class=""data_0_0"">10/16 06:30</td><td class=""data_0_0"">267.5</td><td class=""data_0_0"">10/16 07:20</td><td class=""data_0_0"">309.0</td><td class=""data_0_0"">10/16 13:50</td><td class=""data_0_0"">309.0</td><td class=""data_0_0"">10/17 13:50</td><td class=""data_0_0"">309.0</td><td class=""data_0_0"">10/18 13:50</td></tr>"
千葉,47682,2014,170.5,10/06 11:00,170.5,False,True,data_0_0,mtx,"<tr class=""mtx"" style=""text-align:right;""><td style=""white-space:nowrap""><div class=""a_print""><a href=""monthly_s1.php?prec_no=45&amp;block_no=47682&amp;year=2014&amp;month=&amp;day=&amp;view=a5"">2014</a></div></td><td class=""data_0_0"">51.5</td><td class=""data_0_0""> 7/19 20:10</td><td class=""data_0_0"">61.0</td><td class=""data_0_0""> 6/07 01:00</td><td class=""data_0_0"">103.0</td><td class=""data_0_0""> 6/07 02:10</td><td class=""data_0_0"">138.0</td><td class=""data_0_0""> 6/07 04:50</td><td class=""data_0_0"">170.5</td><td class=""data_0_0"">10/06 11:00</td><td class=""data_0_0"">204.0</td><td class=""data_0_0"">10/07 04:10</td><td class=""data_0_0"">204.0</td><td class=""data_0_0"">10/08 04:10</td></tr>"
千葉,47682,2015,145.5,9/10 13:10,145.5,False,True,data_0_0,mtx,"<tr class=""mtx"" style=""text-align:right;""><td style=""white-space:nowrap""><div class=""a_print""><a href=""monthly_s1.php?prec_no=45&amp;block_no=47682&amp;year=2015&amp;month=&amp;day=&amp;view=a5"">2015</a></div></td><td class=""data_0_0"">44.5</td><td class=""data_0_0""> 7/03 10:20</td><td class=""data_0_0"">66.5</td><td class=""data_0_0""> 7/03 11:20</td><td class=""data_0_0"">86.0</td><td class=""data_0_0""> 9/10 07:00</td><td class=""data_0_0"">116.5</td><td class=""data_0_0""> 9/10 09:10</td><td class=""data_0_0"">145.5</td><td class=""data_0_0""> 9/10 13:10</td><td class=""data_0_0"">181.5</td><td class=""data_0_0""> 9/10 12:50</td><td class=""data_0_0"">221.0</td><td class=""data_0_0""> 9/10 17:10</td></tr>"
千葉,47682,2016,106.0,9/20 20:00,106.0,False,True,data_0_0,mtx,"<tr class=""mtx"" style=""text-align:right;""><td style=""white-space:nowrap""><div class=""a_print""><a href=""monthly_s1.php?prec_no=45&amp;block_no=47682&amp;year=2016&amp;month=&amp;day=&amp;view=a5"">2016</a></div></td><td class=""data_0_0"">54.0</td><td class=""data_0_0""> 9/13 11:00</td><td class=""data_0_0"">72.0</td><td class=""data_0_0""> 9/13 11:40</td><td class=""data_0_0"">76.0</td><td class=""data_0_0""> 9/13 12:30</td><td class=""data_0_0"">80.0</td><td class=""data_0_0""> 8/22 18:30</td><td class=""data_0_0"">106.0</td><td class=""data_0_0""> 9/20 20:00</td><td class=""data_0_0"">114.5</td><td class=""data_0_0""> 9/21 16:30</td><td class=""data_0_0"">140.0</td><td class=""data_0_0""> 9/22 16:30</td></tr>"
千葉,47682,2017,124.5,10/23 01:50,124.5,False,True,data_0_0,mtx,"<tr class=""mtx"" style=""text-align:right;""><td style=""white-space:nowrap""><div class=""a_print""><a href=""monthly_s1.php?prec_no=45&amp;block_no=47682&amp;year=2017&amp;month=&amp;day=&amp;view=a5"">2017</a></div></td><td class=""data_0_0"">31.5</td><td class=""data_0_0""> 9/28 06:30</td><td class=""data_0_0"">62.5</td><td class=""data_0_0""> 9/28 07:20</td><td class=""data_0_0"">86.5</td><td class=""data_0_0""> 9/28 08:10</td><td class=""data_0_0"">97.0</td><td class=""data_0_0"">10/29 20:40</td><td class=""data_0_0"">124.5</td><td class=""data_0_0"">10/23 01:50</td><td class=""data_0_0"">143.5</td><td class=""data_0_0"">10/23 07:50</td><td class=""data_0_0"">146.5</td><td class=""data_0_0"">10/23 07:50</td></tr>"
千葉,47682,2018,76.5,10/01 02:20,76.5,False,True,data_0_0,mtx,"<tr class=""mtx"" style=""text-align:right;""><td style=""white-space:nowrap""><div class=""a_print""><a href=""monthly_s1.php?prec_no=45&amp;block_no=47682&amp;year=2018&amp;month=&amp;day=&amp;view=a5"">2018</a></div></td><td class=""data_0_0"">32.0</td><td class=""data_0_0""> 9/30 07:30</td><td class=""data_0_0"">38.0</td><td class=""data_0_0""> 5/13 21:00</td><td class=""data_0_0"">50.5</td><td class=""data_0_0""> 5/13 21:00</td><td class=""data_0_0"">55.0</td><td class=""data_0_0""> 9/30 15:20</td><td class=""data_0_0"">76.5</td><td class=""data_0_0"">10/01 02:20</td><td class=""data_0_0"">84.0</td><td class=""data_0_0""> 5/09 15:00</td><td class=""data_0_0"">87.5</td><td class=""data_0_0""> 5/10 15:00</td></tr>"
千葉,47682,2019,181.5,10/26 04:10,181.5,False,True,data_0_0,mtx,"<tr class=""mtx"" style=""text-align:right;""><td style=""white-space:nowrap""><div class=""a_print""><a href=""monthly_s1.php?prec_no=45&amp;block_no=47682&amp;year=2019&amp;month=&amp;day=&amp;view=a5"">2019</a></div></td><td class=""data_0_0"">43.5</td><td class=""data_0_0"">10/25 12:00</td><td class=""data_0_0"">84.0</td><td class=""data_0_0"">10/25 12:10</td><td class=""data_0_0"">128.0</td><td class=""data_0_0"">10/25 13:00</td><td class=""data_0_0"">181.5</td><td class=""data_0_0"">10/25 16:10</td><td class=""data_0_0"">181.5</td><td class=""data_0_0"">10/26 04:10</td><td class=""data_0_0"">181.5</td><td class=""data_0_0"">10/27 04:10</td><td class=""data_0_0"">181.5</td><td class=""data_0_0"">10/28 04:10</td></tr>"
千葉,47682,2020,93.0,1/29 04:00,93.0,False,True,data_0_0,mtx,"<tr class=""mtx"" style=""text-align:right;""><td style=""white-space:nowrap""><div class=""a_print""><a href=""monthly_s1.php?prec_no=45&amp;block_no=47682&amp;year=2020&amp;month=&amp;day=&amp;view=a5"">2020</a></div></td><td class=""data_0_0"">41.5</td><td class=""data_0_0""> 9/05 19:30</td><td class=""data_0_0"">49.5</td><td class=""data_0_0""> 9/05 21:20</td><td class=""data_0_0"">64.0</td><td class=""data_0_0""> 1/29 03:40</td><td class=""data_0_0"">78.0</td><td class=""data_0_0""> 1/29 03:50</td><td class=""data_0_0"">93.0</td><td class=""data_0_0""> 1/29 04:00</td><td class=""data_0_0"">105.0</td><td class=""data_0_0""> 7/27 02:50</td><td class=""data_0_0"">133.0</td><td class=""data_0_0"">10/10 22:40</td></tr>"
千葉,47682,2021,168.0,7/03 09:00,168.0,False,True,data_0_0,mtx,"<tr class=""mtx"" style=""text-align:right;""><td style=""white-space:nowrap""><div class=""a_print""><a href=""monthly_s1.php?prec_no=45&amp;block_no=47682&amp;year=2021&amp;month=&amp;day=&amp;view=a5"">2021</a></div></td><td class=""data_0_0"">36.5</td><td class=""data_0_0""> 7/30 11:50</td><td class=""data_0_0"">46.5</td><td class=""data_0_0"">12/01 08:00</td><td class=""data_0_0"">68.5</td><td class=""data_0_0""> 8/08 06:30</td><td class=""data_0_0"">116.0</td><td class=""data_0_0""> 7/03 08:30</td><td class=""data_0_0"">168.0</td><td class=""data_0_0""> 7/03 09:00</td><td class=""data_0_0"">222.5</td><td class=""data_0_0""> 7/03 07:30</td><td class=""data_0_0"">254.5</td><td class=""data_0_0""> 7/04 03:00</td></tr>"
千葉,47682,2022,76.0,8/14 11:30,76.0,False,True,data_0_0,mtx,"<tr class=""mtx"" style=""text-align:right;""><td style=""white-space:nowrap""><div class=""a_print""><a href=""monthly_s1.php?prec_no=45&amp;block_no=47682&amp;year=2022&amp;month=&amp;day=&amp;view=a5"">2022</a></div></td><td class=""data_0_0"">51.0</td><td class=""data_0_0""> 8/13 20:00</td><td class=""data_0_0"">60.5</td><td class=""data_0_0""> 8/13 20:00</td><td class=""data_0_0"">65.5</td><td class=""data_0_0""> 8/13 22:20</td><td class=""data_0_0"">76.0</td><td class=""data_0_0""> 8/13 23:30</td><td class=""data_0_0"">76.0</td><td class=""data_0_0""> 8/14 11:30</td><td class=""data_0_0"">95.5</td><td class=""data_0_0""> 7/14 22:20</td><td class=""data_0_0"">130.0</td><td class=""data_0_0""> 7/15 22:20</td></tr>"
千葉,47682,2023,219.5,9/09 02:20,219.5,False,True,data_0_0,mtx,"<tr class=""mtx"" style=""text-align:right;""><td style=""white-space:nowrap""><div class=""a_print""><a href=""monthly_s1.php?prec_no=45&amp;block_no=47682&amp;year=2023&amp;month=&amp;day=&amp;view=a5"">2023</a></div></td><td class=""data_0_0"">63.0</td><td class=""data_0_0""> 9/08 11:40</td><td class=""data_0_0"">99.0</td><td class=""data_0_0""> 9/08 11:40</td><td class=""data_0_0"">162.5</td><td class=""data_0_0""> 9/08 11:50</td><td class=""data_0_0"">209.0</td><td class=""data_0_0""> 9/08 14:00</td><td class=""data_0_0"">219.5</td><td class=""data_0_0""> 9/09 02:20</td><td class=""data_0_0"">233.5</td><td class=""data_0_0""> 9/08 19:00</td><td class=""data_0_0"">246.5</td><td class=""data_0_0""> 9/09 08:10</td></tr>"
千葉,47682,2024,99.0,6/19 03:00,99.0,False,True,data_0_0,mtx,"<tr class=""mtx"" style=""text-align:right;""><td style=""white-space:nowrap""><div class=""a_print""><a href=""monthly_s1.php?prec_no=45&amp;block_no=47682&amp;year=2024&amp;month=&amp;day=&amp;view=a5"">2024</a></div></td><td class=""data_0_0"">49.5</td><td class=""data_0_0""> 7/30 16:30</td><td class=""data_0_0"">49.5</td><td class=""data_0_0""> 7/30 18:30</td><td class=""data_0_0"">58.5</td><td class=""data_0_0"">10/09 05:10</td><td class=""data_0_0"">90.5</td><td class=""data_0_0""> 6/18 18:20</td><td class=""data_0_0"">99.0</td><td class=""data_0_0""> 6/19 03:00</td><td class=""data_0_0"">120.5</td><td class=""data_0_0""> 8/31 21:00</td><td class=""data_0_0"">130.0</td><td class=""data_0_0""> 9/01 21:00</td></tr>"
千葉,47682,2025,118.5,9/12 15:30,118.5,False,True,data_0_0,mtx,"<tr class=""mtx"" style=""text-align:right;""><td style=""white-space:nowrap""><div class=""a_print""><a href=""monthly_s1.php?prec_no=45&amp;block_no=47682&amp;year=2025&amp;month=&amp;day=&amp;view=a5"">2025</a></div></td><td class=""data_0_0"">56.5</td><td class=""data_0_0""> 9/12 13:30</td><td class=""data_0_0"">91.0</td><td class=""data_0_0""> 9/12 15:00</td><td class=""data_0_0"">91.0</td><td class=""data_0_0""> 9/12 18:00</td><td class=""data_0_0"">91.0</td><td class=""data_0_0""> 9/12 24:00</td><td class=""data_0_0"">118.5</td><td class=""data_0_0""> 9/12 15:30</td><td class=""data_0_0"">120.5</td><td class=""data_0_0""> 9/13 15:30</td><td class=""data_0_0"">122.0</td><td class=""data_0_0""> 9/13 14:50</td></tr>"
茂原,0381,1976,94.0,6/16 20:00,94,False,True,data_0_0,mtx,"<tr class=""mtx"" style=""text-align:right;""><td style=""white-space:nowrap""><div class=""a_print""><a href=""monthly_a1.php?prec_no=45&amp;block_no=0381&amp;year=1976&amp;month=&amp;day=&amp;view=a5"">1976</a></div></td><td class=""data_0_0"">41</td><td class=""data_0_0""> 6/15 24:00</td><td class=""data_0_0"">85</td><td class=""data_0_0""> 6/15 24:00</td><td class=""data_0_0"">94</td><td class=""data_0_0""> 6/16 02:00</td><td class=""data_0_0"">94</td><td class=""data_0_0""> 6/16 08:00</td><td class=""data_0_0"">94</td><td class=""data_0_0""> 6/16 20:00</td><td class=""data_0_0"">100</td><td class=""data_0_0""> 6/16 01:00</td><td class=""data_0_0"">110</td><td class=""data_0_0""> 6/16 16:00</td></tr>"
茂原,0381,1977,154.0,9/20 01:00,154,False,True,data_0_0,mtx,"<tr class=""mtx"" style=""text-align:right;""><td style=""white-space:nowrap""><div class=""a_print""><a href=""monthly_a1.php?prec_no=45&amp;block_no=0381&amp;year=1977&amp;month=&amp;day=&amp;view=a5"">1977</a></div></td><td class=""data_0_0"">40</td><td class=""data_0_0"">11/17 05:00</td><td class=""data_0_0"">88</td><td class=""data_0_0"">11/17 06:00</td><td class=""data_0_0"">107</td><td class=""data_0_0"">11/17 07:00</td><td class=""data_0_0"">119</td><td class=""data_0_0"">11/17 13:00</td><td class=""data_0_0"">154</td><td class=""data_0_0""> 9/20 01:00</td><td class=""data_0_0"">154</td><td class=""data_0_0""> 9/21 01:00</td><td class=""data_0_0"">154</td><td class=""data_0_0""> 9/22 01:00</td></tr>"
茂原,0381,1978,98.0,6/23 23:00,98,False,True,data_0_0,mtx,"<tr class=""mtx"" style=""text-align:right;""><td style=""white-space:nowrap""><div class=""a_print""><a href=""monthly_a1.php?prec_no=45&amp;block_no=0381&amp;year=1978&amp;month=&amp;day=&amp;view=a5"">1978</a></div></td><td class=""data_0_0"">21</td><td class=""data_0_0""> 6/23 01:00</td><td class=""data_0_0"">37</td><td class=""data_0_0""> 6/23 11:00</td><td class=""data_0_0"">58</td><td class=""data_0_0""> 6/23 13:00</td><td class=""data_0_0"">89</td><td class=""data_0_0""> 6/23 12:00</td><td class=""data_0_0"">98</td><td class=""data_0_0""> 6/23 23:00</td><td class=""data_0_0"">108</td><td class=""data_0_0""> 6/24 23:00</td><td class=""data_0_0"">109</td><td class=""data_0_0""> 6/25 23:00</td></tr>"
茂原,0381,1979,91.0,10/19 16:00,91,False,True,data_0_0,mtx,"<tr class=""mtx"" style=""text-align:right;""><td style=""white-space:nowrap""><div class=""a_print""><a href=""monthly_a1.php?prec_no=45&amp;block_no=0381&amp;year=1979&amp;month=&amp;day=&amp;view=a5"">1979</a></div></td><td class=""data_0_0"">51</td><td class=""data_0_0""> 7/27 16:00</td><td class=""data_0_0"">68</td><td class=""data_0_0""> 7/27 18:00</td><td class=""data_0_0"">69</td><td class=""data_0_0""> 7/27 21:00</td><td class=""data_0_0"">78</td><td class=""data_0_0"">11/11 05:00</td><td class=""data_0_0"">91</td><td class=""data_0_0"">10/19 16:00</td><td class=""data_0_0"">91</td><td class=""data_0_0"">10/20 16:00</td><td class=""data_0_0"">99</td><td class=""data_0_0"">10/01 05:00</td></tr>"
茂原,0381,1980,135.0,8/03 13:00,135,False,True,data_0_0,mtx,"<tr class=""mtx"" style=""text-align:right;""><td style=""white-space:nowrap""><div class=""a_print""><a href=""monthly_a1.php?prec_no=45&amp;block_no=0381&amp;year=1980&amp;month=&amp;day=&amp;view=a5"">1980</a></div></td><td class=""data_0_0"">60</td><td class=""data_0_0""> 9/08 11:00</td><td class=""data_0_0"">70</td><td class=""data_0_0""> 9/08 13:00</td><td class=""data_0_0"">87</td><td class=""data_0_0""> 9/08 15:00</td><td class=""data_0_0"">101</td><td class=""data_0_0"">10/15 03:00</td><td class=""data_0_0"">135</td><td class=""data_0_0""> 8/03 13:00</td><td class=""data_0_0"">164</td><td class=""data_0_0""> 8/04 10:00</td><td class=""data_0_0"">164</td><td class=""data_0_0""> 8/05 10:00</td></tr>"
茂原,0381,1981,145.0,10/23 06:00,145,False,True,data_0_0,mtx,"<tr class=""mtx"" style=""text-align:right;""><td style=""white-space:nowrap""><div class=""a_print""><a href=""monthly_a1.php?prec_no=45&amp;block_no=0381&amp;year=1981&amp;month=&amp;day=&amp;view=a5"">1981</a></div></td><td class=""data_0_0"">26</td><td class=""data_0_0""> 5/18 01:00</td><td class=""data_0_0"">46</td><td class=""data_0_0"">10/22 21:00</td><td class=""data_0_0"">69</td><td class=""data_0_0"">10/22 20:00</td><td class=""data_0_0"">123</td><td class=""data_0_0"">10/22 23:00</td><td class=""data_0_0"">145</td><td class=""data_0_0"">10/23 06:00</td><td class=""data_0_0"">145</td><td class=""data_0_0"">10/24 06:00</td><td class=""data_0_0"">145</td><td class=""data_0_0"">10/25 06:00</td></tr>"
茂原,0381,1982,107.0,9/12 17:00,107,False,True,data_0_0,mtx,"<tr class=""mtx"" style=""text-align:right;""><td style=""white-space:nowrap""><div class=""a_print""><a href=""monthly_a1.php?prec_no=45&amp;block_no=0381&amp;year=1982&amp;month=&amp;day=&amp;view=a5"">1982</a></div></td><td class=""data_0_0"">24</td><td class=""data_0_0""> 9/10 22:00</td><td class=""data_0_0"">49</td><td class=""data_0_0""> 9/25 16:00</td><td class=""data_0_0"">66</td><td class=""data_0_0"">10/20 02:00</td><td class=""data_0_0"">83</td><td class=""data_0_0""> 9/12 20:00</td><td class=""data_0_0"">107</td><td class=""data_0_0""> 9/12 17:00</td><td class=""data_0_0"">155</td><td class=""data_0_0""> 9/12 18:00</td><td class=""data_0_0"">176</td><td class=""data_0_0""> 9/13 11:00</td></tr>"
茂原,0381,1983,116.0,2/18 01:00,116,False,True,data_0_0,mtx,"<tr class=""mtx"" style=""text-align:right;""><td style=""white-space:nowrap""><div class=""a_print""><a href=""monthly_a1.php?prec_no=45&amp;block_no=0381&amp;year=1983&amp;month=&amp;day=&amp;view=a5"">1983</a></div></td><td class=""data_0_0"">37</td><td class=""data_0_0""> 9/01 13:00</td><td class=""data_0_0"">61</td><td class=""data_0_0""> 8/15 10:00</td><td class=""data_0_0"">85</td><td class=""data_0_0""> 8/15 12:00</td><td class=""data_0_0"">97</td><td class=""data_0_0""> 8/15 15:00</td><td class=""data_0_0"">116</td><td class=""data_0_0""> 2/18 01:00</td><td class=""data_0_0"">141</td><td class=""data_0_0""> 8/17 08:00</td><td class=""data_0_0"">194</td><td class=""data_0_0""> 8/18 06:00</td></tr>"
茂原,0381,1984,60.0,6/23 20:00,60 ],False,False,data_0_0,mtx,"<tr class=""mtx"" style=""text-align:right;""><td style=""white-space:nowrap""><div class=""a_print""><a href=""monthly_a1.php?prec_no=45&amp;block_no=0381&amp;year=1984&amp;month=&amp;day=&amp;view=a5"">1984</a></div></td><td class=""data_0_0"">18 ]</td><td class=""data_0_0""> 7/20 19:00</td><td class=""data_0_0"">29 ]</td><td class=""data_0_0""> 6/23 10:00</td><td class=""data_0_0"">44 ]</td><td class=""data_0_0""> 6/23 12:00</td><td class=""data_0_0"">56 ]</td><td class=""data_0_0""> 6/23 12:00</td><td class=""data_0_0"">60 ]</td><td class=""data_0_0""> 6/23 20:00</td><td class=""data_0_0"">62 ]</td><td class=""data_0_0""> 6/23 14:00</td><td class=""data_0_0"">97 ]</td><td class=""data_0_0""> 6/29 16:00</td></tr>"
茂原,0381,1985,146.0,7/01 08:00,146,False,True,data_0_0,mtx,"<tr class=""mtx"" style=""text-align:right;""><td style=""white-space:nowrap""><div class=""a_print""><a href=""monthly_a1.php?prec_no=45&amp;block_no=0381&amp;year=1985&amp;month=&amp;day=&amp;view=a5"">1985</a></div></td><td class=""data_0_0"">26</td><td class=""data_0_0""> 6/30 10:00</td><td class=""data_0_0"">51</td><td class=""data_0_0""> 6/30 12:00</td><td class=""data_0_0"">76</td><td class=""data_0_0""> 6/30 14:00</td><td class=""data_0_0"">108</td><td class=""data_0_0""> 2/09 18:00</td><td class=""data_0_0"">146</td><td class=""data_0_0""> 7/01 08:00</td><td class=""data_0_0"">158</td><td class=""data_0_0""> 7/01 22:00</td><td class=""data_0_0"">180</td><td class=""data_0_0""> 7/01 06:00</td></tr>"
茂原,0381,1986,249.0,8/05 04:00,249,False,True,data_0_0,mtx,"<tr class=""mtx"" style=""text-align:right;""><td style=""white-space:nowrap""><div class=""a_print""><a href=""monthly_a1.php?prec_no=45&amp;block_no=0381&amp;year=1986&amp;month=&amp;day=&amp;view=a5"">1986</a></div></td><td class=""data_0_0"">33</td><td class=""data_0_0""> 8/04 16:00</td><td class=""data_0_0"">77</td><td class=""data_0_0""> 8/04 17:00</td><td class=""data_0_0"">102</td><td class=""data_0_0""> 8/04 19:00</td><td class=""data_0_0"">173</td><td class=""data_0_0""> 8/05 01:00</td><td class=""data_0_0"">249</td><td class=""data_0_0""> 8/05 04:00</td><td class=""data_0_0"">253</td><td class=""data_0_0""> 8/06 02:00</td><td class=""data_0_0"">253</td><td class=""data_0_0""> 8/07 02:00</td></tr>"
茂原,0381,1987,90.0,9/04 11:00,90,False,True,data_0_0,mtx,"<tr class=""mtx"" style=""text-align:right;""><td style=""white-space:nowrap""><div class=""a_print""><a href=""monthly_a1.php?prec_no=45&amp;block_no=0381&amp;year=1987&amp;month=&amp;day=&amp;view=a5"">1987</a></div></td><td class=""data_0_0"">18</td><td class=""data_0_0""> 9/25 07:00</td><td class=""data_0_0"">35</td><td class=""data_0_0""> 9/04 04:00</td><td class=""data_0_0"">55</td><td class=""data_0_0""> 6/29 08:00</td><td class=""data_0_0"">82</td><td class=""data_0_0""> 9/04 08:00</td><td class=""data_0_0"">90</td><td class=""data_0_0""> 9/04 11:00</td><td class=""data_0_0"">113 ]</td><td class=""data_0_0""> 9/05 12:00</td><td class=""data_0_0"">120 ]</td><td class=""data_0_0""> 9/19 15:00</td></tr>"
茂原,0381,1988,127.0,8/11 22:00,127,False,True,data_0_0,mtx,"<tr class=""mtx"" style=""text-align:right;""><td style=""white-space:nowrap""><div class=""a_print""><a href=""monthly_a1.php?prec_no=45&amp;block_no=0381&amp;year=1988&amp;month=&amp;day=&amp;view=a5"">1988</a></div></td><td class=""data_0_0"">31</td><td class=""data_0_0""> 9/25 22:00</td><td class=""data_0_0"">46</td><td class=""data_0_0""> 9/25 22:00</td><td class=""data_0_0"">66</td><td class=""data_0_0""> 9/25 24:00</td><td class=""data_0_0"">90</td><td class=""data_0_0""> 9/26 03:00</td><td class=""data_0_0"">127</td><td class=""data_0_0""> 8/11 22:00</td><td class=""data_0_0"">161</td><td class=""data_0_0""> 8/12 13:00</td><td class=""data_0_0"">234</td><td class=""data_0_0""> 9/28 14:00</td></tr>"
茂原,0381,1989,205.0,8/01 19:00,205,False,True,data_0_0,mtx,"<tr class=""mtx"" style=""text-align:right;""><td style=""white-space:nowrap""><div class=""a_print""><a href=""monthly_a1.php?prec_no=45&amp;block_no=0381&amp;year=1989&amp;month=&amp;day=&amp;view=a5"">1989</a></div></td><td class=""data_0_0"">29</td><td class=""data_0_0""> 8/01 09:00</td><td class=""data_0_0"">69</td><td class=""data_0_0""> 8/01 09:00</td><td class=""data_0_0"">114</td><td class=""data_0_0""> 8/01 12:00</td><td class=""data_0_0"">173</td><td class=""data_0_0""> 8/01 18:00</td><td class=""data_0_0"">205</td><td class=""data_0_0""> 8/01 19:00</td><td class=""data_0_0"">210</td><td class=""data_0_0""> 8/02 15:00</td><td class=""data_0_0"">211</td><td class=""data_0_0""> 8/03 15:00</td></tr>"
茂原,0381,1990,162.0,10/01 04:00,162,False,True,data_0_0,mtx,"<tr class=""mtx"" style=""text-align:right;""><td style=""white-space:nowrap""><div class=""a_print""><a href=""monthly_a1.php?prec_no=45&amp;block_no=0381&amp;year=1990&amp;month=&amp;day=&amp;view=a5"">1990</a></div></td><td class=""data_0_0"">43</td><td class=""data_0_0"">11/04 12:00</td><td class=""data_0_0"">109</td><td class=""data_0_0"">11/04 14:00</td><td class=""data_0_0"">142</td><td class=""data_0_0"">11/04 15:00</td><td class=""data_0_0"">157</td><td class=""data_0_0"">11/04 16:00</td><td class=""data_0_0"">162</td><td class=""data_0_0"">10/01 04:00</td><td class=""data_0_0"">164</td><td class=""data_0_0"">10/01 11:00</td><td class=""data_0_0"">214</td><td class=""data_0_0"">11/30 21:00</td></tr>"
茂原,0381,1991,142.0,10/08 07:00,142,False,True,data_0_0,mtx,"<tr class=""mtx"" style=""text-align:right;""><td style=""white-space:nowrap""><div class=""a_print""><a href=""monthly_a1.php?prec_no=45&amp;block_no=0381&amp;year=1991&amp;month=&amp;day=&amp;view=a5"">1991</a></div></td><td class=""data_0_0"">48</td><td class=""data_0_0""> 9/08 08:00</td><td class=""data_0_0"">90</td><td class=""data_0_0""> 9/08 08:00</td><td class=""data_0_0"">103</td><td class=""data_0_0""> 9/08 09:00</td><td class=""data_0_0"">132</td><td class=""data_0_0""> 9/08 10:00</td><td class=""data_0_0"">142</td><td class=""data_0_0"">10/08 07:00</td><td class=""data_0_0"">199</td><td class=""data_0_0"">10/13 11:00</td><td class=""data_0_0"">234</td><td class=""data_0_0"">10/13 16:00</td></tr>"
茂原,0381,1992,104.0,5/31 11:00,104,False,True,data_0_0,mtx,"<tr class=""mtx"" style=""text-align:right;""><td style=""white-space:nowrap""><div class=""a_print""><a href=""monthly_a1.php?prec_no=45&amp;block_no=0381&amp;year=1992&amp;month=&amp;day=&amp;view=a5"">1992</a></div></td><td class=""data_0_0"">25</td><td class=""data_0_0""> 5/30 23:00</td><td class=""data_0_0"">47</td><td class=""data_0_0""> 5/30 23:00</td><td class=""data_0_0"">77</td><td class=""data_0_0""> 5/30 23:00</td><td class=""data_0_0"">104</td><td class=""data_0_0""> 5/30 23:00</td><td class=""data_0_0"">104</td><td class=""data_0_0""> 5/31 11:00</td><td class=""data_0_0"">104</td><td class=""data_0_0""> 6/01 11:00</td><td class=""data_0_0"">107</td><td class=""data_0_0""> 5/31 22:00</td></tr>"
茂原,0381,1993,105.0,8/28 03:00,105,False,True,data_0_0,mtx,"<tr class=""mtx"" style=""text-align:right;""><td style=""white-space:nowrap""><div class=""a_print""><a href=""monthly_a1.php?prec_no=45&amp;block_no=0381&amp;year=1993&amp;month=&amp;day=&amp;view=a5"">1993</a></div></td><td class=""data_0_0"">34</td><td class=""data_0_0""> 7/15 03:00</td><td class=""data_0_0"">47</td><td class=""data_0_0""> 8/27 09:00</td><td class=""data_0_0"">85</td><td class=""data_0_0""> 8/27 11:00</td><td class=""data_0_0"">98</td><td class=""data_0_0""> 8/27 17:00</td><td class=""data_0_0"">105</td><td class=""data_0_0""> 8/28 03:00</td><td class=""data_0_0"">117</td><td class=""data_0_0""> 8/28 12:00</td><td class=""data_0_0"">117</td><td class=""data_0_0""> 8/29 12:00</td></tr>"
茂原,0381,1994,101.0,3/24 01:00,101,False,True,data_0_0,mtx,"<tr class=""mtx"" style=""text-align:right;""><td style=""white-space:nowrap""><div class=""a_print""><a href=""monthly_a1.php?prec_no=45&amp;block_no=0381&amp;year=1994&amp;month=&amp;day=&amp;view=a5"">1994</a></div></td><td class=""data_0_0"">29</td><td class=""data_0_0""> 9/01 20:00</td><td class=""data_0_0"">38</td><td class=""data_0_0""> 2/21 14:00</td><td class=""data_0_0"">53</td><td class=""data_0_0""> 2/21 14:00</td><td class=""data_0_0"">69</td><td class=""data_0_0""> 2/21 17:00</td><td class=""data_0_0"">101</td><td class=""data_0_0""> 3/24 01:00</td><td class=""data_0_0"">108</td><td class=""data_0_0""> 9/15 15:00</td><td class=""data_0_0"">118</td><td class=""data_0_0""> 9/16 10:00</td></tr>"
茂原,0381,1995,255.0,9/17 14:00,255,False,True,data_0_0,mtx,"<tr class=""mtx"" style=""text-align:right;""><td style=""white-space:nowrap""><div class=""a_print""><a href=""monthly_a1.php?prec_no=45&amp;block_no=0381&amp;year=1995&amp;month=&amp;day=&amp;view=a5"">1995</a></div></td><td class=""data_0_0"">50</td><td class=""data_0_0""> 6/04 03:00</td><td class=""data_0_0"">78</td><td class=""data_0_0"">10/02 06:00</td><td class=""data_0_0"">102</td><td class=""data_0_0"">10/02 07:00</td><td class=""data_0_0"">171</td><td class=""data_0_0""> 9/17 12:00</td><td class=""data_0_0"">255</td><td class=""data_0_0""> 9/17 14:00</td><td class=""data_0_0"">305</td><td class=""data_0_0""> 9/18 05:00</td><td class=""data_0_0"">327</td><td class=""data_0_0""> 9/18 03:00</td></tr>"
茂原,0381,1996,243.0,7/10 17:00,243 ],False,False,data_0_0,mtx,"<tr class=""mtx"" style=""text-align:right;""><td style=""white-space:nowrap""><div class=""a_print""><a href=""monthly_a1.php?prec_no=45&amp;block_no=0381&amp;year=1996&amp;month=&amp;day=&amp;view=a5"">1996</a></div></td><td class=""data_0_0"">31 ]</td><td class=""data_0_0""> 9/22 14:00</td><td class=""data_0_0"">75 ]</td><td class=""data_0_0""> 9/22 15:00</td><td class=""data_0_0"">139 ]</td><td class=""data_0_0""> 9/22 15:00</td><td class=""data_0_0"">223 ]</td><td class=""data_0_0""> 9/22 16:00</td><td class=""data_0_0"">243 ]</td><td class=""data_0_0""> 7/10 17:00</td><td class=""data_0_0"">337 ]</td><td class=""data_0_0""> 7/11 02:00</td><td class=""data_0_0"">381 ]</td><td class=""data_0_0""> 7/11 12:00</td></tr>"
茂原,0381,1997,74.0,5/25 09:00,74,False,True,data_0_0,mtx,"<tr class=""mtx"" style=""text-align:right;""><td style=""white-space:nowrap""><div class=""a_print""><a href=""monthly_a1.php?prec_no=45&amp;block_no=0381&amp;year=1997&amp;month=&amp;day=&amp;view=a5"">1997</a></div></td><td class=""data_0_0"">28</td><td class=""data_0_0""> 8/23 24:00</td><td class=""data_0_0"">35</td><td class=""data_0_0""> 7/30 09:00</td><td class=""data_0_0"">44</td><td class=""data_0_0""> 7/30 11:00</td><td class=""data_0_0"">62</td><td class=""data_0_0""> 5/25 04:00</td><td class=""data_0_0"">74</td><td class=""data_0_0""> 5/25 09:00</td><td class=""data_0_0"">85</td><td class=""data_0_0""> 4/07 11:00</td><td class=""data_0_0"">99</td><td class=""data_0_0""> 9/19 07:00</td></tr>"
茂原,0381,1998,60.0,10/02 03:00,60 ],False,False,data_0_0,mtx,"<tr class=""mtx"" style=""text-align:right;""><td style=""white-space:nowrap""><div class=""a_print""><a href=""monthly_a1.php?prec_no=45&amp;block_no=0381&amp;year=1998&amp;month=&amp;day=&amp;view=a5"">1998</a></div></td><td class=""data_0_0"">18 ]</td><td class=""data_0_0"">10/01 10:00</td><td class=""data_0_0"">35 ]</td><td class=""data_0_0"">10/01 11:00</td><td class=""data_0_0"">52 ]</td><td class=""data_0_0"">10/01 12:00</td><td class=""data_0_0"">58 ]</td><td class=""data_0_0"">10/01 18:00</td><td class=""data_0_0"">60 ]</td><td class=""data_0_0"">10/02 03:00</td><td class=""data_0_0"">89 ]</td><td class=""data_0_0""> 7/24 12:00</td><td class=""data_0_0"">100 ]</td><td class=""data_0_0""> 7/25 03:00</td></tr>"
茂原,0381,1999,166.0,10/28 08:00,166,False,True,data_0_0,mtx,"<tr class=""mtx"" style=""text-align:right;""><td style=""white-space:nowrap""><div class=""a_print""><a href=""monthly_a1.php?prec_no=45&amp;block_no=0381&amp;year=1999&amp;month=&amp;day=&amp;view=a5"">1999</a></div></td><td class=""data_0_0"">60</td><td class=""data_0_0"">10/27 18:00</td><td class=""data_0_0"">86</td><td class=""data_0_0"">10/27 20:00</td><td class=""data_0_0"">140</td><td class=""data_0_0"">10/27 21:00</td><td class=""data_0_0"">165</td><td class=""data_0_0"">10/27 22:00</td><td class=""data_0_0"">166</td><td class=""data_0_0"">10/28 08:00</td><td class=""data_0_0"">166</td><td class=""data_0_0"">10/29 08:00</td><td class=""data_0_0"">166</td><td class=""data_0_0"">10/30 08:00</td></tr>"
茂原,0381,2000,191.0,7/08 14:00,191,False,True,data_0_0,mtx,"<tr class=""mtx"" style=""text-align:right;""><td style=""white-space:nowrap""><div class=""a_print""><a href=""monthly_a1.php?prec_no=45&amp;block_no=0381&amp;year=2000&amp;month=&amp;day=&amp;view=a5"">2000</a></div></td><td class=""data_0_0"">33</td><td class=""data_0_0""> 7/07 22:00</td><td class=""data_0_0"">67</td><td class=""data_0_0""> 7/07 23:00</td><td class=""data_0_0"">90</td><td class=""data_0_0""> 7/08 07:00</td><td class=""data_0_0"">174</td><td class=""data_0_0""> 7/08 07:00</td><td class=""data_0_0"">191</td><td class=""data_0_0""> 7/08 14:00</td><td class=""data_0_0"">191</td><td class=""data_0_0""> 7/09 14:00</td><td class=""data_0_0"">191</td><td class=""data_0_0""> 7/10 14:00</td></tr>"
茂原,0381,2001,161.0,10/11 04:00,161,False,True,data_0_0,mtx,"<tr class=""mtx"" style=""text-align:right;""><td style=""white-space:nowrap""><div class=""a_print""><a href=""monthly_a1.php?prec_no=45&amp;block_no=0381&amp;year=2001&amp;month=&amp;day=&amp;view=a5"">2001</a></div></td><td class=""data_0_0"">32</td><td class=""data_0_0"">10/10 19:00</td><td class=""data_0_0"">68</td><td class=""data_0_0"">10/10 19:00</td><td class=""data_0_0"">113</td><td class=""data_0_0"">10/10 20:00</td><td class=""data_0_0"">144</td><td class=""data_0_0"">10/10 21:00</td><td class=""data_0_0"">161</td><td class=""data_0_0"">10/11 04:00</td><td class=""data_0_0"">174</td><td class=""data_0_0"">10/10 21:00</td><td class=""data_0_0"">197</td><td class=""data_0_0"">10/11 10:00</td></tr>"
茂原,0381,2002,182.0,9/07 17:00,182,False,True,data_0_0,mtx,"<tr class=""mtx"" style=""text-align:right;""><td style=""white-space:nowrap""><div class=""a_print""><a href=""monthly_a1.php?prec_no=45&amp;block_no=0381&amp;year=2002&amp;month=&amp;day=&amp;view=a5"">2002</a></div></td><td class=""data_0_0"">56</td><td class=""data_0_0""> 9/07 16:00</td><td class=""data_0_0"">83</td><td class=""data_0_0""> 9/07 17:00</td><td class=""data_0_0"">83</td><td class=""data_0_0""> 9/07 20:00</td><td class=""data_0_0"">99</td><td class=""data_0_0""> 9/07 05:00</td><td class=""data_0_0"">182</td><td class=""data_0_0""> 9/07 17:00</td><td class=""data_0_0"">231</td><td class=""data_0_0""> 9/08 02:00</td><td class=""data_0_0"">242</td><td class=""data_0_0""> 9/08 24:00</td></tr>"
茂原,0381,2003,155.0,8/15 22:40,155,False,True,data_1t_0,mtx,"<tr class=""mtx"" style=""text-align:right;""><td style=""white-space:nowrap""><div class=""a_print""><a href=""monthly_a1.php?prec_no=45&amp;block_no=0381&amp;year=2003&amp;month=&amp;day=&amp;view=a5"">2003</a></div></td><td class=""data_1t_0"">29</td><td class=""data_1t_0""> 7/04 03:50</td><td class=""data_1t_0"">48</td><td class=""data_1t_0""> 3/02 00:30</td><td class=""data_1t_0"">62</td><td class=""data_1t_0"">11/25 17:10</td><td class=""data_1t_0"">106</td><td class=""data_1t_0""> 8/15 14:30</td><td class=""data_1t_0"">155</td><td class=""data_1t_0""> 8/15 22:40</td><td class=""data_1t_0"">216</td><td class=""data_1t_0""> 8/16 13:30</td><td class=""data_1t_0"">231</td><td class=""data_1t_0""> 8/16 23:40</td></tr>"
茂原,0381,2004,249.0,10/09 18:00,249,False,True,data_0_0,mtx,"<tr class=""mtx"" style=""text-align:right;""><td style=""white-space:nowrap""><div class=""a_print""><a href=""monthly_a1.php?prec_no=45&amp;block_no=0381&amp;year=2004&amp;month=&amp;day=&amp;view=a5"">2004</a></div></td><td class=""data_0_0"">45</td><td class=""data_0_0"">10/09 00:30</td><td class=""data_0_0"">101</td><td class=""data_0_0"">10/09 02:40</td><td class=""data_0_0"">168</td><td class=""data_0_0"">10/09 04:40</td><td class=""data_0_0"">198</td><td class=""data_0_0"">10/09 07:20</td><td class=""data_0_0"">249</td><td class=""data_0_0"">10/09 18:00</td><td class=""data_0_0"">256</td><td class=""data_0_0"">10/10 12:10</td><td class=""data_0_0"">262</td><td class=""data_0_0"">10/11 12:30</td></tr>"
茂原,0381,2005,192.0,8/26 09:50,192,False,True,data_0_0,mtx,"<tr class=""mtx"" style=""text-align:right;""><td style=""white-space:nowrap""><div class=""a_print""><a href=""monthly_a1.php?prec_no=45&amp;block_no=0381&amp;year=2005&amp;month=&amp;day=&amp;view=a5"">2005</a></div></td><td class=""data_0_0"">35</td><td class=""data_0_0""> 1/16 03:10</td><td class=""data_0_0"">62</td><td class=""data_0_0""> 1/16 04:20</td><td class=""data_0_0"">106</td><td class=""data_0_0""> 8/26 05:20</td><td class=""data_0_0"">139</td><td class=""data_0_0""> 8/26 06:30</td><td class=""data_0_0"">192</td><td class=""data_0_0""> 8/26 09:50</td><td class=""data_0_0"">215</td><td class=""data_0_0""> 8/27 03:00</td><td class=""data_0_0"">220</td><td class=""data_0_0""> 8/26 21:10</td></tr>"
茂原,0381,2006,193.0,10/06 22:40,193,False,True,data_0_0,mtx,"<tr class=""mtx"" style=""text-align:right;""><td style=""white-space:nowrap""><div class=""a_print""><a href=""monthly_a1.php?prec_no=45&amp;block_no=0381&amp;year=2006&amp;month=&amp;day=&amp;view=a5"">2006</a></div></td><td class=""data_0_0"">50</td><td class=""data_0_0""> 9/27 12:40</td><td class=""data_0_0"">92</td><td class=""data_0_0""> 4/12 08:10</td><td class=""data_0_0"">107</td><td class=""data_0_0""> 4/12 09:50</td><td class=""data_0_0"">154</td><td class=""data_0_0"">12/27 01:40</td><td class=""data_0_0"">193</td><td class=""data_0_0"">10/06 22:40</td><td class=""data_0_0"">229</td><td class=""data_0_0"">10/07 10:50</td><td class=""data_0_0"">230</td><td class=""data_0_0"">10/07 08:50</td></tr>"
茂原,0381,2007,209.0,7/15 13:00,209,False,True,data_0_0,mtx,"<tr class=""mtx"" style=""text-align:right;""><td style=""white-space:nowrap""><div class=""a_print""><a href=""monthly_a1.php?prec_no=45&amp;block_no=0381&amp;year=2007&amp;month=&amp;day=&amp;view=a5"">2007</a></div></td><td class=""data_0_0"">58</td><td class=""data_0_0""> 7/15 02:40</td><td class=""data_0_0"">72</td><td class=""data_0_0""> 7/15 03:30</td><td class=""data_0_0"">94</td><td class=""data_0_0""> 7/15 02:50</td><td class=""data_0_0"">159</td><td class=""data_0_0""> 7/15 03:30</td><td class=""data_0_0"">209</td><td class=""data_0_0""> 7/15 13:00</td><td class=""data_0_0"">217</td><td class=""data_0_0""> 7/16 07:10</td><td class=""data_0_0"">224</td><td class=""data_0_0""> 7/17 09:50</td></tr>"
茂原,0381,2008,98.5,10/24 16:00,98.5,False,True,data_0_0,mtx,"<tr class=""mtx"" style=""text-align:right;""><td style=""white-space:nowrap""><div class=""a_print""><a href=""monthly_a1.php?prec_no=45&amp;block_no=0381&amp;year=2008&amp;month=&amp;day=&amp;view=a5"">2008</a></div></td><td class=""data_0_0"">54.5</td><td class=""data_0_0""> 9/16 03:50</td><td class=""data_0_0"">65.0</td><td class=""data_0_0""> 9/16 04:30</td><td class=""data_0_0"">76.5</td><td class=""data_0_0""> 9/20 04:40</td><td class=""data_0_0"">91.5</td><td class=""data_0_0""> 9/20 07:10</td><td class=""data_0_0"">98.5</td><td class=""data_0_0"">10/24 16:00</td><td class=""data_0_0"">120.5</td><td class=""data_0_0""> 6/23 03:30</td><td class=""data_0_0"">131.5</td><td class=""data_0_0""> 9/22 19:10</td></tr>"
茂原,0381,2009,137.0,5/29 06:20,137.0,False,True,data_0_0,mtx,"<tr class=""mtx"" style=""text-align:right;""><td style=""white-space:nowrap""><div class=""a_print""><a href=""monthly_a1.php?prec_no=45&amp;block_no=0381&amp;year=2009&amp;month=&amp;day=&amp;view=a5"">2009</a></div></td><td class=""data_0_0"">56.5</td><td class=""data_0_0""> 8/10 16:10</td><td class=""data_0_0"">77.5</td><td class=""data_0_0""> 1/31 08:00</td><td class=""data_0_0"">104.0</td><td class=""data_0_0""> 1/31 08:10</td><td class=""data_0_0"">124.5</td><td class=""data_0_0""> 1/31 09:40</td><td class=""data_0_0"">137.0</td><td class=""data_0_0""> 5/29 06:20</td><td class=""data_0_0"">145.0</td><td class=""data_0_0""> 5/30 04:40</td><td class=""data_0_0"">146.0</td><td class=""data_0_0""> 5/31 04:40</td></tr>"
茂原,0381,2010,158.5,10/10 08:40,158.5,False,True,data_0_0,mtx,"<tr class=""mtx"" style=""text-align:right;""><td style=""white-space:nowrap""><div class=""a_print""><a href=""monthly_a1.php?prec_no=45&amp;block_no=0381&amp;year=2010&amp;month=&amp;day=&amp;view=a5"">2010</a></div></td><td class=""data_0_0"">39.5</td><td class=""data_0_0"">10/10 06:10</td><td class=""data_0_0"">69.5</td><td class=""data_0_0"">10/10 07:00</td><td class=""data_0_0"">85.5</td><td class=""data_0_0"">10/10 10:00</td><td class=""data_0_0"">107.0</td><td class=""data_0_0"">10/10 06:10</td><td class=""data_0_0"">158.5</td><td class=""data_0_0"">10/10 08:40</td><td class=""data_0_0"">166.0</td><td class=""data_0_0"">10/11 08:20</td><td class=""data_0_0"">166.0</td><td class=""data_0_0"">10/12 08:20</td></tr>"
茂原,0381,2011,113.5,9/21 18:00,113.5,False,True,data_0_0,mtx,"<tr class=""mtx"" style=""text-align:right;""><td style=""white-space:nowrap""><div class=""a_print""><a href=""monthly_a1.php?prec_no=45&amp;block_no=0381&amp;year=2011&amp;month=&amp;day=&amp;view=a5"">2011</a></div></td><td class=""data_0_0"">40.0</td><td class=""data_0_0""> 8/26 16:40</td><td class=""data_0_0"">65.5</td><td class=""data_0_0""> 8/26 18:40</td><td class=""data_0_0"">79.5</td><td class=""data_0_0"">10/05 23:30</td><td class=""data_0_0"">99.0</td><td class=""data_0_0"">10/05 23:00</td><td class=""data_0_0"">113.5</td><td class=""data_0_0""> 9/21 18:00</td><td class=""data_0_0"">152.0</td><td class=""data_0_0""> 9/22 00:10</td><td class=""data_0_0"">152.5</td><td class=""data_0_0""> 9/23 00:10</td></tr>"
茂原,0381,2012,97.5,8/07 12:10,97.5,False,True,data_0_0,mtx,"<tr class=""mtx"" style=""text-align:right;""><td style=""white-space:nowrap""><div class=""a_print""><a href=""monthly_a1.php?prec_no=45&amp;block_no=0381&amp;year=2012&amp;month=&amp;day=&amp;view=a5"">2012</a></div></td><td class=""data_0_0"">61.5</td><td class=""data_0_0""> 8/06 13:20</td><td class=""data_0_0"">94.0</td><td class=""data_0_0""> 8/06 15:20</td><td class=""data_0_0"">97.5</td><td class=""data_0_0""> 8/06 18:10</td><td class=""data_0_0"">97.5</td><td class=""data_0_0""> 8/07 00:10</td><td class=""data_0_0"">97.5</td><td class=""data_0_0""> 8/07 12:10</td><td class=""data_0_0"">97.5</td><td class=""data_0_0""> 8/08 12:10</td><td class=""data_0_0"">98.5</td><td class=""data_0_0""> 6/22 18:20</td></tr>"
茂原,0381,2013,272.0,10/16 11:10,272.0,False,True,data_0_0,mtx,"<tr class=""mtx"" style=""text-align:right;""><td style=""white-space:nowrap""><div class=""a_print""><a href=""monthly_a1.php?prec_no=45&amp;block_no=0381&amp;year=2013&amp;month=&amp;day=&amp;view=a5"">2013</a></div></td><td class=""data_0_0"">40.0</td><td class=""data_0_0"">10/15 20:30</td><td class=""data_0_0"">73.5</td><td class=""data_0_0"">10/16 06:30</td><td class=""data_0_0"">130.5</td><td class=""data_0_0"">10/16 06:40</td><td class=""data_0_0"">226.5</td><td class=""data_0_0"">10/16 07:10</td><td class=""data_0_0"">272.0</td><td class=""data_0_0"">10/16 11:10</td><td class=""data_0_0"">272.0</td><td class=""data_0_0"">10/17 11:10</td><td class=""data_0_0"">272.0</td><td class=""data_0_0"">10/18 11:10</td></tr>"
茂原,0381,2014,137.5,2/15 08:50,137.5,False,True,data_0_0,mtx,"<tr class=""mtx"" style=""text-align:right;""><td style=""white-space:nowrap""><div class=""a_print""><a href=""monthly_a1.php?prec_no=45&amp;block_no=0381&amp;year=2014&amp;month=&amp;day=&amp;view=a5"">2014</a></div></td><td class=""data_0_0"">33.0</td><td class=""data_0_0""> 6/07 20:10</td><td class=""data_0_0"">45.5</td><td class=""data_0_0""> 6/07 21:50</td><td class=""data_0_0"">70.0</td><td class=""data_0_0""> 2/15 05:50</td><td class=""data_0_0"">110.5</td><td class=""data_0_0""> 2/15 06:50</td><td class=""data_0_0"">137.5</td><td class=""data_0_0""> 2/15 08:50</td><td class=""data_0_0"">184.5</td><td class=""data_0_0""> 6/07 22:40</td><td class=""data_0_0"">198.5</td><td class=""data_0_0""> 6/08 12:30</td></tr>"
茂原,0381,2015,97.0,7/09 14:40,97.0,False,True,data_0_0,mtx,"<tr class=""mtx"" style=""text-align:right;""><td style=""white-space:nowrap""><div class=""a_print""><a href=""monthly_a1.php?prec_no=45&amp;block_no=0381&amp;year=2015&amp;month=&amp;day=&amp;view=a5"">2015</a></div></td><td class=""data_0_0"">33.0</td><td class=""data_0_0""> 7/09 00:20</td><td class=""data_0_0"">50.0</td><td class=""data_0_0""> 7/09 00:10</td><td class=""data_0_0"">66.5</td><td class=""data_0_0""> 7/09 01:50</td><td class=""data_0_0"">85.0</td><td class=""data_0_0""> 7/09 04:10</td><td class=""data_0_0"">97.0</td><td class=""data_0_0""> 7/09 14:40</td><td class=""data_0_0"">116.0</td><td class=""data_0_0""> 9/18 22:20</td><td class=""data_0_0"">123.5</td><td class=""data_0_0""> 7/09 10:40</td></tr>"
茂原,0381,2016,125.0,9/20 20:30,125.0,False,True,data_0_0,mtx,"<tr class=""mtx"" style=""text-align:right;""><td style=""white-space:nowrap""><div class=""a_print""><a href=""monthly_a1.php?prec_no=45&amp;block_no=0381&amp;year=2016&amp;month=&amp;day=&amp;view=a5"">2016</a></div></td><td class=""data_0_0"">54.5</td><td class=""data_0_0""> 9/20 19:50</td><td class=""data_0_0"">84.0</td><td class=""data_0_0""> 9/20 20:30</td><td class=""data_0_0"">90.5</td><td class=""data_0_0""> 9/20 20:50</td><td class=""data_0_0"">118.5</td><td class=""data_0_0""> 8/17 02:50</td><td class=""data_0_0"">125.0</td><td class=""data_0_0""> 9/20 20:30</td><td class=""data_0_0"">160.0</td><td class=""data_0_0""> 9/22 13:40</td><td class=""data_0_0"">203.5</td><td class=""data_0_0""> 9/22 18:20</td></tr>"
茂原,0381,2017,189.5,10/23 04:20,189.5,False,True,data_0_0,mtx,"<tr class=""mtx"" style=""text-align:right;""><td style=""white-space:nowrap""><div class=""a_print""><a href=""monthly_a1.php?prec_no=45&amp;block_no=0381&amp;year=2017&amp;month=&amp;day=&amp;view=a5"">2017</a></div></td><td class=""data_0_0"">46.0</td><td class=""data_0_0""> 9/28 07:30</td><td class=""data_0_0"">76.0</td><td class=""data_0_0""> 9/28 07:30</td><td class=""data_0_0"">101.0</td><td class=""data_0_0""> 9/28 08:20</td><td class=""data_0_0"">142.5</td><td class=""data_0_0"">10/22 16:50</td><td class=""data_0_0"">189.5</td><td class=""data_0_0"">10/23 04:20</td><td class=""data_0_0"">220.5</td><td class=""data_0_0"">10/23 09:30</td><td class=""data_0_0"">227.0</td><td class=""data_0_0"">10/23 10:10</td></tr>"
茂原,0381,2018,95.5,10/01 01:50,95.5,False,True,data_0_0,mtx,"<tr class=""mtx"" style=""text-align:right;""><td style=""white-space:nowrap""><div class=""a_print""><a href=""monthly_a1.php?prec_no=45&amp;block_no=0381&amp;year=2018&amp;month=&amp;day=&amp;view=a5"">2018</a></div></td><td class=""data_0_0"">29.0</td><td class=""data_0_0""> 9/30 07:30</td><td class=""data_0_0"">50.5</td><td class=""data_0_0""> 9/30 07:50</td><td class=""data_0_0"">63.5</td><td class=""data_0_0""> 9/30 07:50</td><td class=""data_0_0"">71.0</td><td class=""data_0_0""> 9/30 15:00</td><td class=""data_0_0"">95.5</td><td class=""data_0_0"">10/01 01:50</td><td class=""data_0_0"">98.0</td><td class=""data_0_0"">10/01 15:30</td><td class=""data_0_0"">98.0</td><td class=""data_0_0"">10/02 15:30</td></tr>"
茂原,0381,2019,187.0,10/26 03:10,187.0 ],False,False,data_0_0,mtx,"<tr class=""mtx"" style=""text-align:right;""><td style=""white-space:nowrap""><div class=""a_print""><a href=""monthly_a1.php?prec_no=45&amp;block_no=0381&amp;year=2019&amp;month=&amp;day=&amp;view=a5"">2019</a></div></td><td class=""data_0_0"">43.5 ]</td><td class=""data_0_0"">10/25 12:40</td><td class=""data_0_0"">81.0 ]</td><td class=""data_0_0""> 9/09 05:50</td><td class=""data_0_0"">136.5 ]</td><td class=""data_0_0"">10/25 13:30</td><td class=""data_0_0"">185.0 ]</td><td class=""data_0_0"">10/25 16:30</td><td class=""data_0_0"">187.0 ]</td><td class=""data_0_0"">10/26 03:10</td><td class=""data_0_0"">187.0 ]</td><td class=""data_0_0"">10/27 03:10</td><td class=""data_0_0"">187.0 ]</td><td class=""data_0_0"">10/28 03:10</td></tr>"
茂原,0381,2020,96.0,1/29 04:00,96.0 ],False,False,data_0_0,mtx,"<tr class=""mtx"" style=""text-align:right;""><td style=""white-space:nowrap""><div class=""a_print""><a href=""monthly_a1.php?prec_no=45&amp;block_no=0381&amp;year=2020&amp;month=&amp;day=&amp;view=a5"">2020</a></div></td><td class=""data_0_0"">32.5 ]</td><td class=""data_0_0""> 7/04 06:00</td><td class=""data_0_0"">51.0 ]</td><td class=""data_0_0""> 7/04 06:50</td><td class=""data_0_0"">61.5 ]</td><td class=""data_0_0""> 7/04 07:30</td><td class=""data_0_0"">67.5 ]</td><td class=""data_0_0""> 6/28 15:10</td><td class=""data_0_0"">96.0 ]</td><td class=""data_0_0""> 1/29 04:00</td><td class=""data_0_0"">106.5 ]</td><td class=""data_0_0""> 1/29 19:50</td><td class=""data_0_0"">142.0 ]</td><td class=""data_0_0"">10/11 01:10</td></tr>"
茂原,0381,2021,197.0,8/08 23:30,197.0,False,True,data_0_0,mtx,"<tr class=""mtx"" style=""text-align:right;""><td style=""white-space:nowrap""><div class=""a_print""><a href=""monthly_a1.php?prec_no=45&amp;block_no=0381&amp;year=2021&amp;month=&amp;day=&amp;view=a5"">2021</a></div></td><td class=""data_0_0"">40.0</td><td class=""data_0_0""> 7/03 05:30</td><td class=""data_0_0"">75.5</td><td class=""data_0_0""> 8/08 13:10</td><td class=""data_0_0"">109.5</td><td class=""data_0_0""> 8/08 15:10</td><td class=""data_0_0"">161.5</td><td class=""data_0_0""> 8/08 16:30</td><td class=""data_0_0"">197.0</td><td class=""data_0_0""> 8/08 23:30</td><td class=""data_0_0"">210.5</td><td class=""data_0_0""> 7/03 19:20</td><td class=""data_0_0"">277.5 ]</td><td class=""data_0_0""> 7/04 02:00</td></tr>"
茂原,0381,2022,86.0,8/05 06:40,86.0,False,True,data_0_0,mtx,"<tr class=""mtx"" style=""text-align:right;""><td style=""white-space:nowrap""><div class=""a_print""><a href=""monthly_a1.php?prec_no=45&amp;block_no=0381&amp;year=2022&amp;month=&amp;day=&amp;view=a5"">2022</a></div></td><td class=""data_0_0"">56.0</td><td class=""data_0_0""> 8/07 14:50</td><td class=""data_0_0"">62.5</td><td class=""data_0_0""> 8/07 16:50</td><td class=""data_0_0"">62.5</td><td class=""data_0_0""> 8/07 19:50</td><td class=""data_0_0"">68.5</td><td class=""data_0_0""> 9/18 23:40</td><td class=""data_0_0"">86.0</td><td class=""data_0_0""> 8/05 06:40</td><td class=""data_0_0"">102.0</td><td class=""data_0_0""> 4/05 07:50</td><td class=""data_0_0"">112.5</td><td class=""data_0_0""> 8/07 16:20</td></tr>"
茂原,0381,2023,392.0,9/09 02:20,392.0,False,True,data_0_0,mtx,"<tr class=""mtx"" style=""text-align:right;""><td style=""white-space:nowrap""><div class=""a_print""><a href=""monthly_a1.php?prec_no=45&amp;block_no=0381&amp;year=2023&amp;month=&amp;day=&amp;view=a5"">2023</a></div></td><td class=""data_0_0"">78.0</td><td class=""data_0_0""> 9/08 12:10</td><td class=""data_0_0"">147.0</td><td class=""data_0_0""> 9/08 12:30</td><td class=""data_0_0"">278.0</td><td class=""data_0_0""> 9/08 12:10</td><td class=""data_0_0"">371.5</td><td class=""data_0_0""> 9/08 12:50</td><td class=""data_0_0"">392.0</td><td class=""data_0_0""> 9/09 02:20</td><td class=""data_0_0"">405.0</td><td class=""data_0_0""> 9/09 18:20</td><td class=""data_0_0"">405.5</td><td class=""data_0_0""> 9/09 20:50</td></tr>"
茂原,0381,2024,110.0,6/19 02:20,110.0,False,True,data_0_0,mtx,"<tr class=""mtx"" style=""text-align:right;""><td style=""white-space:nowrap""><div class=""a_print""><a href=""monthly_a1.php?prec_no=45&amp;block_no=0381&amp;year=2024&amp;month=&amp;day=&amp;view=a5"">2024</a></div></td><td class=""data_0_0"">35.5</td><td class=""data_0_0""> 7/16 20:50</td><td class=""data_0_0"">47.0</td><td class=""data_0_0""> 8/16 18:40</td><td class=""data_0_0"">72.5</td><td class=""data_0_0""> 8/16 18:50</td><td class=""data_0_0"">103.0</td><td class=""data_0_0""> 6/18 18:40</td><td class=""data_0_0"">110.0</td><td class=""data_0_0""> 6/19 02:20</td><td class=""data_0_0"">110.0</td><td class=""data_0_0""> 6/20 02:20</td><td class=""data_0_0"">120.5</td><td class=""data_0_0""> 6/18 20:30</td></tr>"
茂原,0381,2025,105.0,9/06 03:10,105.0,False,True,data_0_0,mtx,"<tr class=""mtx"" style=""text-align:right;""><td style=""white-space:nowrap""><div class=""a_print""><a href=""monthly_a1.php?prec_no=45&amp;block_no=0381&amp;year=2025&amp;month=&amp;day=&amp;view=a5"">2025</a></div></td><td class=""data_0_0"">48.5</td><td class=""data_0_0""> 9/11 17:10</td><td class=""data_0_0"">60.5</td><td class=""data_0_0""> 9/05 17:00</td><td class=""data_0_0"">72.0</td><td class=""data_0_0""> 9/05 17:00</td><td class=""data_0_0"">99.0</td><td class=""data_0_0""> 9/05 17:10</td><td class=""data_0_0"">105.0</td><td class=""data_0_0""> 9/06 03:10</td><td class=""data_0_0"">108.5</td><td class=""data_0_0""> 9/06 10:50</td><td class=""data_0_0"">108.5</td><td class=""data_0_0""> 9/07 10:50</td></tr>"
木更津,0382,1976,139.0,7/12 07:00,139 ],False,False,data_0_0,mtx,"<tr class=""mtx"" style=""text-align:right;""><td style=""white-space:nowrap""><div class=""a_print""><a href=""monthly_a1.php?prec_no=45&amp;block_no=0382&amp;year=1976&amp;month=&amp;day=&amp;view=a5"">1976</a></div></td><td class=""data_0_0"">34</td><td class=""data_0_0""> 8/28 07:00</td><td class=""data_0_0"">39</td><td class=""data_0_0""> 8/28 08:00</td><td class=""data_0_0"">72</td><td class=""data_0_0""> 7/11 14:00</td><td class=""data_0_0"">100 ]</td><td class=""data_0_0""> 7/11 19:00</td><td class=""data_0_0"">139 ]</td><td class=""data_0_0""> 7/12 07:00</td><td class=""data_0_0"">146 ]</td><td class=""data_0_0""> 7/12 13:00</td><td class=""data_0_0"">147 ]</td><td class=""data_0_0""> 7/13 13:00</td></tr>"
木更津,0382,1977,126.0,11/17 15:00,126,False,True,data_0_0,mtx,"<tr class=""mtx"" style=""text-align:right;""><td style=""white-space:nowrap""><div class=""a_print""><a href=""monthly_a1.php?prec_no=45&amp;block_no=0382&amp;year=1977&amp;month=&amp;day=&amp;view=a5"">1977</a></div></td><td class=""data_0_0"">30</td><td class=""data_0_0"">11/17 11:00</td><td class=""data_0_0"">52</td><td class=""data_0_0""> 8/19 05:00</td><td class=""data_0_0"">68</td><td class=""data_0_0"">11/17 07:00</td><td class=""data_0_0"">106</td><td class=""data_0_0"">11/17 13:00</td><td class=""data_0_0"">126</td><td class=""data_0_0"">11/17 15:00</td><td class=""data_0_0"">130</td><td class=""data_0_0"">11/18 15:00</td><td class=""data_0_0"">172</td><td class=""data_0_0""> 8/19 17:00</td></tr>"
木更津,0382,1978,62.0,3/11 05:00,62,False,True,data_0_0,mtx,"<tr class=""mtx"" style=""text-align:right;""><td style=""white-space:nowrap""><div class=""a_print""><a href=""monthly_a1.php?prec_no=45&amp;block_no=0382&amp;year=1978&amp;month=&amp;day=&amp;view=a5"">1978</a></div></td><td class=""data_0_0"">29</td><td class=""data_0_0""> 3/10 17:00</td><td class=""data_0_0"">45</td><td class=""data_0_0""> 3/10 19:00</td><td class=""data_0_0"">57</td><td class=""data_0_0""> 3/10 19:00</td><td class=""data_0_0"">60</td><td class=""data_0_0""> 3/10 19:00</td><td class=""data_0_0"">62</td><td class=""data_0_0""> 3/11 05:00</td><td class=""data_0_0"">66</td><td class=""data_0_0""> 6/24 23:00</td><td class=""data_0_0"">71</td><td class=""data_0_0""> 6/25 23:00</td></tr>"
木更津,0382,1979,110.0,10/07 16:00,110,False,True,data_0_0,mtx,"<tr class=""mtx"" style=""text-align:right;""><td style=""white-space:nowrap""><div class=""a_print""><a href=""monthly_a1.php?prec_no=45&amp;block_no=0382&amp;year=1979&amp;month=&amp;day=&amp;view=a5"">1979</a></div></td><td class=""data_0_0"">80</td><td class=""data_0_0""> 4/08 22:00</td><td class=""data_0_0"">90</td><td class=""data_0_0""> 4/08 23:00</td><td class=""data_0_0"">96</td><td class=""data_0_0""> 4/08 23:00</td><td class=""data_0_0"">96</td><td class=""data_0_0""> 4/09 05:00</td><td class=""data_0_0"">110</td><td class=""data_0_0"">10/07 16:00</td><td class=""data_0_0"">127</td><td class=""data_0_0"">10/08 04:00</td><td class=""data_0_0"">127</td><td class=""data_0_0"">10/09 04:00</td></tr>"
木更津,0382,1980,91.0,10/15 15:00,91,False,True,data_0_0,mtx,"<tr class=""mtx"" style=""text-align:right;""><td style=""white-space:nowrap""><div class=""a_print""><a href=""monthly_a1.php?prec_no=45&amp;block_no=0382&amp;year=1980&amp;month=&amp;day=&amp;view=a5"">1980</a></div></td><td class=""data_0_0"">36</td><td class=""data_0_0"">10/14 19:00</td><td class=""data_0_0"">69</td><td class=""data_0_0"">10/14 21:00</td><td class=""data_0_0"">83</td><td class=""data_0_0"">10/14 23:00</td><td class=""data_0_0"">91</td><td class=""data_0_0"">10/15 03:00</td><td class=""data_0_0"">91</td><td class=""data_0_0"">10/15 15:00</td><td class=""data_0_0"">110</td><td class=""data_0_0""> 8/04 11:00</td><td class=""data_0_0"">110</td><td class=""data_0_0""> 8/05 11:00</td></tr>"
木更津,0382,1981,146.0,10/23 06:00,146,False,True,data_0_0,mtx,"<tr class=""mtx"" style=""text-align:right;""><td style=""white-space:nowrap""><div class=""a_print""><a href=""monthly_a1.php?prec_no=45&amp;block_no=0382&amp;year=1981&amp;month=&amp;day=&amp;view=a5"">1981</a></div></td><td class=""data_0_0"">32</td><td class=""data_0_0""> 7/22 18:00</td><td class=""data_0_0"">62</td><td class=""data_0_0"">10/22 21:00</td><td class=""data_0_0"">99</td><td class=""data_0_0"">10/22 22:00</td><td class=""data_0_0"">131</td><td class=""data_0_0"">10/22 24:00</td><td class=""data_0_0"">146</td><td class=""data_0_0"">10/23 06:00</td><td class=""data_0_0"">146</td><td class=""data_0_0"">10/24 06:00</td><td class=""data_0_0"">146</td><td class=""data_0_0"">10/25 06:00</td></tr>"
木更津,0382,1982,210.0,9/12 15:00,210,False,True,data_0_0,mtx,"<tr class=""mtx"" style=""text-align:right;""><td style=""white-space:nowrap""><div class=""a_print""><a href=""monthly_a1.php?prec_no=45&amp;block_no=0382&amp;year=1982&amp;month=&amp;day=&amp;view=a5"">1982</a></div></td><td class=""data_0_0"">27</td><td class=""data_0_0""> 9/11 17:00</td><td class=""data_0_0"">52</td><td class=""data_0_0""> 9/12 15:00</td><td class=""data_0_0"">100</td><td class=""data_0_0""> 9/12 15:00</td><td class=""data_0_0"">119</td><td class=""data_0_0""> 9/12 16:00</td><td class=""data_0_0"">210</td><td class=""data_0_0""> 9/12 15:00</td><td class=""data_0_0"">272</td><td class=""data_0_0""> 9/12 16:00</td><td class=""data_0_0"">282</td><td class=""data_0_0""> 9/12 17:00</td></tr>"
木更津,0382,1983,109.0,6/21 15:00,109,False,True,data_0_0,mtx,"<tr class=""mtx"" style=""text-align:right;""><td style=""white-space:nowrap""><div class=""a_print""><a href=""monthly_a1.php?prec_no=45&amp;block_no=0382&amp;year=1983&amp;month=&amp;day=&amp;view=a5"">1983</a></div></td><td class=""data_0_0"">27</td><td class=""data_0_0""> 6/21 02:00</td><td class=""data_0_0"">40</td><td class=""data_0_0"">10/05 05:00</td><td class=""data_0_0"">63</td><td class=""data_0_0"">10/05 07:00</td><td class=""data_0_0"">100</td><td class=""data_0_0""> 6/21 11:00</td><td class=""data_0_0"">109</td><td class=""data_0_0""> 6/21 15:00</td><td class=""data_0_0"">125</td><td class=""data_0_0""> 8/17 07:00</td><td class=""data_0_0"">175</td><td class=""data_0_0""> 8/18 05:00</td></tr>"
木更津,0382,1984,91.0,6/23 20:00,91 ],False,False,data_0_0,mtx,"<tr class=""mtx"" style=""text-align:right;""><td style=""white-space:nowrap""><div class=""a_print""><a href=""monthly_a1.php?prec_no=45&amp;block_no=0382&amp;year=1984&amp;month=&amp;day=&amp;view=a5"">1984</a></div></td><td class=""data_0_0"">32</td><td class=""data_0_0""> 7/28 17:00</td><td class=""data_0_0"">33 ]</td><td class=""data_0_0""> 7/28 17:00</td><td class=""data_0_0"">54 ]</td><td class=""data_0_0""> 6/23 07:00</td><td class=""data_0_0"">87 ]</td><td class=""data_0_0""> 6/23 12:00</td><td class=""data_0_0"">91 ]</td><td class=""data_0_0""> 6/23 20:00</td><td class=""data_0_0"">92 ]</td><td class=""data_0_0""> 6/24 05:00</td><td class=""data_0_0"">104 ]</td><td class=""data_0_0""> 6/25 20:00</td></tr>"
木更津,0382,1985,119.0,7/01 07:00,119,False,True,data_0_0,mtx,"<tr class=""mtx"" style=""text-align:right;""><td style=""white-space:nowrap""><div class=""a_print""><a href=""monthly_a1.php?prec_no=45&amp;block_no=0382&amp;year=1985&amp;month=&amp;day=&amp;view=a5"">1985</a></div></td><td class=""data_0_0"">30</td><td class=""data_0_0""> 7/14 20:00</td><td class=""data_0_0"">40</td><td class=""data_0_0""> 6/30 11:00</td><td class=""data_0_0"">55</td><td class=""data_0_0""> 8/31 01:00</td><td class=""data_0_0"">76</td><td class=""data_0_0""> 6/30 19:00</td><td class=""data_0_0"">119</td><td class=""data_0_0""> 7/01 07:00</td><td class=""data_0_0"">138</td><td class=""data_0_0""> 7/01 20:00</td><td class=""data_0_0"">166</td><td class=""data_0_0""> 7/01 06:00</td></tr>"
木更津,0382,1986,230.0,8/05 04:00,230,False,True,data_0_0,mtx,"<tr class=""mtx"" style=""text-align:right;""><td style=""white-space:nowrap""><div class=""a_print""><a href=""monthly_a1.php?prec_no=45&amp;block_no=0382&amp;year=1986&amp;month=&amp;day=&amp;view=a5"">1986</a></div></td><td class=""data_0_0"">30</td><td class=""data_0_0""> 8/02 12:00</td><td class=""data_0_0"">61</td><td class=""data_0_0""> 8/04 22:00</td><td class=""data_0_0"">114</td><td class=""data_0_0""> 8/04 23:00</td><td class=""data_0_0"">166</td><td class=""data_0_0""> 8/04 22:00</td><td class=""data_0_0"">230</td><td class=""data_0_0""> 8/05 04:00</td><td class=""data_0_0"">230</td><td class=""data_0_0""> 8/06 04:00</td><td class=""data_0_0"">264</td><td class=""data_0_0""> 8/05 11:00</td></tr>"
木更津,0382,1987,67.0,6/29 24:00,67,False,True,data_0_0,mtx,"<tr class=""mtx"" style=""text-align:right;""><td style=""white-space:nowrap""><div class=""a_print""><a href=""monthly_a1.php?prec_no=45&amp;block_no=0382&amp;year=1987&amp;month=&amp;day=&amp;view=a5"">1987</a></div></td><td class=""data_0_0"">18</td><td class=""data_0_0""> 9/25 08:00</td><td class=""data_0_0"">32</td><td class=""data_0_0""> 9/25 10:00</td><td class=""data_0_0"">48</td><td class=""data_0_0"">10/06 11:00</td><td class=""data_0_0"">66</td><td class=""data_0_0""> 6/29 12:00</td><td class=""data_0_0"">67</td><td class=""data_0_0""> 6/29 24:00</td><td class=""data_0_0"">73</td><td class=""data_0_0""> 9/27 06:00</td><td class=""data_0_0"">89</td><td class=""data_0_0""> 9/19 15:00</td></tr>"
木更津,0382,1988,243.0,8/11 24:00,243,False,True,data_0_0,mtx,"<tr class=""mtx"" style=""text-align:right;""><td style=""white-space:nowrap""><div class=""a_print""><a href=""monthly_a1.php?prec_no=45&amp;block_no=0382&amp;year=1988&amp;month=&amp;day=&amp;view=a5"">1988</a></div></td><td class=""data_0_0"">51</td><td class=""data_0_0""> 8/11 16:00</td><td class=""data_0_0"">90</td><td class=""data_0_0""> 8/11 18:00</td><td class=""data_0_0"">144</td><td class=""data_0_0""> 8/11 21:00</td><td class=""data_0_0"">173</td><td class=""data_0_0""> 8/11 19:00</td><td class=""data_0_0"">243</td><td class=""data_0_0""> 8/11 24:00</td><td class=""data_0_0"">275</td><td class=""data_0_0""> 8/12 17:00</td><td class=""data_0_0"">279</td><td class=""data_0_0""> 8/13 04:00</td></tr>"
木更津,0382,1989,303.0,8/01 22:00,303,False,True,data_0_0,mtx,"<tr class=""mtx"" style=""text-align:right;""><td style=""white-space:nowrap""><div class=""a_print""><a href=""monthly_a1.php?prec_no=45&amp;block_no=0382&amp;year=1989&amp;month=&amp;day=&amp;view=a5"">1989</a></div></td><td class=""data_0_0"">46</td><td class=""data_0_0""> 8/01 21:00</td><td class=""data_0_0"">102</td><td class=""data_0_0""> 8/01 22:00</td><td class=""data_0_0"">130</td><td class=""data_0_0""> 8/01 22:00</td><td class=""data_0_0"">187</td><td class=""data_0_0""> 8/01 21:00</td><td class=""data_0_0"">303</td><td class=""data_0_0""> 8/01 22:00</td><td class=""data_0_0"">310</td><td class=""data_0_0""> 8/02 19:00</td><td class=""data_0_0"">318</td><td class=""data_0_0""> 8/02 11:00</td></tr>"
木更津,0382,1990,123.0,10/01 02:00,123,False,True,data_0_0,mtx,"<tr class=""mtx"" style=""text-align:right;""><td style=""white-space:nowrap""><div class=""a_print""><a href=""monthly_a1.php?prec_no=45&amp;block_no=0382&amp;year=1990&amp;month=&amp;day=&amp;view=a5"">1990</a></div></td><td class=""data_0_0"">27</td><td class=""data_0_0"">11/20 24:00</td><td class=""data_0_0"">51</td><td class=""data_0_0"">11/21 02:00</td><td class=""data_0_0"">73</td><td class=""data_0_0""> 9/30 20:00</td><td class=""data_0_0"">108</td><td class=""data_0_0""> 9/30 20:00</td><td class=""data_0_0"">123</td><td class=""data_0_0"">10/01 02:00</td><td class=""data_0_0"">123</td><td class=""data_0_0"">10/02 02:00</td><td class=""data_0_0"">160</td><td class=""data_0_0"">11/30 22:00</td></tr>"
木更津,0382,1991,134.0,10/12 04:00,134,False,True,data_0_0,mtx,"<tr class=""mtx"" style=""text-align:right;""><td style=""white-space:nowrap""><div class=""a_print""><a href=""monthly_a1.php?prec_no=45&amp;block_no=0382&amp;year=1991&amp;month=&amp;day=&amp;view=a5"">1991</a></div></td><td class=""data_0_0"">28</td><td class=""data_0_0""> 9/08 08:00</td><td class=""data_0_0"">61</td><td class=""data_0_0""> 9/08 09:00</td><td class=""data_0_0"">79</td><td class=""data_0_0""> 9/08 11:00</td><td class=""data_0_0"">92</td><td class=""data_0_0""> 9/08 11:00</td><td class=""data_0_0"">134</td><td class=""data_0_0"">10/12 04:00</td><td class=""data_0_0"">216</td><td class=""data_0_0"">10/13 11:00</td><td class=""data_0_0"">246</td><td class=""data_0_0"">10/13 12:00</td></tr>"
木更津,0382,1992,98.0,10/09 19:00,98,False,True,data_0_0,mtx,"<tr class=""mtx"" style=""text-align:right;""><td style=""white-space:nowrap""><div class=""a_print""><a href=""monthly_a1.php?prec_no=45&amp;block_no=0382&amp;year=1992&amp;month=&amp;day=&amp;view=a5"">1992</a></div></td><td class=""data_0_0"">22</td><td class=""data_0_0""> 9/30 09:00</td><td class=""data_0_0"">40</td><td class=""data_0_0"">10/09 05:00</td><td class=""data_0_0"">71</td><td class=""data_0_0"">10/09 07:00</td><td class=""data_0_0"">98</td><td class=""data_0_0"">10/09 07:00</td><td class=""data_0_0"">98</td><td class=""data_0_0"">10/09 19:00</td><td class=""data_0_0"">98</td><td class=""data_0_0"">10/10 19:00</td><td class=""data_0_0"">98</td><td class=""data_0_0"">10/11 19:00</td></tr>"
木更津,0382,1993,145.0,8/27 15:00,145,False,True,data_0_0,mtx,"<tr class=""mtx"" style=""text-align:right;""><td style=""white-space:nowrap""><div class=""a_print""><a href=""monthly_a1.php?prec_no=45&amp;block_no=0382&amp;year=1993&amp;month=&amp;day=&amp;view=a5"">1993</a></div></td><td class=""data_0_0"">32</td><td class=""data_0_0""> 7/05 10:00</td><td class=""data_0_0"">70</td><td class=""data_0_0""> 7/05 10:00</td><td class=""data_0_0"">97</td><td class=""data_0_0""> 8/27 13:00</td><td class=""data_0_0"">127</td><td class=""data_0_0""> 8/27 18:00</td><td class=""data_0_0"">145</td><td class=""data_0_0""> 8/27 15:00</td><td class=""data_0_0"">155</td><td class=""data_0_0""> 8/28 14:00</td><td class=""data_0_0"">155</td><td class=""data_0_0""> 8/29 14:00</td></tr>"
木更津,0382,1994,89.0,9/14 10:00,89,False,True,data_0_0,mtx,"<tr class=""mtx"" style=""text-align:right;""><td style=""white-space:nowrap""><div class=""a_print""><a href=""monthly_a1.php?prec_no=45&amp;block_no=0382&amp;year=1994&amp;month=&amp;day=&amp;view=a5"">1994</a></div></td><td class=""data_0_0"">42</td><td class=""data_0_0""> 9/02 18:00</td><td class=""data_0_0"">48</td><td class=""data_0_0"">11/19 01:00</td><td class=""data_0_0"">55</td><td class=""data_0_0"">11/19 03:00</td><td class=""data_0_0"">55</td><td class=""data_0_0"">11/19 09:00</td><td class=""data_0_0"">89</td><td class=""data_0_0""> 9/14 10:00</td><td class=""data_0_0"">123</td><td class=""data_0_0""> 9/15 13:00</td><td class=""data_0_0"">134</td><td class=""data_0_0""> 9/16 10:00</td></tr>"
木更津,0382,1995,144.0,9/17 12:00,144,False,True,data_0_0,mtx,"<tr class=""mtx"" style=""text-align:right;""><td style=""white-space:nowrap""><div class=""a_print""><a href=""monthly_a1.php?prec_no=45&amp;block_no=0382&amp;year=1995&amp;month=&amp;day=&amp;view=a5"">1995</a></div></td><td class=""data_0_0"">27</td><td class=""data_0_0""> 6/04 02:00</td><td class=""data_0_0"">38</td><td class=""data_0_0""> 6/04 02:00</td><td class=""data_0_0"">50</td><td class=""data_0_0""> 9/17 05:00</td><td class=""data_0_0"">89</td><td class=""data_0_0""> 5/16 01:00</td><td class=""data_0_0"">144</td><td class=""data_0_0""> 9/17 12:00</td><td class=""data_0_0"">168</td><td class=""data_0_0""> 9/18 05:00</td><td class=""data_0_0"">177</td><td class=""data_0_0""> 9/18 09:00</td></tr>"
木更津,0382,1996,179.0,9/23 01:00,179,False,True,data_0_0,mtx,"<tr class=""mtx"" style=""text-align:right;""><td style=""white-space:nowrap""><div class=""a_print""><a href=""monthly_a1.php?prec_no=45&amp;block_no=0382&amp;year=1996&amp;month=&amp;day=&amp;view=a5"">1996</a></div></td><td class=""data_0_0"">41</td><td class=""data_0_0""> 7/21 06:00</td><td class=""data_0_0"">96</td><td class=""data_0_0""> 7/21 08:00</td><td class=""data_0_0"">138</td><td class=""data_0_0""> 7/21 09:00</td><td class=""data_0_0"">166</td><td class=""data_0_0""> 9/22 14:00</td><td class=""data_0_0"">179</td><td class=""data_0_0""> 9/23 01:00</td><td class=""data_0_0"">276</td><td class=""data_0_0""> 7/10 17:00</td><td class=""data_0_0"">308</td><td class=""data_0_0""> 7/11 12:00</td></tr>"
木更津,0382,1997,80.0,5/25 13:00,80,False,True,data_0_0,mtx,"<tr class=""mtx"" style=""text-align:right;""><td style=""white-space:nowrap""><div class=""a_print""><a href=""monthly_a1.php?prec_no=45&amp;block_no=0382&amp;year=1997&amp;month=&amp;day=&amp;view=a5"">1997</a></div></td><td class=""data_0_0"">30</td><td class=""data_0_0""> 5/25 02:00</td><td class=""data_0_0"">53</td><td class=""data_0_0""> 5/25 02:00</td><td class=""data_0_0"">66</td><td class=""data_0_0""> 5/25 02:00</td><td class=""data_0_0"">77</td><td class=""data_0_0""> 5/25 03:00</td><td class=""data_0_0"">80</td><td class=""data_0_0""> 5/25 13:00</td><td class=""data_0_0"">90</td><td class=""data_0_0""> 4/07 08:00</td><td class=""data_0_0"">96</td><td class=""data_0_0""> 4/08 03:00</td></tr>"
木更津,0382,1998,102.0,9/16 20:00,102,False,True,data_0_0,mtx,"<tr class=""mtx"" style=""text-align:right;""><td style=""white-space:nowrap""><div class=""a_print""><a href=""monthly_a1.php?prec_no=45&amp;block_no=0382&amp;year=1998&amp;month=&amp;day=&amp;view=a5"">1998</a></div></td><td class=""data_0_0"">26</td><td class=""data_0_0""> 7/30 18:00</td><td class=""data_0_0"">48</td><td class=""data_0_0""> 7/23 01:00</td><td class=""data_0_0"">82</td><td class=""data_0_0""> 9/16 03:00</td><td class=""data_0_0"">101</td><td class=""data_0_0""> 9/16 08:00</td><td class=""data_0_0"">102</td><td class=""data_0_0""> 9/16 20:00</td><td class=""data_0_0"">110</td><td class=""data_0_0""> 9/16 23:00</td><td class=""data_0_0"">116</td><td class=""data_0_0""> 9/18 20:00</td></tr>"
木更津,0382,1999,169.0,7/14 03:00,169,False,True,data_0_0,mtx,"<tr class=""mtx"" style=""text-align:right;""><td style=""white-space:nowrap""><div class=""a_print""><a href=""monthly_a1.php?prec_no=45&amp;block_no=0382&amp;year=1999&amp;month=&amp;day=&amp;view=a5"">1999</a></div></td><td class=""data_0_0"">37</td><td class=""data_0_0"">10/27 17:00</td><td class=""data_0_0"">54</td><td class=""data_0_0"">10/27 19:00</td><td class=""data_0_0"">84</td><td class=""data_0_0"">10/27 20:00</td><td class=""data_0_0"">107</td><td class=""data_0_0""> 7/13 17:00</td><td class=""data_0_0"">169</td><td class=""data_0_0""> 7/14 03:00</td><td class=""data_0_0"">180</td><td class=""data_0_0""> 7/14 23:00</td><td class=""data_0_0"">193</td><td class=""data_0_0""> 7/14 04:00</td></tr>"
木更津,0382,2000,134.0,7/08 14:00,134,False,True,data_0_0,mtx,"<tr class=""mtx"" style=""text-align:right;""><td style=""white-space:nowrap""><div class=""a_print""><a href=""monthly_a1.php?prec_no=45&amp;block_no=0382&amp;year=2000&amp;month=&amp;day=&amp;view=a5"">2000</a></div></td><td class=""data_0_0"">24</td><td class=""data_0_0""> 7/07 22:00</td><td class=""data_0_0"">42</td><td class=""data_0_0""> 7/07 23:00</td><td class=""data_0_0"">75</td><td class=""data_0_0""> 7/08 03:00</td><td class=""data_0_0"">119</td><td class=""data_0_0""> 7/08 06:00</td><td class=""data_0_0"">134</td><td class=""data_0_0""> 7/08 14:00</td><td class=""data_0_0"">134</td><td class=""data_0_0""> 7/09 14:00</td><td class=""data_0_0"">134</td><td class=""data_0_0""> 7/10 14:00</td></tr>"
木更津,0382,2001,109.0,10/01 23:00,109,False,True,data_0_0,mtx,"<tr class=""mtx"" style=""text-align:right;""><td style=""white-space:nowrap""><div class=""a_print""><a href=""monthly_a1.php?prec_no=45&amp;block_no=0382&amp;year=2001&amp;month=&amp;day=&amp;view=a5"">2001</a></div></td><td class=""data_0_0"">30</td><td class=""data_0_0""> 8/11 17:00</td><td class=""data_0_0"">43</td><td class=""data_0_0"">10/10 19:00</td><td class=""data_0_0"">77</td><td class=""data_0_0"">10/10 20:00</td><td class=""data_0_0"">96</td><td class=""data_0_0"">10/10 23:00</td><td class=""data_0_0"">109</td><td class=""data_0_0"">10/01 23:00</td><td class=""data_0_0"">130</td><td class=""data_0_0"">10/02 16:00</td><td class=""data_0_0"">139</td><td class=""data_0_0""> 9/11 15:00</td></tr>"
木更津,0382,2002,97.0,8/19 22:00,97,False,True,data_0_0,mtx,"<tr class=""mtx"" style=""text-align:right;""><td style=""white-space:nowrap""><div class=""a_print""><a href=""monthly_a1.php?prec_no=45&amp;block_no=0382&amp;year=2002&amp;month=&amp;day=&amp;view=a5"">2002</a></div></td><td class=""data_0_0"">25</td><td class=""data_0_0"">10/16 01:00</td><td class=""data_0_0"">36</td><td class=""data_0_0""> 1/21 17:00</td><td class=""data_0_0"">49</td><td class=""data_0_0""> 6/18 15:00</td><td class=""data_0_0"">60</td><td class=""data_0_0""> 8/19 18:00</td><td class=""data_0_0"">97</td><td class=""data_0_0""> 8/19 22:00</td><td class=""data_0_0"">113</td><td class=""data_0_0""> 9/08 02:00</td><td class=""data_0_0"">114</td><td class=""data_0_0""> 9/08 24:00</td></tr>"
木更津,0382,2003,212.0,8/15 21:50,212,False,True,data_1t_0,mtx,"<tr class=""mtx"" style=""text-align:right;""><td style=""white-space:nowrap""><div class=""a_print""><a href=""monthly_a1.php?prec_no=45&amp;block_no=0382&amp;year=2003&amp;month=&amp;day=&amp;view=a5"">2003</a></div></td><td class=""data_1t_0"">31</td><td class=""data_1t_0"">10/13 15:20</td><td class=""data_1t_0"">49</td><td class=""data_1t_0""> 8/15 10:20</td><td class=""data_1t_0"">80</td><td class=""data_1t_0""> 8/15 12:00</td><td class=""data_1t_0"">145</td><td class=""data_1t_0""> 8/15 13:20</td><td class=""data_1t_0"">212</td><td class=""data_1t_0""> 8/15 21:50</td><td class=""data_1t_0"">277</td><td class=""data_1t_0""> 8/16 12:40</td><td class=""data_1t_0"">299</td><td class=""data_1t_0""> 8/17 04:20</td></tr>"
木更津,0382,2004,188.0,10/09 17:10,188,False,True,data_0_0,mtx,"<tr class=""mtx"" style=""text-align:right;""><td style=""white-space:nowrap""><div class=""a_print""><a href=""monthly_a1.php?prec_no=45&amp;block_no=0382&amp;year=2004&amp;month=&amp;day=&amp;view=a5"">2004</a></div></td><td class=""data_0_0"">30</td><td class=""data_0_0"">11/12 05:50</td><td class=""data_0_0"">63</td><td class=""data_0_0"">10/09 17:00</td><td class=""data_0_0"">87</td><td class=""data_0_0"">11/12 08:10</td><td class=""data_0_0"">115</td><td class=""data_0_0"">10/09 07:10</td><td class=""data_0_0"">188</td><td class=""data_0_0"">10/09 17:10</td><td class=""data_0_0"">195</td><td class=""data_0_0"">10/10 13:20</td><td class=""data_0_0"">208</td><td class=""data_0_0"">10/11 11:50</td></tr>"
木更津,0382,2005,111.0,8/26 04:20,111,False,True,data_0_0,mtx,"<tr class=""mtx"" style=""text-align:right;""><td style=""white-space:nowrap""><div class=""a_print""><a href=""monthly_a1.php?prec_no=45&amp;block_no=0382&amp;year=2005&amp;month=&amp;day=&amp;view=a5"">2005</a></div></td><td class=""data_0_0"">18</td><td class=""data_0_0""> 8/23 22:30</td><td class=""data_0_0"">40</td><td class=""data_0_0""> 8/26 01:30</td><td class=""data_0_0"">71</td><td class=""data_0_0""> 8/26 04:00</td><td class=""data_0_0"">82</td><td class=""data_0_0""> 8/26 05:10</td><td class=""data_0_0"">111</td><td class=""data_0_0""> 8/26 04:20</td><td class=""data_0_0"">112</td><td class=""data_0_0""> 8/27 03:40</td><td class=""data_0_0"">135</td><td class=""data_0_0""> 8/26 21:30</td></tr>"
木更津,0382,2006,215.0,12/27 07:20,215 ],True,False,data_2t_0,mtx,"<tr class=""mtx"" style=""text-align:right;""><td style=""white-space:nowrap""><div class=""a_print""><a href=""monthly_a1.php?prec_no=45&amp;block_no=0382&amp;year=2006&amp;month=&amp;day=&amp;view=a5"">2006</a></div></td><td class=""data_2t_0"">30 ]</td><td class=""data_2t_0"">12/27 00:30</td><td class=""data_2t_0"">76 ]</td><td class=""data_2t_0"">12/27 00:30</td><td class=""data_2t_0"">132 ]</td><td class=""data_2t_0"">12/27 00:30</td><td class=""data_2t_0"">180 ]</td><td class=""data_2t_0"">12/27 01:40</td><td class=""data_2t_0"">215 ]</td><td class=""data_2t_0"">12/27 07:20</td><td class=""data_2t_0"">215 ]</td><td class=""data_2t_0"">12/28 07:20</td><td class=""data_2t_0"">215 ]</td><td class=""data_2t_0"">12/29 07:20</td></tr>"
木更津,0382,2007,143.0,10/28 01:50,143,False,True,data_0_0,mtx,"<tr class=""mtx"" style=""text-align:right;""><td style=""white-space:nowrap""><div class=""a_print""><a href=""monthly_a1.php?prec_no=45&amp;block_no=0382&amp;year=2007&amp;month=&amp;day=&amp;view=a5"">2007</a></div></td><td class=""data_0_0"">51</td><td class=""data_0_0""> 9/12 06:10</td><td class=""data_0_0"">64</td><td class=""data_0_0""> 9/12 06:50</td><td class=""data_0_0"">82</td><td class=""data_0_0"">10/27 18:20</td><td class=""data_0_0"">128</td><td class=""data_0_0"">10/27 18:30</td><td class=""data_0_0"">143</td><td class=""data_0_0"">10/28 01:50</td><td class=""data_0_0"">152</td><td class=""data_0_0"">10/28 05:50</td><td class=""data_0_0"">152</td><td class=""data_0_0"">10/29 05:50</td></tr>"
木更津,0382,2008,100.0,6/22 23:10,100.0 ],False,False,data_0_0,mtx,"<tr class=""mtx"" style=""text-align:right;""><td style=""white-space:nowrap""><div class=""a_print""><a href=""monthly_a1.php?prec_no=45&amp;block_no=0382&amp;year=2008&amp;month=&amp;day=&amp;view=a5"">2008</a></div></td><td class=""data_0_0"">33.5</td><td class=""data_0_0""> 8/30 21:50</td><td class=""data_0_0"">45.5</td><td class=""data_0_0""> 9/20 02:00</td><td class=""data_0_0"">83.5</td><td class=""data_0_0""> 9/20 04:40</td><td class=""data_0_0"">95.0 ]</td><td class=""data_0_0""> 9/20 07:20</td><td class=""data_0_0"">100.0 ]</td><td class=""data_0_0""> 6/22 23:10</td><td class=""data_0_0"">124.5 ]</td><td class=""data_0_0""> 6/23 03:10</td><td class=""data_0_0"">128.5 ]</td><td class=""data_0_0""> 6/23 10:10</td></tr>"
木更津,0382,2009,117.5,8/11 01:00,117.5,False,True,data_0_0,mtx,"<tr class=""mtx"" style=""text-align:right;""><td style=""white-space:nowrap""><div class=""a_print""><a href=""monthly_a1.php?prec_no=45&amp;block_no=0382&amp;year=2009&amp;month=&amp;day=&amp;view=a5"">2009</a></div></td><td class=""data_0_0"">28.0</td><td class=""data_0_0""> 1/31 06:40</td><td class=""data_0_0"">59.5</td><td class=""data_0_0""> 1/31 07:00</td><td class=""data_0_0"">77.5</td><td class=""data_0_0""> 1/31 07:40</td><td class=""data_0_0"">109.5</td><td class=""data_0_0""> 8/10 16:20</td><td class=""data_0_0"">117.5</td><td class=""data_0_0""> 8/11 01:00</td><td class=""data_0_0"">124.0</td><td class=""data_0_0""> 1/31 18:50</td><td class=""data_0_0"">124.0</td><td class=""data_0_0""> 2/01 18:50</td></tr>"
木更津,0382,2010,92.0,10/10 10:30,92.0,False,True,data_0_0,mtx,"<tr class=""mtx"" style=""text-align:right;""><td style=""white-space:nowrap""><div class=""a_print""><a href=""monthly_a1.php?prec_no=45&amp;block_no=0382&amp;year=2010&amp;month=&amp;day=&amp;view=a5"">2010</a></div></td><td class=""data_0_0"">39.5</td><td class=""data_0_0"">11/01 04:40</td><td class=""data_0_0"">51.0</td><td class=""data_0_0"">11/01 04:50</td><td class=""data_0_0"">52.5</td><td class=""data_0_0"">11/01 07:10</td><td class=""data_0_0"">63.0</td><td class=""data_0_0"">10/10 08:40</td><td class=""data_0_0"">92.0</td><td class=""data_0_0"">10/10 10:30</td><td class=""data_0_0"">124.5</td><td class=""data_0_0""> 9/28 22:10</td><td class=""data_0_0"">134.5</td><td class=""data_0_0"">10/31 08:20</td></tr>"
木更津,0382,2011,162.0,9/21 17:50,162.0,False,True,data_0_0,mtx,"<tr class=""mtx"" style=""text-align:right;""><td style=""white-space:nowrap""><div class=""a_print""><a href=""monthly_a1.php?prec_no=45&amp;block_no=0382&amp;year=2011&amp;month=&amp;day=&amp;view=a5"">2011</a></div></td><td class=""data_0_0"">38.0</td><td class=""data_0_0""> 9/20 19:00</td><td class=""data_0_0"">60.5</td><td class=""data_0_0""> 6/13 06:40</td><td class=""data_0_0"">73.5</td><td class=""data_0_0""> 6/13 06:40</td><td class=""data_0_0"">98.5</td><td class=""data_0_0""> 9/21 05:50</td><td class=""data_0_0"">162.0</td><td class=""data_0_0""> 9/21 17:50</td><td class=""data_0_0"">179.5</td><td class=""data_0_0""> 9/21 23:40</td><td class=""data_0_0"">181.5</td><td class=""data_0_0""> 9/22 23:40</td></tr>"
木更津,0382,2012,69.5,12/31 02:40,69.5,False,True,data_0_0,mtx,"<tr class=""mtx"" style=""text-align:right;""><td style=""white-space:nowrap""><div class=""a_print""><a href=""monthly_a1.php?prec_no=45&amp;block_no=0382&amp;year=2012&amp;month=&amp;day=&amp;view=a5"">2012</a></div></td><td class=""data_0_0"">25.5</td><td class=""data_0_0"">12/30 18:10</td><td class=""data_0_0"">55.5</td><td class=""data_0_0"">12/30 19:30</td><td class=""data_0_0"">63.0</td><td class=""data_0_0"">12/30 20:20</td><td class=""data_0_0"">66.0</td><td class=""data_0_0"">12/30 24:00</td><td class=""data_0_0"">69.5</td><td class=""data_0_0"">12/31 02:40</td><td class=""data_0_0"">90.0</td><td class=""data_0_0"">10/19 18:20</td><td class=""data_0_0"">104.5</td><td class=""data_0_0""> 6/22 12:30</td></tr>"
木更津,0382,2013,323.5,10/16 11:50,323.5,False,True,data_0_0,mtx,"<tr class=""mtx"" style=""text-align:right;""><td style=""white-space:nowrap""><div class=""a_print""><a href=""monthly_a1.php?prec_no=45&amp;block_no=0382&amp;year=2013&amp;month=&amp;day=&amp;view=a5"">2013</a></div></td><td class=""data_0_0"">42.0</td><td class=""data_0_0"">10/16 06:00</td><td class=""data_0_0"">118.0</td><td class=""data_0_0"">10/16 05:50</td><td class=""data_0_0"">200.5</td><td class=""data_0_0"">10/16 06:10</td><td class=""data_0_0"">282.0</td><td class=""data_0_0"">10/16 06:40</td><td class=""data_0_0"">323.5</td><td class=""data_0_0"">10/16 11:50</td><td class=""data_0_0"">323.5</td><td class=""data_0_0"">10/17 11:50</td><td class=""data_0_0"">323.5</td><td class=""data_0_0"">10/18 11:50</td></tr>"
木更津,0382,2014,177.5,10/06 09:50,177.5,False,True,data_0_0,mtx,"<tr class=""mtx"" style=""text-align:right;""><td style=""white-space:nowrap""><div class=""a_print""><a href=""monthly_a1.php?prec_no=45&amp;block_no=0382&amp;year=2014&amp;month=&amp;day=&amp;view=a5"">2014</a></div></td><td class=""data_0_0"">24.5</td><td class=""data_0_0"">10/06 09:10</td><td class=""data_0_0"">57.5</td><td class=""data_0_0"">10/06 09:50</td><td class=""data_0_0"">81.5</td><td class=""data_0_0"">10/06 10:50</td><td class=""data_0_0"">115.0</td><td class=""data_0_0""> 6/07 04:20</td><td class=""data_0_0"">177.5</td><td class=""data_0_0"">10/06 09:50</td><td class=""data_0_0"">215.5</td><td class=""data_0_0"">10/07 04:10</td><td class=""data_0_0"">215.5</td><td class=""data_0_0"">10/08 04:10</td></tr>"
木更津,0382,2015,132.0,9/10 11:20,132.0,False,True,data_0_0,mtx,"<tr class=""mtx"" style=""text-align:right;""><td style=""white-space:nowrap""><div class=""a_print""><a href=""monthly_a1.php?prec_no=45&amp;block_no=0382&amp;year=2015&amp;month=&amp;day=&amp;view=a5"">2015</a></div></td><td class=""data_0_0"">39.5</td><td class=""data_0_0""> 7/03 23:50</td><td class=""data_0_0"">56.0</td><td class=""data_0_0""> 9/10 06:00</td><td class=""data_0_0"">74.0</td><td class=""data_0_0""> 7/09 02:10</td><td class=""data_0_0"">94.0</td><td class=""data_0_0""> 7/09 03:40</td><td class=""data_0_0"">132.0</td><td class=""data_0_0""> 9/10 11:20</td><td class=""data_0_0"">197.5</td><td class=""data_0_0""> 9/10 06:00</td><td class=""data_0_0"">245.0</td><td class=""data_0_0""> 9/10 20:10</td></tr>"
木更津,0382,2016,98.0,8/23 05:10,98.0,False,True,data_0_0,mtx,"<tr class=""mtx"" style=""text-align:right;""><td style=""white-space:nowrap""><div class=""a_print""><a href=""monthly_a1.php?prec_no=45&amp;block_no=0382&amp;year=2016&amp;month=&amp;day=&amp;view=a5"">2016</a></div></td><td class=""data_0_0"">56.5</td><td class=""data_0_0""> 7/14 20:40</td><td class=""data_0_0"">59.0</td><td class=""data_0_0""> 7/14 22:40</td><td class=""data_0_0"">66.5</td><td class=""data_0_0""> 3/07 11:30</td><td class=""data_0_0"">97.5</td><td class=""data_0_0""> 8/22 17:10</td><td class=""data_0_0"">98.0</td><td class=""data_0_0""> 8/23 05:10</td><td class=""data_0_0"">115.5</td><td class=""data_0_0""> 9/21 12:10</td><td class=""data_0_0"">142.0</td><td class=""data_0_0""> 9/22 15:20</td></tr>"
木更津,0382,2017,141.0,10/23 03:30,141.0,False,True,data_0_0,mtx,"<tr class=""mtx"" style=""text-align:right;""><td style=""white-space:nowrap""><div class=""a_print""><a href=""monthly_a1.php?prec_no=45&amp;block_no=0382&amp;year=2017&amp;month=&amp;day=&amp;view=a5"">2017</a></div></td><td class=""data_0_0"">36.0</td><td class=""data_0_0""> 9/28 06:20</td><td class=""data_0_0"">78.5</td><td class=""data_0_0""> 9/28 06:50</td><td class=""data_0_0"">109.0</td><td class=""data_0_0""> 9/28 08:20</td><td class=""data_0_0"">131.5</td><td class=""data_0_0""> 9/28 10:50</td><td class=""data_0_0"">141.0</td><td class=""data_0_0"">10/23 03:30</td><td class=""data_0_0"">183.5</td><td class=""data_0_0"">10/23 09:10</td><td class=""data_0_0"">187.5</td><td class=""data_0_0"">10/23 20:30</td></tr>"
木更津,0382,2018,110.0,10/01 02:00,110.0,False,True,data_0_0,mtx,"<tr class=""mtx"" style=""text-align:right;""><td style=""white-space:nowrap""><div class=""a_print""><a href=""monthly_a1.php?prec_no=45&amp;block_no=0382&amp;year=2018&amp;month=&amp;day=&amp;view=a5"">2018</a></div></td><td class=""data_0_0"">48.0</td><td class=""data_0_0""> 9/30 07:00</td><td class=""data_0_0"">56.0</td><td class=""data_0_0""> 9/30 07:10</td><td class=""data_0_0"">66.0</td><td class=""data_0_0""> 9/30 08:30</td><td class=""data_0_0"">78.5</td><td class=""data_0_0""> 9/30 14:40</td><td class=""data_0_0"">110.0</td><td class=""data_0_0"">10/01 02:00</td><td class=""data_0_0"">112.5</td><td class=""data_0_0"">10/01 13:30</td><td class=""data_0_0"">112.5</td><td class=""data_0_0"">10/02 13:30</td></tr>"
木更津,0382,2019,170.5,10/12 22:00,170.5,False,True,data_0_0,mtx,"<tr class=""mtx"" style=""text-align:right;""><td style=""white-space:nowrap""><div class=""a_print""><a href=""monthly_a1.php?prec_no=45&amp;block_no=0382&amp;year=2019&amp;month=&amp;day=&amp;view=a5"">2019</a></div></td><td class=""data_0_0"">34.5</td><td class=""data_0_0""> 9/09 02:30</td><td class=""data_0_0"">79.0</td><td class=""data_0_0""> 9/09 03:20</td><td class=""data_0_0"">116.5</td><td class=""data_0_0""> 9/09 05:00</td><td class=""data_0_0"">156.0</td><td class=""data_0_0"">10/25 16:00</td><td class=""data_0_0"">170.5</td><td class=""data_0_0"">10/12 22:00</td><td class=""data_0_0"">178.5</td><td class=""data_0_0"">10/12 21:20</td><td class=""data_0_0"">182.0 ]</td><td class=""data_0_0"">10/13 18:10</td></tr>"
木更津,0382,2020,81.5,1/29 03:00,81.5,False,True,data_0_0,mtx,"<tr class=""mtx"" style=""text-align:right;""><td style=""white-space:nowrap""><div class=""a_print""><a href=""monthly_a1.php?prec_no=45&amp;block_no=0382&amp;year=2020&amp;month=&amp;day=&amp;view=a5"">2020</a></div></td><td class=""data_0_0"">27.0</td><td class=""data_0_0""> 7/26 22:20</td><td class=""data_0_0"">47.5</td><td class=""data_0_0""> 7/04 04:40</td><td class=""data_0_0"">67.0</td><td class=""data_0_0""> 7/04 06:40</td><td class=""data_0_0"">77.0</td><td class=""data_0_0""> 7/04 09:50</td><td class=""data_0_0"">81.5</td><td class=""data_0_0""> 1/29 03:00</td><td class=""data_0_0"">138.5</td><td class=""data_0_0"">10/10 21:40</td><td class=""data_0_0"">174.5</td><td class=""data_0_0"">10/11 00:30</td></tr>"
木更津,0382,2021,211.5,7/03 09:50,211.5,False,True,data_0_0,mtx,"<tr class=""mtx"" style=""text-align:right;""><td style=""white-space:nowrap""><div class=""a_print""><a href=""monthly_a1.php?prec_no=45&amp;block_no=0382&amp;year=2021&amp;month=&amp;day=&amp;view=a5"">2021</a></div></td><td class=""data_0_0"">41.5</td><td class=""data_0_0""> 7/03 08:40</td><td class=""data_0_0"">64.5</td><td class=""data_0_0""> 7/03 09:30</td><td class=""data_0_0"">119.0</td><td class=""data_0_0""> 7/03 09:00</td><td class=""data_0_0"">152.0</td><td class=""data_0_0""> 7/03 13:20</td><td class=""data_0_0"">211.5</td><td class=""data_0_0""> 7/03 09:50</td><td class=""data_0_0"">290.5</td><td class=""data_0_0""> 7/03 18:20</td><td class=""data_0_0"">350.0</td><td class=""data_0_0""> 7/04 01:40</td></tr>"
木更津,0382,2022,112.0,8/05 05:50,112.0,False,True,data_0_0,mtx,"<tr class=""mtx"" style=""text-align:right;""><td style=""white-space:nowrap""><div class=""a_print""><a href=""monthly_a1.php?prec_no=45&amp;block_no=0382&amp;year=2022&amp;month=&amp;day=&amp;view=a5"">2022</a></div></td><td class=""data_0_0"">50.5</td><td class=""data_0_0""> 8/13 19:10</td><td class=""data_0_0"">71.5</td><td class=""data_0_0""> 7/15 18:40</td><td class=""data_0_0"">81.5</td><td class=""data_0_0""> 8/04 21:00</td><td class=""data_0_0"">109.5</td><td class=""data_0_0""> 8/05 02:10</td><td class=""data_0_0"">112.0</td><td class=""data_0_0""> 8/05 05:50</td><td class=""data_0_0"">152.5</td><td class=""data_0_0""> 7/16 13:30</td><td class=""data_0_0"">171.5</td><td class=""data_0_0""> 7/17 15:00</td></tr>"
木更津,0382,2023,204.0,9/09 02:40,204.0,False,True,data_0_0,mtx,"<tr class=""mtx"" style=""text-align:right;""><td style=""white-space:nowrap""><div class=""a_print""><a href=""monthly_a1.php?prec_no=45&amp;block_no=0382&amp;year=2023&amp;month=&amp;day=&amp;view=a5"">2023</a></div></td><td class=""data_0_0"">45.5</td><td class=""data_0_0""> 7/04 20:20</td><td class=""data_0_0"">71.0</td><td class=""data_0_0""> 9/08 09:10</td><td class=""data_0_0"">127.0</td><td class=""data_0_0""> 9/08 10:20</td><td class=""data_0_0"">163.0</td><td class=""data_0_0""> 9/08 13:10</td><td class=""data_0_0"">204.0</td><td class=""data_0_0""> 9/09 02:40</td><td class=""data_0_0"">212.0</td><td class=""data_0_0""> 9/09 18:00</td><td class=""data_0_0"">213.5</td><td class=""data_0_0""> 9/09 19:30</td></tr>"
木更津,0382,2024,118.5,6/19 02:10,118.5,False,True,data_0_0,mtx,"<tr class=""mtx"" style=""text-align:right;""><td style=""white-space:nowrap""><div class=""a_print""><a href=""monthly_a1.php?prec_no=45&amp;block_no=0382&amp;year=2024&amp;month=&amp;day=&amp;view=a5"">2024</a></div></td><td class=""data_0_0"">26.5</td><td class=""data_0_0""> 9/03 13:40</td><td class=""data_0_0"">36.0</td><td class=""data_0_0"">11/27 05:10</td><td class=""data_0_0"">65.5</td><td class=""data_0_0""> 6/18 17:50</td><td class=""data_0_0"">109.5</td><td class=""data_0_0""> 6/18 18:10</td><td class=""data_0_0"">118.5</td><td class=""data_0_0""> 6/19 02:10</td><td class=""data_0_0"">118.5</td><td class=""data_0_0""> 6/20 02:10</td><td class=""data_0_0"">129.5</td><td class=""data_0_0""> 6/18 20:30</td></tr>"
木更津,0382,2025,156.5,9/06 02:40,156.5,False,True,data_0_0,mtx,"<tr class=""mtx"" style=""text-align:right;""><td style=""white-space:nowrap""><div class=""a_print""><a href=""monthly_a1.php?prec_no=45&amp;block_no=0382&amp;year=2025&amp;month=&amp;day=&amp;view=a5"">2025</a></div></td><td class=""data_0_0"">54.0</td><td class=""data_0_0""> 9/05 16:20</td><td class=""data_0_0"">90.5</td><td class=""data_0_0""> 9/05 16:40</td><td class=""data_0_0"">103.5</td><td class=""data_0_0""> 9/05 17:10</td><td class=""data_0_0"">147.0</td><td class=""data_0_0""> 9/05 16:50</td><td class=""data_0_0"">156.5</td><td class=""data_0_0""> 9/06 02:40</td><td class=""data_0_0"">165.5</td><td class=""data_0_0""> 9/06 08:10</td><td class=""data_0_0"">165.5</td><td class=""data_0_0""> 9/07 08:10</td></tr>"
鋸南,0383,1976,179.0,7/12 06:00,179,False,True,data_0_0,mtx,"<tr class=""mtx"" style=""text-align:right;""><td style=""white-space:nowrap""><div class=""a_print""><a href=""monthly_a1.php?prec_no=45&amp;block_no=0383&amp;year=1976&amp;month=&amp;day=&amp;view=a5"">1976</a></div></td><td class=""data_0_0"">38</td><td class=""data_0_0"">10/20 15:00</td><td class=""data_0_0"">67</td><td class=""data_0_0"">10/20 16:00</td><td class=""data_0_0"">74</td><td class=""data_0_0"">10/20 18:00</td><td class=""data_0_0"">130</td><td class=""data_0_0""> 7/11 23:00</td><td class=""data_0_0"">179</td><td class=""data_0_0""> 7/12 06:00</td><td class=""data_0_0"">186</td><td class=""data_0_0""> 7/12 12:00</td><td class=""data_0_0"">188 ]</td><td class=""data_0_0""> 7/13 12:00</td></tr>"
鋸南,0383,1977,120.0,9/19 21:00,120 ],False,False,data_0_0,mtx,"<tr class=""mtx"" style=""text-align:right;""><td style=""white-space:nowrap""><div class=""a_print""><a href=""monthly_a1.php?prec_no=45&amp;block_no=0383&amp;year=1977&amp;month=&amp;day=&amp;view=a5"">1977</a></div></td><td class=""data_0_0"">31</td><td class=""data_0_0"">11/17 05:00</td><td class=""data_0_0"">52</td><td class=""data_0_0""> 8/19 09:00</td><td class=""data_0_0"">64 ]</td><td class=""data_0_0"">11/17 06:00</td><td class=""data_0_0"">103 ]</td><td class=""data_0_0""> 9/19 18:00</td><td class=""data_0_0"">120 ]</td><td class=""data_0_0""> 9/19 21:00</td><td class=""data_0_0"">159 ]</td><td class=""data_0_0""> 8/19 09:00</td><td class=""data_0_0"">224 ]</td><td class=""data_0_0""> 8/19 17:00</td></tr>"
鋸南,0383,1978,143.0,6/23 22:00,143,False,True,data_0_0,mtx,"<tr class=""mtx"" style=""text-align:right;""><td style=""white-space:nowrap""><div class=""a_print""><a href=""monthly_a1.php?prec_no=45&amp;block_no=0383&amp;year=1978&amp;month=&amp;day=&amp;view=a5"">1978</a></div></td><td class=""data_0_0"">34 ]</td><td class=""data_0_0""> 6/23 02:00</td><td class=""data_0_0"">44 ]</td><td class=""data_0_0""> 6/23 11:00</td><td class=""data_0_0"">78</td><td class=""data_0_0""> 6/23 12:00</td><td class=""data_0_0"">124</td><td class=""data_0_0""> 6/23 13:00</td><td class=""data_0_0"">143</td><td class=""data_0_0""> 6/23 22:00</td><td class=""data_0_0"">152</td><td class=""data_0_0""> 6/24 22:00</td><td class=""data_0_0"">169</td><td class=""data_0_0""> 6/25 22:00</td></tr>"
鋸南,0383,1979,94.0,10/19 15:00,94,False,True,data_0_0,mtx,"<tr class=""mtx"" style=""text-align:right;""><td style=""white-space:nowrap""><div class=""a_print""><a href=""monthly_a1.php?prec_no=45&amp;block_no=0383&amp;year=1979&amp;month=&amp;day=&amp;view=a5"">1979</a></div></td><td class=""data_0_0"">34</td><td class=""data_0_0""> 8/22 01:00</td><td class=""data_0_0"">70</td><td class=""data_0_0""> 8/22 03:00</td><td class=""data_0_0"">72</td><td class=""data_0_0""> 8/22 05:00</td><td class=""data_0_0"">79</td><td class=""data_0_0"">11/29 05:00</td><td class=""data_0_0"">94</td><td class=""data_0_0"">10/19 15:00</td><td class=""data_0_0"">119</td><td class=""data_0_0""> 8/22 04:00</td><td class=""data_0_0"">134</td><td class=""data_0_0""> 8/22 19:00</td></tr>"
鋸南,0383,1980,122.0,8/03 11:00,122 ],False,False,data_0_0,mtx,"<tr class=""mtx"" style=""text-align:right;""><td style=""white-space:nowrap""><div class=""a_print""><a href=""monthly_a1.php?prec_no=45&amp;block_no=0383&amp;year=1980&amp;month=&amp;day=&amp;view=a5"">1980</a></div></td><td class=""data_0_0"">37</td><td class=""data_0_0""> 8/19 04:00</td><td class=""data_0_0"">60</td><td class=""data_0_0"">10/14 20:00</td><td class=""data_0_0"">82</td><td class=""data_0_0""> 8/03 07:00</td><td class=""data_0_0"">98</td><td class=""data_0_0""> 8/03 09:00</td><td class=""data_0_0"">122 ]</td><td class=""data_0_0""> 8/03 11:00</td><td class=""data_0_0"">130 ]</td><td class=""data_0_0""> 8/04 10:00</td><td class=""data_0_0"">130 ]</td><td class=""data_0_0""> 8/05 10:00</td></tr>"
鋸南,0383,1981,186.0,10/23 05:00,186,False,True,data_0_0,mtx,"<tr class=""mtx"" style=""text-align:right;""><td style=""white-space:nowrap""><div class=""a_print""><a href=""monthly_a1.php?prec_no=45&amp;block_no=0383&amp;year=1981&amp;month=&amp;day=&amp;view=a5"">1981</a></div></td><td class=""data_0_0"">60</td><td class=""data_0_0""> 7/22 19:00</td><td class=""data_0_0"">64</td><td class=""data_0_0""> 7/22 21:00</td><td class=""data_0_0"">103</td><td class=""data_0_0"">10/22 24:00</td><td class=""data_0_0"">160</td><td class=""data_0_0"">10/22 24:00</td><td class=""data_0_0"">186</td><td class=""data_0_0"">10/23 05:00</td><td class=""data_0_0"">186</td><td class=""data_0_0"">10/24 05:00</td><td class=""data_0_0"">186</td><td class=""data_0_0"">10/25 05:00</td></tr>"
鋸南,0383,1982,177.0,9/12 16:00,177 ],False,False,data_0_0,mtx,"<tr class=""mtx"" style=""text-align:right;""><td style=""white-space:nowrap""><div class=""a_print""><a href=""monthly_a1.php?prec_no=45&amp;block_no=0383&amp;year=1982&amp;month=&amp;day=&amp;view=a5"">1982</a></div></td><td class=""data_0_0"">42 ]</td><td class=""data_0_0""> 7/19 22:00</td><td class=""data_0_0"">78 ]</td><td class=""data_0_0""> 9/25 12:00</td><td class=""data_0_0"">96 ]</td><td class=""data_0_0""> 9/25 12:00</td><td class=""data_0_0"">104 ]</td><td class=""data_0_0""> 9/25 17:00</td><td class=""data_0_0"">177 ]</td><td class=""data_0_0""> 9/12 16:00</td><td class=""data_0_0"">224 ]</td><td class=""data_0_0""> 9/12 19:00</td><td class=""data_0_0"">227 ]</td><td class=""data_0_0""> 9/13 12:00</td></tr>"
鋸南,0383,1983,134.0,8/18 03:00,134,False,True,data_0_0,mtx,"<tr class=""mtx"" style=""text-align:right;""><td style=""white-space:nowrap""><div class=""a_print""><a href=""monthly_a1.php?prec_no=45&amp;block_no=0383&amp;year=1983&amp;month=&amp;day=&amp;view=a5"">1983</a></div></td><td class=""data_0_0"">34</td><td class=""data_0_0"">10/11 10:00</td><td class=""data_0_0"">61</td><td class=""data_0_0"">10/11 11:00</td><td class=""data_0_0"">71</td><td class=""data_0_0"">10/11 13:00</td><td class=""data_0_0"">86</td><td class=""data_0_0"">10/11 14:00</td><td class=""data_0_0"">134</td><td class=""data_0_0""> 8/18 03:00</td><td class=""data_0_0"">176</td><td class=""data_0_0""> 8/18 09:00</td><td class=""data_0_0"">215</td><td class=""data_0_0""> 8/18 04:00</td></tr>"
鋸南,0383,1984,73.0,6/23 20:00,73,False,True,data_0_0,mtx,"<tr class=""mtx"" style=""text-align:right;""><td style=""white-space:nowrap""><div class=""a_print""><a href=""monthly_a1.php?prec_no=45&amp;block_no=0383&amp;year=1984&amp;month=&amp;day=&amp;view=a5"">1984</a></div></td><td class=""data_0_0"">21</td><td class=""data_0_0""> 6/27 02:00</td><td class=""data_0_0"">36</td><td class=""data_0_0""> 6/27 03:00</td><td class=""data_0_0"">54</td><td class=""data_0_0""> 6/23 11:00</td><td class=""data_0_0"">69</td><td class=""data_0_0""> 6/23 12:00</td><td class=""data_0_0"">73</td><td class=""data_0_0""> 6/23 20:00</td><td class=""data_0_0"">75</td><td class=""data_0_0""> 6/24 11:00</td><td class=""data_0_0"">105</td><td class=""data_0_0""> 6/29 17:00</td></tr>"
鋸南,0383,1985,128.0,7/01 06:00,128 ],False,False,data_0_0,mtx,"<tr class=""mtx"" style=""text-align:right;""><td style=""white-space:nowrap""><div class=""a_print""><a href=""monthly_a1.php?prec_no=45&amp;block_no=0383&amp;year=1985&amp;month=&amp;day=&amp;view=a5"">1985</a></div></td><td class=""data_0_0"">32</td><td class=""data_0_0""> 6/29 24:00</td><td class=""data_0_0"">47</td><td class=""data_0_0""> 6/30 10:00</td><td class=""data_0_0"">72 ]</td><td class=""data_0_0""> 6/26 02:00</td><td class=""data_0_0"">105 ]</td><td class=""data_0_0""> 2/09 18:00</td><td class=""data_0_0"">128 ]</td><td class=""data_0_0""> 7/01 06:00</td><td class=""data_0_0"">173 ]</td><td class=""data_0_0""> 7/01 22:00</td><td class=""data_0_0"">190</td><td class=""data_0_0""> 7/01 05:00</td></tr>"
鋸南,0383,1986,271.0,8/05 03:00,271 ],False,False,data_0_0,mtx,"<tr class=""mtx"" style=""text-align:right;""><td style=""white-space:nowrap""><div class=""a_print""><a href=""monthly_a1.php?prec_no=45&amp;block_no=0383&amp;year=1986&amp;month=&amp;day=&amp;view=a5"">1986</a></div></td><td class=""data_0_0"">41 ]</td><td class=""data_0_0""> 8/04 19:00</td><td class=""data_0_0"">96 ]</td><td class=""data_0_0""> 8/04 19:00</td><td class=""data_0_0"">136 ]</td><td class=""data_0_0""> 8/04 23:00</td><td class=""data_0_0"">218 ]</td><td class=""data_0_0""> 8/05 02:00</td><td class=""data_0_0"">271 ]</td><td class=""data_0_0""> 8/05 03:00</td><td class=""data_0_0"">271 ]</td><td class=""data_0_0""> 8/06 03:00</td><td class=""data_0_0"">271 ]</td><td class=""data_0_0""> 8/07 03:00</td></tr>"
鋸南,0383,1987,77.0,9/17 13:00,77,False,True,data_0_0,mtx,"<tr class=""mtx"" style=""text-align:right;""><td style=""white-space:nowrap""><div class=""a_print""><a href=""monthly_a1.php?prec_no=45&amp;block_no=0383&amp;year=1987&amp;month=&amp;day=&amp;view=a5"">1987</a></div></td><td class=""data_0_0"">22</td><td class=""data_0_0""> 9/26 06:00</td><td class=""data_0_0"">42</td><td class=""data_0_0""> 9/26 08:00</td><td class=""data_0_0"">64</td><td class=""data_0_0""> 9/26 11:00</td><td class=""data_0_0"">68</td><td class=""data_0_0""> 9/26 17:00</td><td class=""data_0_0"">77</td><td class=""data_0_0""> 9/17 13:00</td><td class=""data_0_0"">121</td><td class=""data_0_0""> 9/27 05:00</td><td class=""data_0_0"">121 ]</td><td class=""data_0_0""> 9/28 05:00</td></tr>"
鋸南,0383,1988,160.0,8/11 24:00,160,False,True,data_0_0,mtx,"<tr class=""mtx"" style=""text-align:right;""><td style=""white-space:nowrap""><div class=""a_print""><a href=""monthly_a1.php?prec_no=45&amp;block_no=0383&amp;year=1988&amp;month=&amp;day=&amp;view=a5"">1988</a></div></td><td class=""data_0_0"">35</td><td class=""data_0_0""> 8/11 18:00</td><td class=""data_0_0"">53</td><td class=""data_0_0""> 8/11 20:00</td><td class=""data_0_0"">84</td><td class=""data_0_0""> 9/25 24:00</td><td class=""data_0_0"">119</td><td class=""data_0_0""> 9/25 24:00</td><td class=""data_0_0"">160</td><td class=""data_0_0""> 8/11 24:00</td><td class=""data_0_0"">183</td><td class=""data_0_0""> 8/12 16:00</td><td class=""data_0_0"">247</td><td class=""data_0_0""> 9/28 11:00</td></tr>"
鋸南,0383,1989,431.0,8/01 22:00,431,False,True,data_0_0,mtx,"<tr class=""mtx"" style=""text-align:right;""><td style=""white-space:nowrap""><div class=""a_print""><a href=""monthly_a1.php?prec_no=45&amp;block_no=0383&amp;year=1989&amp;month=&amp;day=&amp;view=a5"">1989</a></div></td><td class=""data_0_0"">71</td><td class=""data_0_0""> 8/01 06:00</td><td class=""data_0_0"">133</td><td class=""data_0_0""> 8/01 07:00</td><td class=""data_0_0"">254</td><td class=""data_0_0""> 8/01 10:00</td><td class=""data_0_0"">336</td><td class=""data_0_0""> 8/01 16:00</td><td class=""data_0_0"">431</td><td class=""data_0_0""> 8/01 22:00</td><td class=""data_0_0"">445</td><td class=""data_0_0""> 8/02 18:00</td><td class=""data_0_0"">447</td><td class=""data_0_0""> 8/01 22:00</td></tr>"
鋸南,0383,1990,212.0,10/01 02:00,212,False,True,data_0_0,mtx,"<tr class=""mtx"" style=""text-align:right;""><td style=""white-space:nowrap""><div class=""a_print""><a href=""monthly_a1.php?prec_no=45&amp;block_no=0383&amp;year=1990&amp;month=&amp;day=&amp;view=a5"">1990</a></div></td><td class=""data_0_0"">51</td><td class=""data_0_0""> 9/30 19:00</td><td class=""data_0_0"">122</td><td class=""data_0_0""> 9/30 19:00</td><td class=""data_0_0"">155</td><td class=""data_0_0""> 9/30 19:00</td><td class=""data_0_0"">198</td><td class=""data_0_0""> 9/30 19:00</td><td class=""data_0_0"">212</td><td class=""data_0_0"">10/01 02:00</td><td class=""data_0_0"">212</td><td class=""data_0_0"">10/02 02:00</td><td class=""data_0_0"">212</td><td class=""data_0_0"">10/03 02:00</td></tr>"
鋸南,0383,1991,138.0,9/19 16:00,138,False,True,data_0_0,mtx,"<tr class=""mtx"" style=""text-align:right;""><td style=""white-space:nowrap""><div class=""a_print""><a href=""monthly_a1.php?prec_no=45&amp;block_no=0383&amp;year=1991&amp;month=&amp;day=&amp;view=a5"">1991</a></div></td><td class=""data_0_0"">23</td><td class=""data_0_0""> 9/08 04:00</td><td class=""data_0_0"">40</td><td class=""data_0_0"">10/07 24:00</td><td class=""data_0_0"">61</td><td class=""data_0_0"">10/08 03:00</td><td class=""data_0_0"">94</td><td class=""data_0_0"">10/08 01:00</td><td class=""data_0_0"">138</td><td class=""data_0_0""> 9/19 16:00</td><td class=""data_0_0"">159</td><td class=""data_0_0"">10/13 11:00</td><td class=""data_0_0"">175</td><td class=""data_0_0"">10/09 22:00</td></tr>"
鋸南,0383,1992,113.0,6/24 12:00,113 ],False,False,data_0_0,mtx,"<tr class=""mtx"" style=""text-align:right;""><td style=""white-space:nowrap""><div class=""a_print""><a href=""monthly_a1.php?prec_no=45&amp;block_no=0383&amp;year=1992&amp;month=&amp;day=&amp;view=a5"">1992</a></div></td><td class=""data_0_0"">35 ]</td><td class=""data_0_0""> 4/30 13:00</td><td class=""data_0_0"">59 ]</td><td class=""data_0_0""> 4/30 13:00</td><td class=""data_0_0"">73 ]</td><td class=""data_0_0"">10/09 04:00</td><td class=""data_0_0"">103 ]</td><td class=""data_0_0"">10/09 07:00</td><td class=""data_0_0"">113 ]</td><td class=""data_0_0""> 6/24 12:00</td><td class=""data_0_0"">114 ]</td><td class=""data_0_0""> 6/25 12:00</td><td class=""data_0_0"">114 ]</td><td class=""data_0_0""> 6/26 12:00</td></tr>"
鋸南,0383,1993,212.0,8/27 18:00,212,False,True,data_0_0,mtx,"<tr class=""mtx"" style=""text-align:right;""><td style=""white-space:nowrap""><div class=""a_print""><a href=""monthly_a1.php?prec_no=45&amp;block_no=0383&amp;year=1993&amp;month=&amp;day=&amp;view=a5"">1993</a></div></td><td class=""data_0_0"">41</td><td class=""data_0_0""> 7/05 11:00</td><td class=""data_0_0"">86</td><td class=""data_0_0""> 7/25 09:00</td><td class=""data_0_0"">120</td><td class=""data_0_0""> 8/27 12:00</td><td class=""data_0_0"">180</td><td class=""data_0_0""> 8/27 17:00</td><td class=""data_0_0"">212</td><td class=""data_0_0""> 8/27 18:00</td><td class=""data_0_0"">225</td><td class=""data_0_0""> 8/28 14:00</td><td class=""data_0_0"">226</td><td class=""data_0_0""> 8/28 05:00</td></tr>"
鋸南,0383,1994,110.0,3/23 24:00,110,False,True,data_0_0,mtx,"<tr class=""mtx"" style=""text-align:right;""><td style=""white-space:nowrap""><div class=""a_print""><a href=""monthly_a1.php?prec_no=45&amp;block_no=0383&amp;year=1994&amp;month=&amp;day=&amp;view=a5"">1994</a></div></td><td class=""data_0_0"">42</td><td class=""data_0_0""> 7/19 11:00</td><td class=""data_0_0"">57</td><td class=""data_0_0""> 7/19 12:00</td><td class=""data_0_0"">57</td><td class=""data_0_0""> 7/19 15:00</td><td class=""data_0_0"">78</td><td class=""data_0_0""> 2/21 14:00</td><td class=""data_0_0"">110</td><td class=""data_0_0""> 3/23 24:00</td><td class=""data_0_0"">119</td><td class=""data_0_0""> 3/24 21:00</td><td class=""data_0_0"">120</td><td class=""data_0_0""> 9/16 09:00</td></tr>"
鋸南,0383,1995,155.0,9/17 13:00,155,False,True,data_0_0,mtx,"<tr class=""mtx"" style=""text-align:right;""><td style=""white-space:nowrap""><div class=""a_print""><a href=""monthly_a1.php?prec_no=45&amp;block_no=0383&amp;year=1995&amp;month=&amp;day=&amp;view=a5"">1995</a></div></td><td class=""data_0_0"">33</td><td class=""data_0_0""> 6/04 03:00</td><td class=""data_0_0"">64</td><td class=""data_0_0""> 6/04 03:00</td><td class=""data_0_0"">72</td><td class=""data_0_0""> 5/12 23:00</td><td class=""data_0_0"">105</td><td class=""data_0_0""> 9/17 13:00</td><td class=""data_0_0"">155</td><td class=""data_0_0""> 9/17 13:00</td><td class=""data_0_0"">173</td><td class=""data_0_0""> 9/18 05:00</td><td class=""data_0_0"">191</td><td class=""data_0_0""> 9/17 21:00</td></tr>"
鋸南,0383,1996,363.0,9/22 21:00,363,False,True,data_0_0,mtx,"<tr class=""mtx"" style=""text-align:right;""><td style=""white-space:nowrap""><div class=""a_print""><a href=""monthly_a1.php?prec_no=45&amp;block_no=0383&amp;year=1996&amp;month=&amp;day=&amp;view=a5"">1996</a></div></td><td class=""data_0_0"">56</td><td class=""data_0_0""> 9/22 13:00</td><td class=""data_0_0"">154</td><td class=""data_0_0""> 9/22 14:00</td><td class=""data_0_0"">263</td><td class=""data_0_0""> 9/22 14:00</td><td class=""data_0_0"">345</td><td class=""data_0_0""> 9/22 15:00</td><td class=""data_0_0"">363</td><td class=""data_0_0""> 9/22 21:00</td><td class=""data_0_0"">363</td><td class=""data_0_0""> 9/23 21:00</td><td class=""data_0_0"">363</td><td class=""data_0_0""> 9/24 21:00</td></tr>"
鋸南,0383,1997,125.0,5/25 09:00,125,False,True,data_0_0,mtx,"<tr class=""mtx"" style=""text-align:right;""><td style=""white-space:nowrap""><div class=""a_print""><a href=""monthly_a1.php?prec_no=45&amp;block_no=0383&amp;year=1997&amp;month=&amp;day=&amp;view=a5"">1997</a></div></td><td class=""data_0_0"">27</td><td class=""data_0_0""> 7/12 14:00</td><td class=""data_0_0"">52</td><td class=""data_0_0""> 5/25 02:00</td><td class=""data_0_0"">85</td><td class=""data_0_0""> 5/25 02:00</td><td class=""data_0_0"">120</td><td class=""data_0_0""> 5/25 03:00</td><td class=""data_0_0"">125</td><td class=""data_0_0""> 5/25 09:00</td><td class=""data_0_0"">125</td><td class=""data_0_0""> 5/26 09:00</td><td class=""data_0_0"">125</td><td class=""data_0_0""> 5/27 09:00</td></tr>"
鋸南,0383,1998,108.0,9/16 20:00,108,False,True,data_0_0,mtx,"<tr class=""mtx"" style=""text-align:right;""><td style=""white-space:nowrap""><div class=""a_print""><a href=""monthly_a1.php?prec_no=45&amp;block_no=0383&amp;year=1998&amp;month=&amp;day=&amp;view=a5"">1998</a></div></td><td class=""data_0_0"">26</td><td class=""data_0_0""> 6/14 17:00</td><td class=""data_0_0"">53</td><td class=""data_0_0""> 9/16 03:00</td><td class=""data_0_0"">84</td><td class=""data_0_0""> 9/16 05:00</td><td class=""data_0_0"">108</td><td class=""data_0_0""> 9/16 08:00</td><td class=""data_0_0"">108</td><td class=""data_0_0""> 9/16 20:00</td><td class=""data_0_0"">112</td><td class=""data_0_0""> 9/16 19:00</td><td class=""data_0_0"">119</td><td class=""data_0_0""> 9/18 20:00</td></tr>"
鋸南,0383,1999,273.0,7/14 01:00,273,False,True,data_0_0,mtx,"<tr class=""mtx"" style=""text-align:right;""><td style=""white-space:nowrap""><div class=""a_print""><a href=""monthly_a1.php?prec_no=45&amp;block_no=0383&amp;year=1999&amp;month=&amp;day=&amp;view=a5"">1999</a></div></td><td class=""data_0_0"">43</td><td class=""data_0_0""> 7/13 15:00</td><td class=""data_0_0"">101</td><td class=""data_0_0""> 7/13 16:00</td><td class=""data_0_0"">140</td><td class=""data_0_0""> 7/13 15:00</td><td class=""data_0_0"">216</td><td class=""data_0_0""> 7/13 21:00</td><td class=""data_0_0"">273</td><td class=""data_0_0""> 7/14 01:00</td><td class=""data_0_0"">282</td><td class=""data_0_0""> 7/14 23:00</td><td class=""data_0_0"">288</td><td class=""data_0_0""> 7/15 22:00</td></tr>"
鋸南,0383,2000,153.0,7/08 13:00,153,False,True,data_0_0,mtx,"<tr class=""mtx"" style=""text-align:right;""><td style=""white-space:nowrap""><div class=""a_print""><a href=""monthly_a1.php?prec_no=45&amp;block_no=0383&amp;year=2000&amp;month=&amp;day=&amp;view=a5"">2000</a></div></td><td class=""data_0_0"">29</td><td class=""data_0_0""> 9/23 19:00</td><td class=""data_0_0"">50</td><td class=""data_0_0""> 7/08 05:00</td><td class=""data_0_0"">87</td><td class=""data_0_0""> 7/08 06:00</td><td class=""data_0_0"">130</td><td class=""data_0_0""> 7/08 06:00</td><td class=""data_0_0"">153</td><td class=""data_0_0""> 7/08 13:00</td><td class=""data_0_0"">155</td><td class=""data_0_0""> 7/09 05:00</td><td class=""data_0_0"">155</td><td class=""data_0_0""> 7/10 05:00</td></tr>"
鋸南,0383,2001,100.0,10/11 06:00,100,False,True,data_0_0,mtx,"<tr class=""mtx"" style=""text-align:right;""><td style=""white-space:nowrap""><div class=""a_print""><a href=""monthly_a1.php?prec_no=45&amp;block_no=0383&amp;year=2001&amp;month=&amp;day=&amp;view=a5"">2001</a></div></td><td class=""data_0_0"">28</td><td class=""data_0_0"">10/10 17:00</td><td class=""data_0_0"">59</td><td class=""data_0_0"">10/10 18:00</td><td class=""data_0_0"">88</td><td class=""data_0_0"">10/10 19:00</td><td class=""data_0_0"">99</td><td class=""data_0_0"">10/10 23:00</td><td class=""data_0_0"">100</td><td class=""data_0_0"">10/11 06:00</td><td class=""data_0_0"">146</td><td class=""data_0_0""> 9/11 21:00</td><td class=""data_0_0"">153</td><td class=""data_0_0""> 9/12 05:00</td></tr>"
鋸南,0383,2002,143.0,9/07 01:00,143,False,True,data_0_0,mtx,"<tr class=""mtx"" style=""text-align:right;""><td style=""white-space:nowrap""><div class=""a_print""><a href=""monthly_a1.php?prec_no=45&amp;block_no=0383&amp;year=2002&amp;month=&amp;day=&amp;view=a5"">2002</a></div></td><td class=""data_0_0"">45</td><td class=""data_0_0""> 9/06 22:00</td><td class=""data_0_0"">63</td><td class=""data_0_0""> 9/06 23:00</td><td class=""data_0_0"">75</td><td class=""data_0_0""> 6/30 04:00</td><td class=""data_0_0"">91</td><td class=""data_0_0""> 9/07 01:00</td><td class=""data_0_0"">143</td><td class=""data_0_0""> 9/07 01:00</td><td class=""data_0_0"">198</td><td class=""data_0_0""> 9/08 01:00</td><td class=""data_0_0"">202</td><td class=""data_0_0""> 9/08 23:00</td></tr>"
鋸南,0383,2003,204.0,8/15 21:20,204,False,True,data_1t_0,mtx,"<tr class=""mtx"" style=""text-align:right;""><td style=""white-space:nowrap""><div class=""a_print""><a href=""monthly_a1.php?prec_no=45&amp;block_no=0383&amp;year=2003&amp;month=&amp;day=&amp;view=a5"">2003</a></div></td><td class=""data_1t_0"">37</td><td class=""data_1t_0"">11/25 15:10</td><td class=""data_1t_0"">64</td><td class=""data_1t_0"">11/25 15:30</td><td class=""data_1t_0"">96</td><td class=""data_1t_0"">11/25 16:10</td><td class=""data_1t_0"">140</td><td class=""data_1t_0""> 8/15 14:50</td><td class=""data_1t_0"">204</td><td class=""data_1t_0""> 8/15 21:20</td><td class=""data_1t_0"">271</td><td class=""data_1t_0""> 8/16 12:20</td><td class=""data_1t_0"">284</td><td class=""data_1t_0""> 8/16 20:40</td></tr>"
鋸南,0383,2004,203.0,10/09 16:20,203,False,True,data_0_0,mtx,"<tr class=""mtx"" style=""text-align:right;""><td style=""white-space:nowrap""><div class=""a_print""><a href=""monthly_a1.php?prec_no=45&amp;block_no=0383&amp;year=2004&amp;month=&amp;day=&amp;view=a5"">2004</a></div></td><td class=""data_0_0"">52</td><td class=""data_0_0"">11/12 04:10</td><td class=""data_0_0"">84</td><td class=""data_0_0"">10/09 01:20</td><td class=""data_0_0"">124</td><td class=""data_0_0"">10/09 03:40</td><td class=""data_0_0"">157</td><td class=""data_0_0"">10/09 04:30</td><td class=""data_0_0"">203</td><td class=""data_0_0"">10/09 16:20</td><td class=""data_0_0"">212</td><td class=""data_0_0"">10/10 11:30</td><td class=""data_0_0"">219</td><td class=""data_0_0"">10/11 11:30</td></tr>"
鋸南,0383,2005,219.0,8/26 08:40,219,False,True,data_0_0,mtx,"<tr class=""mtx"" style=""text-align:right;""><td style=""white-space:nowrap""><div class=""a_print""><a href=""monthly_a1.php?prec_no=45&amp;block_no=0383&amp;year=2005&amp;month=&amp;day=&amp;view=a5"">2005</a></div></td><td class=""data_0_0"">35</td><td class=""data_0_0""> 7/10 01:30</td><td class=""data_0_0"">82</td><td class=""data_0_0""> 8/26 01:50</td><td class=""data_0_0"">133</td><td class=""data_0_0""> 8/26 03:10</td><td class=""data_0_0"">191</td><td class=""data_0_0""> 8/26 05:30</td><td class=""data_0_0"">219</td><td class=""data_0_0""> 8/26 08:40</td><td class=""data_0_0"">225</td><td class=""data_0_0""> 8/27 03:10</td><td class=""data_0_0"">226</td><td class=""data_0_0""> 8/27 03:20</td></tr>"
鋸南,0383,2006,243.0,12/27 06:20,243 ],False,False,data_0_0,mtx,"<tr class=""mtx"" style=""text-align:right;""><td style=""white-space:nowrap""><div class=""a_print""><a href=""monthly_a1.php?prec_no=45&amp;block_no=0383&amp;year=2006&amp;month=&amp;day=&amp;view=a5"">2006</a></div></td><td class=""data_0_0"">48 ]</td><td class=""data_0_0"">12/26 24:00</td><td class=""data_0_0"">84 ]</td><td class=""data_0_0"">12/27 00:10</td><td class=""data_0_0"">158 ]</td><td class=""data_0_0"">12/27 00:10</td><td class=""data_0_0"">210 ]</td><td class=""data_0_0"">12/27 01:20</td><td class=""data_0_0"">243 ]</td><td class=""data_0_0"">12/27 06:20</td><td class=""data_0_0"">245 ]</td><td class=""data_0_0"">12/27 19:10</td><td class=""data_0_0"">245 ]</td><td class=""data_0_0"">12/28 19:10</td></tr>"
鋸南,0383,2007,158.0,7/15 09:40,158,False,True,data_0_0,mtx,"<tr class=""mtx"" style=""text-align:right;""><td style=""white-space:nowrap""><div class=""a_print""><a href=""monthly_a1.php?prec_no=45&amp;block_no=0383&amp;year=2007&amp;month=&amp;day=&amp;view=a5"">2007</a></div></td><td class=""data_0_0"">35</td><td class=""data_0_0""> 9/12 05:50</td><td class=""data_0_0"">58</td><td class=""data_0_0""> 7/11 07:50</td><td class=""data_0_0"">71</td><td class=""data_0_0""> 9/06 24:00</td><td class=""data_0_0"">117</td><td class=""data_0_0""> 9/07 04:20</td><td class=""data_0_0"">158</td><td class=""data_0_0""> 7/15 09:40</td><td class=""data_0_0"">176</td><td class=""data_0_0""> 7/15 21:20</td><td class=""data_0_0"">185</td><td class=""data_0_0""> 7/17 09:10</td></tr>"
鋸南,0383,2008,150.5,6/22 04:10,150.5,False,True,data_0_0,mtx,"<tr class=""mtx"" style=""text-align:right;""><td style=""white-space:nowrap""><div class=""a_print""><a href=""monthly_a1.php?prec_no=45&amp;block_no=0383&amp;year=2008&amp;month=&amp;day=&amp;view=a5"">2008</a></div></td><td class=""data_0_0"">28.5</td><td class=""data_0_0""> 7/04 09:10</td><td class=""data_0_0"">47.5</td><td class=""data_0_0""> 6/21 10:20</td><td class=""data_0_0"">80.5</td><td class=""data_0_0""> 6/21 10:20</td><td class=""data_0_0"">98.5</td><td class=""data_0_0""> 4/08 10:20</td><td class=""data_0_0"">150.5</td><td class=""data_0_0""> 6/22 04:10</td><td class=""data_0_0"">221.5</td><td class=""data_0_0""> 6/23 02:00</td><td class=""data_0_0"">231.5</td><td class=""data_0_0""> 6/23 08:30</td></tr>"
鋸南,0383,2009,164.5,8/11 05:30,164.5,False,True,data_0_0,mtx,"<tr class=""mtx"" style=""text-align:right;""><td style=""white-space:nowrap""><div class=""a_print""><a href=""monthly_a1.php?prec_no=45&amp;block_no=0383&amp;year=2009&amp;month=&amp;day=&amp;view=a5"">2009</a></div></td><td class=""data_0_0"">46.0</td><td class=""data_0_0""> 8/10 15:20</td><td class=""data_0_0"">82.0</td><td class=""data_0_0""> 8/10 16:00</td><td class=""data_0_0"">103.0</td><td class=""data_0_0""> 8/10 17:20</td><td class=""data_0_0"">141.5</td><td class=""data_0_0""> 8/10 17:20</td><td class=""data_0_0"">164.5</td><td class=""data_0_0""> 8/11 05:30</td><td class=""data_0_0"">186.0</td><td class=""data_0_0""> 8/12 04:00</td><td class=""data_0_0"">186.0</td><td class=""data_0_0""> 8/13 04:00</td></tr>"
鋸南,0383,2010,104.0,10/10 12:40,104.0,False,True,data_0_0,mtx,"<tr class=""mtx"" style=""text-align:right;""><td style=""white-space:nowrap""><div class=""a_print""><a href=""monthly_a1.php?prec_no=45&amp;block_no=0383&amp;year=2010&amp;month=&amp;day=&amp;view=a5"">2010</a></div></td><td class=""data_0_0"">45.0</td><td class=""data_0_0"">11/01 04:50</td><td class=""data_0_0"">62.0</td><td class=""data_0_0"">11/01 05:10</td><td class=""data_0_0"">68.0</td><td class=""data_0_0""> 2/27 08:10</td><td class=""data_0_0"">82.5</td><td class=""data_0_0""> 2/27 07:40</td><td class=""data_0_0"">104.0</td><td class=""data_0_0"">10/10 12:40</td><td class=""data_0_0"">127.0</td><td class=""data_0_0""> 9/28 20:50</td><td class=""data_0_0"">129.5</td><td class=""data_0_0"">11/01 10:40</td></tr>"
鋸南,0383,2011,95.5,9/21 17:30,95.5,False,True,data_0_0,mtx,"<tr class=""mtx"" style=""text-align:right;""><td style=""white-space:nowrap""><div class=""a_print""><a href=""monthly_a1.php?prec_no=45&amp;block_no=0383&amp;year=2011&amp;month=&amp;day=&amp;view=a5"">2011</a></div></td><td class=""data_0_0"">30.0</td><td class=""data_0_0""> 8/19 15:50</td><td class=""data_0_0"">50.5</td><td class=""data_0_0"">10/22 05:00</td><td class=""data_0_0"">85.0</td><td class=""data_0_0"">10/22 05:30</td><td class=""data_0_0"">94.0</td><td class=""data_0_0"">10/22 09:40</td><td class=""data_0_0"">95.5</td><td class=""data_0_0""> 9/21 17:30</td><td class=""data_0_0"">136.5</td><td class=""data_0_0""> 9/21 22:50</td><td class=""data_0_0"">136.5</td><td class=""data_0_0""> 9/22 22:50</td></tr>"
鋸南,0383,2012,110.5,5/03 13:40,110.5,False,True,data_0_0,mtx,"<tr class=""mtx"" style=""text-align:right;""><td style=""white-space:nowrap""><div class=""a_print""><a href=""monthly_a1.php?prec_no=45&amp;block_no=0383&amp;year=2012&amp;month=&amp;day=&amp;view=a5"">2012</a></div></td><td class=""data_0_0"">38.5</td><td class=""data_0_0""> 8/12 09:50</td><td class=""data_0_0"">43.5</td><td class=""data_0_0""> 7/03 22:20</td><td class=""data_0_0"">68.5</td><td class=""data_0_0""> 7/03 22:10</td><td class=""data_0_0"">80.5</td><td class=""data_0_0""> 7/04 03:50</td><td class=""data_0_0"">110.5</td><td class=""data_0_0""> 5/03 13:40</td><td class=""data_0_0"">117.0</td><td class=""data_0_0""> 5/04 02:30</td><td class=""data_0_0"">117.5</td><td class=""data_0_0""> 5/04 05:50</td></tr>"
鋸南,0383,2013,370.5,10/16 10:20,370.5,False,True,data_0_0,mtx,"<tr class=""mtx"" style=""text-align:right;""><td style=""white-space:nowrap""><div class=""a_print""><a href=""monthly_a1.php?prec_no=45&amp;block_no=0383&amp;year=2013&amp;month=&amp;day=&amp;view=a5"">2013</a></div></td><td class=""data_0_0"">46.0</td><td class=""data_0_0"">10/16 05:50</td><td class=""data_0_0"">115.0</td><td class=""data_0_0"">10/16 06:10</td><td class=""data_0_0"">207.5</td><td class=""data_0_0"">10/16 05:50</td><td class=""data_0_0"">312.0</td><td class=""data_0_0"">10/16 06:40</td><td class=""data_0_0"">370.5</td><td class=""data_0_0"">10/16 10:20</td><td class=""data_0_0"">370.5</td><td class=""data_0_0"">10/17 10:20</td><td class=""data_0_0"">370.5</td><td class=""data_0_0"">10/18 10:20</td></tr>"
鋸南,0383,2014,161.5,6/07 09:10,161.5 ],False,False,data_0_0,mtx,"<tr class=""mtx"" style=""text-align:right;""><td style=""white-space:nowrap""><div class=""a_print""><a href=""monthly_a1.php?prec_no=45&amp;block_no=0383&amp;year=2014&amp;month=&amp;day=&amp;view=a5"">2014</a></div></td><td class=""data_0_0"">24.0</td><td class=""data_0_0"">10/26 22:40</td><td class=""data_0_0"">52.0</td><td class=""data_0_0"">10/06 09:00</td><td class=""data_0_0"">91.0</td><td class=""data_0_0""> 6/07 00:10</td><td class=""data_0_0"">139.5</td><td class=""data_0_0""> 6/07 03:20</td><td class=""data_0_0"">161.5 ]</td><td class=""data_0_0""> 6/07 09:10</td><td class=""data_0_0"">178.5 ]</td><td class=""data_0_0""> 6/07 17:50</td><td class=""data_0_0"">182.5 ]</td><td class=""data_0_0""> 6/08 09:10</td></tr>"
鋸南,0383,2015,99.0,9/10 10:20,99.0,False,True,data_0_0,mtx,"<tr class=""mtx"" style=""text-align:right;""><td style=""white-space:nowrap""><div class=""a_print""><a href=""monthly_a1.php?prec_no=45&amp;block_no=0383&amp;year=2015&amp;month=&amp;day=&amp;view=a5"">2015</a></div></td><td class=""data_0_0"">40.5 ]</td><td class=""data_0_0""> 9/07 02:20</td><td class=""data_0_0"">64.0 ]</td><td class=""data_0_0""> 9/07 03:00</td><td class=""data_0_0"">73.0</td><td class=""data_0_0""> 9/07 05:50</td><td class=""data_0_0"">80.0</td><td class=""data_0_0""> 9/10 14:20</td><td class=""data_0_0"">99.0</td><td class=""data_0_0""> 9/10 10:20</td><td class=""data_0_0"">151.5</td><td class=""data_0_0""> 9/08 20:20</td><td class=""data_0_0"">194.5</td><td class=""data_0_0""> 9/10 15:30</td></tr>"
鋸南,0383,2016,118.0,8/23 02:00,118.0,False,True,data_0_0,mtx,"<tr class=""mtx"" style=""text-align:right;""><td style=""white-space:nowrap""><div class=""a_print""><a href=""monthly_a1.php?prec_no=45&amp;block_no=0383&amp;year=2016&amp;month=&amp;day=&amp;view=a5"">2016</a></div></td><td class=""data_0_0"">28.5</td><td class=""data_0_0""> 8/22 08:30</td><td class=""data_0_0"">70.5</td><td class=""data_0_0""> 8/22 10:00</td><td class=""data_0_0"">90.0</td><td class=""data_0_0""> 8/22 11:20</td><td class=""data_0_0"">117.0</td><td class=""data_0_0""> 8/22 16:30</td><td class=""data_0_0"">118.0</td><td class=""data_0_0""> 8/23 02:00</td><td class=""data_0_0"">128.0</td><td class=""data_0_0""> 8/24 02:00</td><td class=""data_0_0"">128.5</td><td class=""data_0_0""> 8/25 02:00</td></tr>"
鋸南,0383,2017,128.5,10/23 03:10,128.5,False,True,data_0_0,mtx,"<tr class=""mtx"" style=""text-align:right;""><td style=""white-space:nowrap""><div class=""a_print""><a href=""monthly_a1.php?prec_no=45&amp;block_no=0383&amp;year=2017&amp;month=&amp;day=&amp;view=a5"">2017</a></div></td><td class=""data_0_0"">61.5</td><td class=""data_0_0""> 9/28 06:50</td><td class=""data_0_0"">80.5</td><td class=""data_0_0""> 9/28 07:00</td><td class=""data_0_0"">101.0</td><td class=""data_0_0""> 9/28 07:30</td><td class=""data_0_0"">112.0</td><td class=""data_0_0""> 9/28 10:40</td><td class=""data_0_0"">128.5</td><td class=""data_0_0"">10/23 03:10</td><td class=""data_0_0"">150.0</td><td class=""data_0_0"">10/23 08:20</td><td class=""data_0_0"">150.0</td><td class=""data_0_0"">10/24 08:20</td></tr>"
鋸南,0383,2018,125.0,10/01 01:20,125.0,False,True,data_0_0,mtx,"<tr class=""mtx"" style=""text-align:right;""><td style=""white-space:nowrap""><div class=""a_print""><a href=""monthly_a1.php?prec_no=45&amp;block_no=0383&amp;year=2018&amp;month=&amp;day=&amp;view=a5"">2018</a></div></td><td class=""data_0_0"">44.5</td><td class=""data_0_0""> 9/30 06:40</td><td class=""data_0_0"">68.0</td><td class=""data_0_0""> 9/30 07:00</td><td class=""data_0_0"">83.5</td><td class=""data_0_0""> 9/30 07:20</td><td class=""data_0_0"">99.5</td><td class=""data_0_0""> 9/30 14:30</td><td class=""data_0_0"">125.0</td><td class=""data_0_0"">10/01 01:20</td><td class=""data_0_0"">126.0</td><td class=""data_0_0"">10/01 13:00</td><td class=""data_0_0"">126.0</td><td class=""data_0_0"">10/02 13:00</td></tr>"
鋸南,0383,2019,211.0,9/09 17:00,211.0,False,True,data_0_0,mtx,"<tr class=""mtx"" style=""text-align:right;""><td style=""white-space:nowrap""><div class=""a_print""><a href=""monthly_a1.php?prec_no=45&amp;block_no=0383&amp;year=2019&amp;month=&amp;day=&amp;view=a5"">2019</a></div></td><td class=""data_0_0"">69.0</td><td class=""data_0_0""> 9/09 03:50</td><td class=""data_0_0"">131.0</td><td class=""data_0_0""> 9/09 04:00</td><td class=""data_0_0"">187.0</td><td class=""data_0_0""> 9/09 04:50</td><td class=""data_0_0"">209.5</td><td class=""data_0_0""> 9/09 08:10</td><td class=""data_0_0"">211.0</td><td class=""data_0_0""> 9/09 17:00</td><td class=""data_0_0"">212.5</td><td class=""data_0_0""> 9/09 13:50</td><td class=""data_0_0"">212.5</td><td class=""data_0_0""> 9/10 13:50</td></tr>"
鋸南,0383,2020,86.0,7/18 12:20,86.0,False,True,data_0_0,mtx,"<tr class=""mtx"" style=""text-align:right;""><td style=""white-space:nowrap""><div class=""a_print""><a href=""monthly_a1.php?prec_no=45&amp;block_no=0383&amp;year=2020&amp;month=&amp;day=&amp;view=a5"">2020</a></div></td><td class=""data_0_0"">27.0</td><td class=""data_0_0""> 6/28 11:50</td><td class=""data_0_0"">51.0</td><td class=""data_0_0""> 7/04 06:00</td><td class=""data_0_0"">74.5</td><td class=""data_0_0""> 7/04 06:30</td><td class=""data_0_0"">81.0</td><td class=""data_0_0""> 7/04 08:50</td><td class=""data_0_0"">86.0</td><td class=""data_0_0""> 7/18 12:20</td><td class=""data_0_0"">131.5</td><td class=""data_0_0"">10/10 21:10</td><td class=""data_0_0"">164.0</td><td class=""data_0_0"">10/11 00:20</td></tr>"
鋸南,0383,2021,129.0,7/03 12:20,129.0,False,True,data_0_0,mtx,"<tr class=""mtx"" style=""text-align:right;""><td style=""white-space:nowrap""><div class=""a_print""><a href=""monthly_a1.php?prec_no=45&amp;block_no=0383&amp;year=2021&amp;month=&amp;day=&amp;view=a5"">2021</a></div></td><td class=""data_0_0"">42.5</td><td class=""data_0_0""> 7/03 11:00</td><td class=""data_0_0"">57.5</td><td class=""data_0_0""> 7/03 11:40</td><td class=""data_0_0"">82.0</td><td class=""data_0_0""> 7/03 11:20</td><td class=""data_0_0"">106.0</td><td class=""data_0_0""> 7/03 14:00</td><td class=""data_0_0"">129.0</td><td class=""data_0_0""> 7/03 12:20</td><td class=""data_0_0"">190.5</td><td class=""data_0_0""> 7/03 14:20</td><td class=""data_0_0"">272.5</td><td class=""data_0_0""> 7/04 01:20</td></tr>"
鋸南,0383,2022,96.5,7/20 05:30,96.5,False,True,data_0_0,mtx,"<tr class=""mtx"" style=""text-align:right;""><td style=""white-space:nowrap""><div class=""a_print""><a href=""monthly_a1.php?prec_no=45&amp;block_no=0383&amp;year=2022&amp;month=&amp;day=&amp;view=a5"">2022</a></div></td><td class=""data_0_0"">51.5</td><td class=""data_0_0""> 7/19 15:10</td><td class=""data_0_0"">68.5</td><td class=""data_0_0""> 7/19 16:50</td><td class=""data_0_0"">91.0</td><td class=""data_0_0""> 7/19 16:10</td><td class=""data_0_0"">96.5</td><td class=""data_0_0""> 7/19 17:30</td><td class=""data_0_0"">96.5</td><td class=""data_0_0""> 7/20 05:30</td><td class=""data_0_0"">109.0</td><td class=""data_0_0""> 5/14 16:40</td><td class=""data_0_0"">109.0</td><td class=""data_0_0""> 5/15 16:40</td></tr>"
鋸南,0383,2023,148.0,9/09 02:10,148.0,False,True,data_0_0,mtx,"<tr class=""mtx"" style=""text-align:right;""><td style=""white-space:nowrap""><div class=""a_print""><a href=""monthly_a1.php?prec_no=45&amp;block_no=0383&amp;year=2023&amp;month=&amp;day=&amp;view=a5"">2023</a></div></td><td class=""data_0_0"">29.5</td><td class=""data_0_0""> 9/08 04:50</td><td class=""data_0_0"">62.0</td><td class=""data_0_0""> 9/08 06:00</td><td class=""data_0_0"">86.0</td><td class=""data_0_0""> 9/08 09:40</td><td class=""data_0_0"">113.5</td><td class=""data_0_0""> 9/08 10:00</td><td class=""data_0_0"">148.0</td><td class=""data_0_0""> 9/09 02:10</td><td class=""data_0_0"">163.0</td><td class=""data_0_0""> 9/09 17:00</td><td class=""data_0_0"">172.5</td><td class=""data_0_0""> 9/09 18:10</td></tr>"
鋸南,0383,2024,151.0,6/29 05:00,151.0,False,True,data_0_0,mtx,"<tr class=""mtx"" style=""text-align:right;""><td style=""white-space:nowrap""><div class=""a_print""><a href=""monthly_a1.php?prec_no=45&amp;block_no=0383&amp;year=2024&amp;month=&amp;day=&amp;view=a5"">2024</a></div></td><td class=""data_0_0"">48.0</td><td class=""data_0_0""> 6/29 00:40</td><td class=""data_0_0"">84.5</td><td class=""data_0_0""> 6/29 02:40</td><td class=""data_0_0"">102.0</td><td class=""data_0_0""> 6/29 03:40</td><td class=""data_0_0"">125.0</td><td class=""data_0_0""> 6/18 18:50</td><td class=""data_0_0"">151.0</td><td class=""data_0_0""> 6/29 05:00</td><td class=""data_0_0"">152.5</td><td class=""data_0_0""> 6/30 02:30</td><td class=""data_0_0"">159.5</td><td class=""data_0_0""> 6/18 19:10</td></tr>"
鋸南,0383,2025,165.0,9/06 02:10,165.0,False,True,data_0_0,mtx,"<tr class=""mtx"" style=""text-align:right;""><td style=""white-space:nowrap""><div class=""a_print""><a href=""monthly_a1.php?prec_no=45&amp;block_no=0383&amp;year=2025&amp;month=&amp;day=&amp;view=a5"">2025</a></div></td><td class=""data_0_0"">53.0</td><td class=""data_0_0""> 9/05 14:20</td><td class=""data_0_0"">93.5</td><td class=""data_0_0""> 9/05 15:40</td><td class=""data_0_0"">124.0</td><td class=""data_0_0""> 9/05 15:30</td><td class=""data_0_0"">153.0</td><td class=""data_0_0""> 9/05 15:40</td><td class=""data_0_0"">165.0</td><td class=""data_0_0""> 9/06 02:10</td><td class=""data_0_0"">165.0</td><td class=""data_0_0""> 9/07 02:10</td><td class=""data_0_0"">165.0</td><td class=""data_0_0""> 9/08 02:10</td></tr>"
鴨川,0384,1976,155.0,3/27 14:00,155 ],False,False,data_0_0,mtx,"<tr class=""mtx"" style=""text-align:right;""><td style=""white-space:nowrap""><div class=""a_print""><a href=""monthly_a1.php?prec_no=45&amp;block_no=0384&amp;year=1976&amp;month=&amp;day=&amp;view=a5"">1976</a></div></td><td class=""data_0_0"">39 ]</td><td class=""data_0_0""> 6/22 03:00</td><td class=""data_0_0"">49 ]</td><td class=""data_0_0""> 6/22 04:00</td><td class=""data_0_0"">70 ]</td><td class=""data_0_0""> 3/27 11:00</td><td class=""data_0_0"">119</td><td class=""data_0_0""> 3/27 12:00</td><td class=""data_0_0"">155 ]</td><td class=""data_0_0""> 3/27 14:00</td><td class=""data_0_0"">162 ]</td><td class=""data_0_0""> 7/12 09:00</td><td class=""data_0_0"">166 ]</td><td class=""data_0_0""> 7/13 09:00</td></tr>"
鴨川,0384,1977,162.0,3/31 04:00,162,False,True,data_0_0,mtx,"<tr class=""mtx"" style=""text-align:right;""><td style=""white-space:nowrap""><div class=""a_print""><a href=""monthly_a1.php?prec_no=45&amp;block_no=0384&amp;year=1977&amp;month=&amp;day=&amp;view=a5"">1977</a></div></td><td class=""data_0_0"">25</td><td class=""data_0_0""> 8/19 02:00</td><td class=""data_0_0"">50</td><td class=""data_0_0"">12/16 22:00</td><td class=""data_0_0"">70</td><td class=""data_0_0""> 8/19 07:00</td><td class=""data_0_0"">105</td><td class=""data_0_0""> 3/31 01:00</td><td class=""data_0_0"">162</td><td class=""data_0_0""> 3/31 04:00</td><td class=""data_0_0"">175</td><td class=""data_0_0""> 4/01 01:00</td><td class=""data_0_0"">175</td><td class=""data_0_0""> 4/02 01:00</td></tr>"
鴨川,0384,1978,80.0,10/20 06:00,80,False,True,data_0_0,mtx,"<tr class=""mtx"" style=""text-align:right;""><td style=""white-space:nowrap""><div class=""a_print""><a href=""monthly_a1.php?prec_no=45&amp;block_no=0384&amp;year=1978&amp;month=&amp;day=&amp;view=a5"">1978</a></div></td><td class=""data_0_0"">19</td><td class=""data_0_0""> 6/23 10:00</td><td class=""data_0_0"">38</td><td class=""data_0_0""> 6/23 12:00</td><td class=""data_0_0"">67</td><td class=""data_0_0""> 5/19 09:00</td><td class=""data_0_0"">79</td><td class=""data_0_0""> 5/19 13:00</td><td class=""data_0_0"">80</td><td class=""data_0_0"">10/20 06:00</td><td class=""data_0_0"">93</td><td class=""data_0_0"">10/20 24:00</td><td class=""data_0_0"">93</td><td class=""data_0_0"">10/21 24:00</td></tr>"
鴨川,0384,1979,109.0,1/30 20:00,109,False,True,data_0_0,mtx,"<tr class=""mtx"" style=""text-align:right;""><td style=""white-space:nowrap""><div class=""a_print""><a href=""monthly_a1.php?prec_no=45&amp;block_no=0384&amp;year=1979&amp;month=&amp;day=&amp;view=a5"">1979</a></div></td><td class=""data_0_0"">39</td><td class=""data_0_0"">11/28 24:00</td><td class=""data_0_0"">61</td><td class=""data_0_0"">11/29 01:00</td><td class=""data_0_0"">84</td><td class=""data_0_0""> 1/30 08:00</td><td class=""data_0_0"">106</td><td class=""data_0_0""> 1/30 10:00</td><td class=""data_0_0"">109</td><td class=""data_0_0""> 1/30 20:00</td><td class=""data_0_0"">110</td><td class=""data_0_0""> 1/31 20:00</td><td class=""data_0_0"">129</td><td class=""data_0_0""> 2/01 20:00</td></tr>"
鴨川,0384,1980,119.0,8/03 11:00,119,False,True,data_0_0,mtx,"<tr class=""mtx"" style=""text-align:right;""><td style=""white-space:nowrap""><div class=""a_print""><a href=""monthly_a1.php?prec_no=45&amp;block_no=0384&amp;year=1980&amp;month=&amp;day=&amp;view=a5"">1980</a></div></td><td class=""data_0_0"">64</td><td class=""data_0_0""> 8/19 04:00</td><td class=""data_0_0"">81</td><td class=""data_0_0""> 8/19 05:00</td><td class=""data_0_0"">81</td><td class=""data_0_0""> 8/19 08:00</td><td class=""data_0_0"">87</td><td class=""data_0_0""> 8/03 11:00</td><td class=""data_0_0"">119</td><td class=""data_0_0""> 8/03 11:00</td><td class=""data_0_0"">151</td><td class=""data_0_0"">10/21 17:00</td><td class=""data_0_0"">151 ]</td><td class=""data_0_0"">10/22 17:00</td></tr>"
鴨川,0384,1981,124.0,10/23 04:00,124,False,True,data_0_0,mtx,"<tr class=""mtx"" style=""text-align:right;""><td style=""white-space:nowrap""><div class=""a_print""><a href=""monthly_a1.php?prec_no=45&amp;block_no=0384&amp;year=1981&amp;month=&amp;day=&amp;view=a5"">1981</a></div></td><td class=""data_0_0"">27</td><td class=""data_0_0"">10/08 11:00</td><td class=""data_0_0"">48</td><td class=""data_0_0"">11/02 16:00</td><td class=""data_0_0"">67</td><td class=""data_0_0"">11/02 16:00</td><td class=""data_0_0"">108</td><td class=""data_0_0"">10/22 21:00</td><td class=""data_0_0"">124</td><td class=""data_0_0"">10/23 04:00</td><td class=""data_0_0"">124</td><td class=""data_0_0"">10/24 04:00</td><td class=""data_0_0"">124</td><td class=""data_0_0"">10/25 04:00</td></tr>"
鴨川,0384,1982,126.0,7/17 20:00,126,False,True,data_0_0,mtx,"<tr class=""mtx"" style=""text-align:right;""><td style=""white-space:nowrap""><div class=""a_print""><a href=""monthly_a1.php?prec_no=45&amp;block_no=0384&amp;year=1982&amp;month=&amp;day=&amp;view=a5"">1982</a></div></td><td class=""data_0_0"">43</td><td class=""data_0_0""> 7/17 08:00</td><td class=""data_0_0"">85</td><td class=""data_0_0""> 7/17 08:00</td><td class=""data_0_0"">103</td><td class=""data_0_0""> 7/17 10:00</td><td class=""data_0_0"">121</td><td class=""data_0_0""> 7/17 15:00</td><td class=""data_0_0"">126</td><td class=""data_0_0""> 7/17 20:00</td><td class=""data_0_0"">143</td><td class=""data_0_0""> 9/08 16:00</td><td class=""data_0_0"">181</td><td class=""data_0_0""> 7/20 03:00</td></tr>"
鴨川,0384,1983,88.0,8/18 03:00,88,False,True,data_0_0,mtx,"<tr class=""mtx"" style=""text-align:right;""><td style=""white-space:nowrap""><div class=""a_print""><a href=""monthly_a1.php?prec_no=45&amp;block_no=0384&amp;year=1983&amp;month=&amp;day=&amp;view=a5"">1983</a></div></td><td class=""data_0_0"">27</td><td class=""data_0_0""> 7/28 02:00</td><td class=""data_0_0"">51</td><td class=""data_0_0"">10/11 11:00</td><td class=""data_0_0"">74</td><td class=""data_0_0"">10/11 12:00</td><td class=""data_0_0"">84</td><td class=""data_0_0"">10/11 14:00</td><td class=""data_0_0"">88</td><td class=""data_0_0""> 8/18 03:00</td><td class=""data_0_0"">130</td><td class=""data_0_0""> 7/08 11:00</td><td class=""data_0_0"">194</td><td class=""data_0_0""> 8/18 04:00</td></tr>"
鴨川,0384,1984,85.0,10/28 03:00,85,False,True,data_0_0,mtx,"<tr class=""mtx"" style=""text-align:right;""><td style=""white-space:nowrap""><div class=""a_print""><a href=""monthly_a1.php?prec_no=45&amp;block_no=0384&amp;year=1984&amp;month=&amp;day=&amp;view=a5"">1984</a></div></td><td class=""data_0_0"">36</td><td class=""data_0_0"">10/27 08:00</td><td class=""data_0_0"">82</td><td class=""data_0_0"">10/27 09:00</td><td class=""data_0_0"">85</td><td class=""data_0_0"">10/27 09:00</td><td class=""data_0_0"">85</td><td class=""data_0_0"">10/27 15:00</td><td class=""data_0_0"">85</td><td class=""data_0_0"">10/28 03:00</td><td class=""data_0_0"">103</td><td class=""data_0_0"">10/29 03:00</td><td class=""data_0_0"">106</td><td class=""data_0_0""> 6/29 17:00</td></tr>"
鴨川,0384,1985,129.0,2/20 07:00,129,False,True,data_0_0,mtx,"<tr class=""mtx"" style=""text-align:right;""><td style=""white-space:nowrap""><div class=""a_print""><a href=""monthly_a1.php?prec_no=45&amp;block_no=0384&amp;year=1985&amp;month=&amp;day=&amp;view=a5"">1985</a></div></td><td class=""data_0_0"">38</td><td class=""data_0_0""> 2/19 23:00</td><td class=""data_0_0"">74</td><td class=""data_0_0""> 2/19 24:00</td><td class=""data_0_0"">96</td><td class=""data_0_0""> 2/19 24:00</td><td class=""data_0_0"">112</td><td class=""data_0_0""> 2/20 01:00</td><td class=""data_0_0"">129</td><td class=""data_0_0""> 2/20 07:00</td><td class=""data_0_0"">150</td><td class=""data_0_0""> 7/01 14:00</td><td class=""data_0_0"">172</td><td class=""data_0_0""> 7/02 23:00</td></tr>"
鴨川,0384,1986,210.0,8/05 03:00,210,False,True,data_0_0,mtx,"<tr class=""mtx"" style=""text-align:right;""><td style=""white-space:nowrap""><div class=""a_print""><a href=""monthly_a1.php?prec_no=45&amp;block_no=0384&amp;year=1986&amp;month=&amp;day=&amp;view=a5"">1986</a></div></td><td class=""data_0_0"">29</td><td class=""data_0_0""> 8/04 16:00</td><td class=""data_0_0"">55</td><td class=""data_0_0""> 8/04 17:00</td><td class=""data_0_0"">83</td><td class=""data_0_0""> 8/04 21:00</td><td class=""data_0_0"">152</td><td class=""data_0_0""> 8/05 02:00</td><td class=""data_0_0"">210</td><td class=""data_0_0""> 8/05 03:00</td><td class=""data_0_0"">221</td><td class=""data_0_0""> 8/06 02:00</td><td class=""data_0_0"">226</td><td class=""data_0_0""> 8/05 09:00</td></tr>"
鴨川,0384,1987,93.0,9/17 13:00,93,False,True,data_0_0,mtx,"<tr class=""mtx"" style=""text-align:right;""><td style=""white-space:nowrap""><div class=""a_print""><a href=""monthly_a1.php?prec_no=45&amp;block_no=0384&amp;year=1987&amp;month=&amp;day=&amp;view=a5"">1987</a></div></td><td class=""data_0_0"">22</td><td class=""data_0_0""> 9/04 24:00</td><td class=""data_0_0"">38</td><td class=""data_0_0""> 9/05 01:00</td><td class=""data_0_0"">57</td><td class=""data_0_0""> 9/26 12:00</td><td class=""data_0_0"">78</td><td class=""data_0_0""> 5/23 16:00</td><td class=""data_0_0"">93</td><td class=""data_0_0""> 9/17 13:00</td><td class=""data_0_0"">103</td><td class=""data_0_0""> 9/05 09:00</td><td class=""data_0_0"">111</td><td class=""data_0_0""> 9/19 13:00</td></tr>"
鴨川,0384,1988,205.0,9/26 03:00,205 ],False,False,data_0_0,mtx,"<tr class=""mtx"" style=""text-align:right;""><td style=""white-space:nowrap""><div class=""a_print""><a href=""monthly_a1.php?prec_no=45&amp;block_no=0384&amp;year=1988&amp;month=&amp;day=&amp;view=a5"">1988</a></div></td><td class=""data_0_0"">29</td><td class=""data_0_0""> 9/25 21:00</td><td class=""data_0_0"">74</td><td class=""data_0_0""> 9/25 23:00</td><td class=""data_0_0"">140</td><td class=""data_0_0""> 9/25 24:00</td><td class=""data_0_0"">183</td><td class=""data_0_0""> 9/26 01:00</td><td class=""data_0_0"">205 ]</td><td class=""data_0_0""> 9/26 03:00</td><td class=""data_0_0"">238 ]</td><td class=""data_0_0""> 9/27 07:00</td><td class=""data_0_0"">331 ]</td><td class=""data_0_0""> 9/28 13:00</td></tr>"
鴨川,0384,1989,249.0,8/01 18:00,249,False,True,data_0_0,mtx,"<tr class=""mtx"" style=""text-align:right;""><td style=""white-space:nowrap""><div class=""a_print""><a href=""monthly_a1.php?prec_no=45&amp;block_no=0384&amp;year=1989&amp;month=&amp;day=&amp;view=a5"">1989</a></div></td><td class=""data_0_0"">35</td><td class=""data_0_0""> 8/01 09:00</td><td class=""data_0_0"">94</td><td class=""data_0_0""> 8/01 10:00</td><td class=""data_0_0"">154</td><td class=""data_0_0""> 8/01 13:00</td><td class=""data_0_0"">206</td><td class=""data_0_0""> 8/01 13:00</td><td class=""data_0_0"">249</td><td class=""data_0_0""> 8/01 18:00</td><td class=""data_0_0"">263</td><td class=""data_0_0""> 8/02 14:00</td><td class=""data_0_0"">265</td><td class=""data_0_0""> 8/02 07:00</td></tr>"
鴨川,0384,1990,209.0,10/01 02:00,209 ],False,False,data_0_0,mtx,"<tr class=""mtx"" style=""text-align:right;""><td style=""white-space:nowrap""><div class=""a_print""><a href=""monthly_a1.php?prec_no=45&amp;block_no=0384&amp;year=1990&amp;month=&amp;day=&amp;view=a5"">1990</a></div></td><td class=""data_0_0"">65</td><td class=""data_0_0""> 7/13 06:00</td><td class=""data_0_0"">120</td><td class=""data_0_0""> 9/30 20:00</td><td class=""data_0_0"">146</td><td class=""data_0_0""> 9/30 20:00</td><td class=""data_0_0"">181 ]</td><td class=""data_0_0""> 9/30 20:00</td><td class=""data_0_0"">209 ]</td><td class=""data_0_0"">10/01 02:00</td><td class=""data_0_0"">209 ]</td><td class=""data_0_0"">10/02 02:00</td><td class=""data_0_0"">209 ]</td><td class=""data_0_0"">10/03 02:00</td></tr>"
鴨川,0384,1991,142.0,10/08 07:00,142,False,True,data_0_0,mtx,"<tr class=""mtx"" style=""text-align:right;""><td style=""white-space:nowrap""><div class=""a_print""><a href=""monthly_a1.php?prec_no=45&amp;block_no=0384&amp;year=1991&amp;month=&amp;day=&amp;view=a5"">1991</a></div></td><td class=""data_0_0"">42</td><td class=""data_0_0""> 8/07 03:00</td><td class=""data_0_0"">57</td><td class=""data_0_0""> 8/07 04:00</td><td class=""data_0_0"">80</td><td class=""data_0_0"">10/08 04:00</td><td class=""data_0_0"">118</td><td class=""data_0_0"">10/08 06:00</td><td class=""data_0_0"">142</td><td class=""data_0_0"">10/08 07:00</td><td class=""data_0_0"">153</td><td class=""data_0_0"">10/08 10:00</td><td class=""data_0_0"">182</td><td class=""data_0_0"">10/09 21:00</td></tr>"
鴨川,0384,1992,137.0,5/10 14:00,137,False,True,data_0_0,mtx,"<tr class=""mtx"" style=""text-align:right;""><td style=""white-space:nowrap""><div class=""a_print""><a href=""monthly_a1.php?prec_no=45&amp;block_no=0384&amp;year=1992&amp;month=&amp;day=&amp;view=a5"">1992</a></div></td><td class=""data_0_0"">31</td><td class=""data_0_0"">10/20 03:00</td><td class=""data_0_0"">58</td><td class=""data_0_0""> 5/10 07:00</td><td class=""data_0_0"">87</td><td class=""data_0_0""> 5/10 08:00</td><td class=""data_0_0"">122</td><td class=""data_0_0""> 5/10 11:00</td><td class=""data_0_0"">137</td><td class=""data_0_0""> 5/10 14:00</td><td class=""data_0_0"">139</td><td class=""data_0_0""> 5/11 01:00</td><td class=""data_0_0"">145 ]</td><td class=""data_0_0""> 5/10 20:00</td></tr>"
鴨川,0384,1993,140.0,8/28 01:00,140,False,True,data_0_0,mtx,"<tr class=""mtx"" style=""text-align:right;""><td style=""white-space:nowrap""><div class=""a_print""><a href=""monthly_a1.php?prec_no=45&amp;block_no=0384&amp;year=1993&amp;month=&amp;day=&amp;view=a5"">1993</a></div></td><td class=""data_0_0"">34</td><td class=""data_0_0""> 7/15 03:00</td><td class=""data_0_0"">57</td><td class=""data_0_0""> 8/27 09:00</td><td class=""data_0_0"">90</td><td class=""data_0_0""> 8/27 11:00</td><td class=""data_0_0"">118</td><td class=""data_0_0""> 8/27 14:00</td><td class=""data_0_0"">140</td><td class=""data_0_0""> 8/28 01:00</td><td class=""data_0_0"">147</td><td class=""data_0_0""> 8/28 14:00</td><td class=""data_0_0"">179</td><td class=""data_0_0""> 7/05 13:00</td></tr>"
鴨川,0384,1994,157.0,3/24 01:00,157,False,True,data_0_0,mtx,"<tr class=""mtx"" style=""text-align:right;""><td style=""white-space:nowrap""><div class=""a_print""><a href=""monthly_a1.php?prec_no=45&amp;block_no=0384&amp;year=1994&amp;month=&amp;day=&amp;view=a5"">1994</a></div></td><td class=""data_0_0"">33</td><td class=""data_0_0"">11/19 01:00</td><td class=""data_0_0"">57</td><td class=""data_0_0""> 3/23 23:00</td><td class=""data_0_0"">88</td><td class=""data_0_0""> 3/23 24:00</td><td class=""data_0_0"">120</td><td class=""data_0_0""> 3/24 01:00</td><td class=""data_0_0"">157</td><td class=""data_0_0""> 3/24 01:00</td><td class=""data_0_0"">167</td><td class=""data_0_0""> 3/24 20:00</td><td class=""data_0_0"">168</td><td class=""data_0_0""> 3/25 20:00</td></tr>"
鴨川,0384,1995,131.0,5/16 09:00,131,False,True,data_0_0,mtx,"<tr class=""mtx"" style=""text-align:right;""><td style=""white-space:nowrap""><div class=""a_print""><a href=""monthly_a1.php?prec_no=45&amp;block_no=0384&amp;year=1995&amp;month=&amp;day=&amp;view=a5"">1995</a></div></td><td class=""data_0_0"">31</td><td class=""data_0_0""> 6/04 03:00</td><td class=""data_0_0"">66</td><td class=""data_0_0""> 6/04 04:00</td><td class=""data_0_0"">78</td><td class=""data_0_0""> 6/04 04:00</td><td class=""data_0_0"">106</td><td class=""data_0_0""> 5/16 01:00</td><td class=""data_0_0"">131</td><td class=""data_0_0""> 5/16 09:00</td><td class=""data_0_0"">147</td><td class=""data_0_0""> 9/18 05:00</td><td class=""data_0_0"">153</td><td class=""data_0_0""> 9/18 09:00</td></tr>"
鴨川,0384,1996,250.0,9/22 24:00,250,False,True,data_0_0,mtx,"<tr class=""mtx"" style=""text-align:right;""><td style=""white-space:nowrap""><div class=""a_print""><a href=""monthly_a1.php?prec_no=45&amp;block_no=0384&amp;year=1996&amp;month=&amp;day=&amp;view=a5"">1996</a></div></td><td class=""data_0_0"">36</td><td class=""data_0_0""> 9/22 14:00</td><td class=""data_0_0"">94</td><td class=""data_0_0""> 9/22 14:00</td><td class=""data_0_0"">151</td><td class=""data_0_0""> 9/22 15:00</td><td class=""data_0_0"">227</td><td class=""data_0_0""> 9/22 16:00</td><td class=""data_0_0"">250</td><td class=""data_0_0""> 9/22 24:00</td><td class=""data_0_0"">304</td><td class=""data_0_0""> 7/10 12:00</td><td class=""data_0_0"">361</td><td class=""data_0_0""> 7/11 11:00</td></tr>"
鴨川,0384,1997,76.0,5/25 07:00,76,False,True,data_0_0,mtx,"<tr class=""mtx"" style=""text-align:right;""><td style=""white-space:nowrap""><div class=""a_print""><a href=""monthly_a1.php?prec_no=45&amp;block_no=0384&amp;year=1997&amp;month=&amp;day=&amp;view=a5"">1997</a></div></td><td class=""data_0_0"">23</td><td class=""data_0_0""> 7/12 13:00</td><td class=""data_0_0"">51</td><td class=""data_0_0""> 7/12 15:00</td><td class=""data_0_0"">63</td><td class=""data_0_0""> 7/12 17:00</td><td class=""data_0_0"">68</td><td class=""data_0_0""> 5/25 03:00</td><td class=""data_0_0"">76</td><td class=""data_0_0""> 5/25 07:00</td><td class=""data_0_0"">118</td><td class=""data_0_0""> 7/13 01:00</td><td class=""data_0_0"">128</td><td class=""data_0_0""> 7/13 12:00</td></tr>"
鴨川,0384,1998,78.0,9/16 03:00,78,False,True,data_0_0,mtx,"<tr class=""mtx"" style=""text-align:right;""><td style=""white-space:nowrap""><div class=""a_print""><a href=""monthly_a1.php?prec_no=45&amp;block_no=0384&amp;year=1998&amp;month=&amp;day=&amp;view=a5"">1998</a></div></td><td class=""data_0_0"">22</td><td class=""data_0_0""> 9/16 02:00</td><td class=""data_0_0"">44</td><td class=""data_0_0""> 9/16 03:00</td><td class=""data_0_0"">64</td><td class=""data_0_0""> 9/16 03:00</td><td class=""data_0_0"">72</td><td class=""data_0_0""> 9/16 09:00</td><td class=""data_0_0"">78</td><td class=""data_0_0""> 9/16 03:00</td><td class=""data_0_0"">89</td><td class=""data_0_0""> 9/16 19:00</td><td class=""data_0_0"">92</td><td class=""data_0_0""> 9/18 03:00</td></tr>"
鴨川,0384,1999,157.0,7/14 01:00,157,False,True,data_0_0,mtx,"<tr class=""mtx"" style=""text-align:right;""><td style=""white-space:nowrap""><div class=""a_print""><a href=""monthly_a1.php?prec_no=45&amp;block_no=0384&amp;year=1999&amp;month=&amp;day=&amp;view=a5"">1999</a></div></td><td class=""data_0_0"">26</td><td class=""data_0_0""> 7/13 14:00</td><td class=""data_0_0"">60</td><td class=""data_0_0""> 7/13 21:00</td><td class=""data_0_0"">74</td><td class=""data_0_0""> 7/13 24:00</td><td class=""data_0_0"">129</td><td class=""data_0_0""> 7/13 21:00</td><td class=""data_0_0"">157</td><td class=""data_0_0""> 7/14 01:00</td><td class=""data_0_0"">164</td><td class=""data_0_0""> 7/15 01:00</td><td class=""data_0_0"">173</td><td class=""data_0_0""> 7/15 06:00</td></tr>"
鴨川,0384,2000,179.0,7/08 14:00,179,False,True,data_0_0,mtx,"<tr class=""mtx"" style=""text-align:right;""><td style=""white-space:nowrap""><div class=""a_print""><a href=""monthly_a1.php?prec_no=45&amp;block_no=0384&amp;year=2000&amp;month=&amp;day=&amp;view=a5"">2000</a></div></td><td class=""data_0_0"">35</td><td class=""data_0_0""> 3/04 22:00</td><td class=""data_0_0"">61</td><td class=""data_0_0""> 7/08 05:00</td><td class=""data_0_0"">93</td><td class=""data_0_0""> 7/08 06:00</td><td class=""data_0_0"">159</td><td class=""data_0_0""> 7/08 06:00</td><td class=""data_0_0"">179</td><td class=""data_0_0""> 7/08 14:00</td><td class=""data_0_0"">179</td><td class=""data_0_0""> 7/09 14:00</td><td class=""data_0_0"">179</td><td class=""data_0_0""> 7/10 14:00</td></tr>"
鴨川,0384,2001,138.0,10/11 10:00,138,False,True,data_0_0,mtx,"<tr class=""mtx"" style=""text-align:right;""><td style=""white-space:nowrap""><div class=""a_print""><a href=""monthly_a1.php?prec_no=45&amp;block_no=0384&amp;year=2001&amp;month=&amp;day=&amp;view=a5"">2001</a></div></td><td class=""data_0_0"">39</td><td class=""data_0_0""> 8/22 10:00</td><td class=""data_0_0"">84</td><td class=""data_0_0"">10/10 19:00</td><td class=""data_0_0"">118</td><td class=""data_0_0"">10/10 20:00</td><td class=""data_0_0"">138</td><td class=""data_0_0"">10/10 22:00</td><td class=""data_0_0"">138</td><td class=""data_0_0"">10/11 10:00</td><td class=""data_0_0"">142</td><td class=""data_0_0"">10/10 20:00</td><td class=""data_0_0"">165</td><td class=""data_0_0"">10/11 08:00</td></tr>"
鴨川,0384,2002,149.0,9/28 23:00,149,False,True,data_0_0,mtx,"<tr class=""mtx"" style=""text-align:right;""><td style=""white-space:nowrap""><div class=""a_print""><a href=""monthly_a1.php?prec_no=45&amp;block_no=0384&amp;year=2002&amp;month=&amp;day=&amp;view=a5"">2002</a></div></td><td class=""data_0_0"">78</td><td class=""data_0_0"">12/04 17:00</td><td class=""data_0_0"">105</td><td class=""data_0_0"">12/04 18:00</td><td class=""data_0_0"">118</td><td class=""data_0_0"">12/04 18:00</td><td class=""data_0_0"">130</td><td class=""data_0_0""> 9/28 16:00</td><td class=""data_0_0"">149</td><td class=""data_0_0""> 9/28 23:00</td><td class=""data_0_0"">167</td><td class=""data_0_0""> 9/29 07:00</td><td class=""data_0_0"">182</td><td class=""data_0_0"">10/01 03:00</td></tr>"
鴨川,0384,2003,153.0,8/15 22:20,153,False,True,data_1t_0,mtx,"<tr class=""mtx"" style=""text-align:right;""><td style=""white-space:nowrap""><div class=""a_print""><a href=""monthly_a1.php?prec_no=45&amp;block_no=0384&amp;year=2003&amp;month=&amp;day=&amp;view=a5"">2003</a></div></td><td class=""data_1t_0"">48</td><td class=""data_1t_0"">11/21 03:30</td><td class=""data_1t_0"">73</td><td class=""data_1t_0"">11/30 09:10</td><td class=""data_1t_0"">111</td><td class=""data_1t_0"">11/30 09:30</td><td class=""data_1t_0"">133</td><td class=""data_1t_0"">11/30 10:20</td><td class=""data_1t_0"">153</td><td class=""data_1t_0""> 8/15 22:20</td><td class=""data_1t_0"">211</td><td class=""data_1t_0""> 8/16 14:40</td><td class=""data_1t_0"">222</td><td class=""data_1t_0""> 8/16 21:20</td></tr>"
鴨川,0384,2004,355.0,10/09 16:30,355,False,True,data_0_0,mtx,"<tr class=""mtx"" style=""text-align:right;""><td style=""white-space:nowrap""><div class=""a_print""><a href=""monthly_a1.php?prec_no=45&amp;block_no=0384&amp;year=2004&amp;month=&amp;day=&amp;view=a5"">2004</a></div></td><td class=""data_0_0"">67</td><td class=""data_0_0"">10/09 01:50</td><td class=""data_0_0"">139</td><td class=""data_0_0"">10/09 01:50</td><td class=""data_0_0"">225</td><td class=""data_0_0"">10/09 04:00</td><td class=""data_0_0"">269</td><td class=""data_0_0"">10/09 07:30</td><td class=""data_0_0"">355</td><td class=""data_0_0"">10/09 16:30</td><td class=""data_0_0"">361</td><td class=""data_0_0"">10/10 11:50</td><td class=""data_0_0"">371</td><td class=""data_0_0"">10/11 12:20</td></tr>"
鴨川,0384,2005,168.0,8/26 08:10,168,False,True,data_0_0,mtx,"<tr class=""mtx"" style=""text-align:right;""><td style=""white-space:nowrap""><div class=""a_print""><a href=""monthly_a1.php?prec_no=45&amp;block_no=0384&amp;year=2005&amp;month=&amp;day=&amp;view=a5"">2005</a></div></td><td class=""data_0_0"">26</td><td class=""data_0_0"">10/16 01:40</td><td class=""data_0_0"">60</td><td class=""data_0_0""> 6/22 10:20</td><td class=""data_0_0"">105</td><td class=""data_0_0""> 8/26 04:30</td><td class=""data_0_0"">143</td><td class=""data_0_0""> 8/26 06:20</td><td class=""data_0_0"">168</td><td class=""data_0_0""> 8/26 08:10</td><td class=""data_0_0"">171</td><td class=""data_0_0""> 8/27 00:30</td><td class=""data_0_0"">171</td><td class=""data_0_0""> 8/28 00:30</td></tr>"
鴨川,0384,2006,203.0,12/27 07:40,203,False,True,data_0_0,mtx,"<tr class=""mtx"" style=""text-align:right;""><td style=""white-space:nowrap""><div class=""a_print""><a href=""monthly_a1.php?prec_no=45&amp;block_no=0384&amp;year=2006&amp;month=&amp;day=&amp;view=a5"">2006</a></div></td><td class=""data_0_0"">48</td><td class=""data_0_0""> 9/27 12:10</td><td class=""data_0_0"">88</td><td class=""data_0_0"">12/26 19:50</td><td class=""data_0_0"">110</td><td class=""data_0_0"">12/26 20:30</td><td class=""data_0_0"">159</td><td class=""data_0_0"">12/26 20:10</td><td class=""data_0_0"">203</td><td class=""data_0_0"">12/27 07:40</td><td class=""data_0_0"">206</td><td class=""data_0_0"">12/27 14:10</td><td class=""data_0_0"">206</td><td class=""data_0_0"">12/28 14:10</td></tr>"
鴨川,0384,2007,261.0,7/15 10:30,261,False,True,data_0_0,mtx,"<tr class=""mtx"" style=""text-align:right;""><td style=""white-space:nowrap""><div class=""a_print""><a href=""monthly_a1.php?prec_no=45&amp;block_no=0384&amp;year=2007&amp;month=&amp;day=&amp;view=a5"">2007</a></div></td><td class=""data_0_0"">57</td><td class=""data_0_0""> 7/14 22:00</td><td class=""data_0_0"">110</td><td class=""data_0_0""> 7/14 22:00</td><td class=""data_0_0"">168</td><td class=""data_0_0""> 7/14 22:00</td><td class=""data_0_0"">227</td><td class=""data_0_0""> 7/15 00:10</td><td class=""data_0_0"">261</td><td class=""data_0_0""> 7/15 10:30</td><td class=""data_0_0"">276</td><td class=""data_0_0""> 7/15 20:20</td><td class=""data_0_0"">284</td><td class=""data_0_0""> 7/15 15:20</td></tr>"
鴨川,0384,2008,167.0,6/22 03:40,167.0,False,True,data_0_0,mtx,"<tr class=""mtx"" style=""text-align:right;""><td style=""white-space:nowrap""><div class=""a_print""><a href=""monthly_a1.php?prec_no=45&amp;block_no=0384&amp;year=2008&amp;month=&amp;day=&amp;view=a5"">2008</a></div></td><td class=""data_0_0"">34.5</td><td class=""data_0_0"">10/23 21:50</td><td class=""data_0_0"">50.0</td><td class=""data_0_0""> 6/29 15:50</td><td class=""data_0_0"">77.0</td><td class=""data_0_0""> 6/22 04:10</td><td class=""data_0_0"">96.0</td><td class=""data_0_0"">10/24 01:40</td><td class=""data_0_0"">167.0</td><td class=""data_0_0""> 6/22 03:40</td><td class=""data_0_0"">238.5</td><td class=""data_0_0""> 6/23 02:10</td><td class=""data_0_0"">269.5</td><td class=""data_0_0""> 6/23 07:50</td></tr>"
鴨川,0384,2009,96.5,11/11 23:30,96.5,False,True,data_0_0,mtx,"<tr class=""mtx"" style=""text-align:right;""><td style=""white-space:nowrap""><div class=""a_print""><a href=""monthly_a1.php?prec_no=45&amp;block_no=0384&amp;year=2009&amp;month=&amp;day=&amp;view=a5"">2009</a></div></td><td class=""data_0_0"">36.0</td><td class=""data_0_0"">11/11 02:00</td><td class=""data_0_0"">50.0</td><td class=""data_0_0"">11/11 02:30</td><td class=""data_0_0"">58.0</td><td class=""data_0_0"">11/11 05:30</td><td class=""data_0_0"">71.0</td><td class=""data_0_0""> 5/29 06:00</td><td class=""data_0_0"">96.5</td><td class=""data_0_0"">11/11 23:30</td><td class=""data_0_0"">100.0</td><td class=""data_0_0""> 8/12 05:10</td><td class=""data_0_0"">105.0</td><td class=""data_0_0"">11/13 23:30</td></tr>"
鴨川,0384,2010,145.0,10/10 13:10,145.0,False,True,data_0_0,mtx,"<tr class=""mtx"" style=""text-align:right;""><td style=""white-space:nowrap""><div class=""a_print""><a href=""monthly_a1.php?prec_no=45&amp;block_no=0384&amp;year=2010&amp;month=&amp;day=&amp;view=a5"">2010</a></div></td><td class=""data_0_0"">39.5</td><td class=""data_0_0"">11/01 05:40</td><td class=""data_0_0"">71.5</td><td class=""data_0_0"">10/10 08:30</td><td class=""data_0_0"">87.5</td><td class=""data_0_0"">10/10 11:30</td><td class=""data_0_0"">99.0</td><td class=""data_0_0""> 9/28 10:00</td><td class=""data_0_0"">145.0</td><td class=""data_0_0"">10/10 13:10</td><td class=""data_0_0"">201.5</td><td class=""data_0_0""> 9/28 18:30</td><td class=""data_0_0"">201.5</td><td class=""data_0_0""> 9/29 18:30</td></tr>"
鴨川,0384,2011,100.5,10/06 00:40,100.5,False,True,data_0_0,mtx,"<tr class=""mtx"" style=""text-align:right;""><td style=""white-space:nowrap""><div class=""a_print""><a href=""monthly_a1.php?prec_no=45&amp;block_no=0384&amp;year=2011&amp;month=&amp;day=&amp;view=a5"">2011</a></div></td><td class=""data_0_0"">33.0</td><td class=""data_0_0""> 9/20 00:10</td><td class=""data_0_0"">47.0</td><td class=""data_0_0"">12/03 11:00</td><td class=""data_0_0"">65.5</td><td class=""data_0_0"">10/22 06:00</td><td class=""data_0_0"">89.0</td><td class=""data_0_0"">10/05 22:20</td><td class=""data_0_0"">100.5</td><td class=""data_0_0"">10/06 00:40</td><td class=""data_0_0"">105.0</td><td class=""data_0_0""> 9/21 23:00</td><td class=""data_0_0"">109.0</td><td class=""data_0_0""> 5/30 17:00</td></tr>"
鴨川,0384,2012,135.0,7/04 16:10,135.0,False,True,data_0_0,mtx,"<tr class=""mtx"" style=""text-align:right;""><td style=""white-space:nowrap""><div class=""a_print""><a href=""monthly_a1.php?prec_no=45&amp;block_no=0384&amp;year=2012&amp;month=&amp;day=&amp;view=a5"">2012</a></div></td><td class=""data_0_0"">45.5</td><td class=""data_0_0"">10/29 00:50</td><td class=""data_0_0"">93.5</td><td class=""data_0_0""> 7/03 21:30</td><td class=""data_0_0"">128.0</td><td class=""data_0_0""> 7/03 22:20</td><td class=""data_0_0"">135.0</td><td class=""data_0_0""> 7/04 04:10</td><td class=""data_0_0"">135.0</td><td class=""data_0_0""> 7/04 16:10</td><td class=""data_0_0"">138.5</td><td class=""data_0_0""> 7/03 23:30</td><td class=""data_0_0"">141.0</td><td class=""data_0_0""> 7/04 17:40</td></tr>"
鴨川,0384,2013,229.0,10/16 10:10,229.0,False,True,data_0_0,mtx,"<tr class=""mtx"" style=""text-align:right;""><td style=""white-space:nowrap""><div class=""a_print""><a href=""monthly_a1.php?prec_no=45&amp;block_no=0384&amp;year=2013&amp;month=&amp;day=&amp;view=a5"">2013</a></div></td><td class=""data_0_0"">31.5</td><td class=""data_0_0""> 4/07 02:00</td><td class=""data_0_0"">64.0</td><td class=""data_0_0"">10/16 02:50</td><td class=""data_0_0"">109.0</td><td class=""data_0_0"">10/16 05:50</td><td class=""data_0_0"">163.5</td><td class=""data_0_0"">10/16 06:50</td><td class=""data_0_0"">229.0</td><td class=""data_0_0"">10/16 10:10</td><td class=""data_0_0"">229.0</td><td class=""data_0_0"">10/17 10:10</td><td class=""data_0_0"">229.0</td><td class=""data_0_0"">10/18 10:10</td></tr>"
鴨川,0384,2014,159.5,6/07 09:10,159.5,False,True,data_0_0,mtx,"<tr class=""mtx"" style=""text-align:right;""><td style=""white-space:nowrap""><div class=""a_print""><a href=""monthly_a1.php?prec_no=45&amp;block_no=0384&amp;year=2014&amp;month=&amp;day=&amp;view=a5"">2014</a></div></td><td class=""data_0_0"">43.0</td><td class=""data_0_0""> 9/11 02:40</td><td class=""data_0_0"">55.5</td><td class=""data_0_0""> 6/06 23:00</td><td class=""data_0_0"">84.0</td><td class=""data_0_0""> 6/06 23:40</td><td class=""data_0_0"">132.5</td><td class=""data_0_0""> 6/07 03:20</td><td class=""data_0_0"">159.5</td><td class=""data_0_0""> 6/07 09:10</td><td class=""data_0_0"">180.5</td><td class=""data_0_0""> 6/07 13:50</td><td class=""data_0_0"">184.0</td><td class=""data_0_0""> 6/09 04:50</td></tr>"
鴨川,0384,2015,112.0,9/10 13:00,112.0,False,True,data_0_0,mtx,"<tr class=""mtx"" style=""text-align:right;""><td style=""white-space:nowrap""><div class=""a_print""><a href=""monthly_a1.php?prec_no=45&amp;block_no=0384&amp;year=2015&amp;month=&amp;day=&amp;view=a5"">2015</a></div></td><td class=""data_0_0"">57.5</td><td class=""data_0_0""> 9/07 03:10</td><td class=""data_0_0"">76.0</td><td class=""data_0_0""> 9/07 03:10</td><td class=""data_0_0"">87.5</td><td class=""data_0_0""> 9/07 04:10</td><td class=""data_0_0"">93.0</td><td class=""data_0_0""> 9/07 08:50</td><td class=""data_0_0"">112.0</td><td class=""data_0_0""> 9/10 13:00</td><td class=""data_0_0"">160.5</td><td class=""data_0_0""> 9/08 20:50</td><td class=""data_0_0"">204.0</td><td class=""data_0_0""> 9/09 24:00</td></tr>"
鴨川,0384,2016,112.0,6/24 01:00,112.0,False,True,data_0_0,mtx,"<tr class=""mtx"" style=""text-align:right;""><td style=""white-space:nowrap""><div class=""a_print""><a href=""monthly_a1.php?prec_no=45&amp;block_no=0384&amp;year=2016&amp;month=&amp;day=&amp;view=a5"">2016</a></div></td><td class=""data_0_0"">38.5</td><td class=""data_0_0""> 9/22 11:40</td><td class=""data_0_0"">83.5</td><td class=""data_0_0""> 6/23 10:40</td><td class=""data_0_0"">108.5</td><td class=""data_0_0""> 6/23 12:30</td><td class=""data_0_0"">111.5</td><td class=""data_0_0""> 6/23 13:00</td><td class=""data_0_0"">112.0</td><td class=""data_0_0""> 6/24 01:00</td><td class=""data_0_0"">117.0</td><td class=""data_0_0""> 6/23 12:20</td><td class=""data_0_0"">136.5</td><td class=""data_0_0""> 9/22 19:30</td></tr>"
鴨川,0384,2017,135.5,10/29 22:10,135.5,False,True,data_0_0,mtx,"<tr class=""mtx"" style=""text-align:right;""><td style=""white-space:nowrap""><div class=""a_print""><a href=""monthly_a1.php?prec_no=45&amp;block_no=0384&amp;year=2017&amp;month=&amp;day=&amp;view=a5"">2017</a></div></td><td class=""data_0_0"">41.5</td><td class=""data_0_0""> 8/01 17:40</td><td class=""data_0_0"">66.5</td><td class=""data_0_0"">11/23 09:30</td><td class=""data_0_0"">95.5</td><td class=""data_0_0"">11/23 10:30</td><td class=""data_0_0"">112.5</td><td class=""data_0_0"">11/23 11:20</td><td class=""data_0_0"">135.5</td><td class=""data_0_0"">10/29 22:10</td><td class=""data_0_0"">137.5</td><td class=""data_0_0"">10/30 16:00</td><td class=""data_0_0"">137.5</td><td class=""data_0_0"">10/31 16:00</td></tr>"
鴨川,0384,2018,155.0,10/01 01:20,155.0,False,True,data_0_0,mtx,"<tr class=""mtx"" style=""text-align:right;""><td style=""white-space:nowrap""><div class=""a_print""><a href=""monthly_a1.php?prec_no=45&amp;block_no=0384&amp;year=2018&amp;month=&amp;day=&amp;view=a5"">2018</a></div></td><td class=""data_0_0"">41.5</td><td class=""data_0_0""> 9/10 11:20</td><td class=""data_0_0"">82.5</td><td class=""data_0_0""> 9/30 07:00</td><td class=""data_0_0"">112.0</td><td class=""data_0_0""> 9/30 07:20</td><td class=""data_0_0"">113.5</td><td class=""data_0_0""> 9/30 12:50</td><td class=""data_0_0"">155.0</td><td class=""data_0_0"">10/01 01:20</td><td class=""data_0_0"">157.0</td><td class=""data_0_0"">10/01 09:40</td><td class=""data_0_0"">157.0</td><td class=""data_0_0"">10/02 09:40</td></tr>"
鴨川,0384,2019,246.5,10/26 03:10,246.5,False,True,data_0_0,mtx,"<tr class=""mtx"" style=""text-align:right;""><td style=""white-space:nowrap""><div class=""a_print""><a href=""monthly_a1.php?prec_no=45&amp;block_no=0384&amp;year=2019&amp;month=&amp;day=&amp;view=a5"">2019</a></div></td><td class=""data_0_0"">82.5</td><td class=""data_0_0"">10/25 10:20</td><td class=""data_0_0"">160.0</td><td class=""data_0_0"">10/25 12:00</td><td class=""data_0_0"">212.0</td><td class=""data_0_0"">10/25 13:10</td><td class=""data_0_0"">246.0</td><td class=""data_0_0"">10/25 15:40</td><td class=""data_0_0"">246.5</td><td class=""data_0_0"">10/26 03:10</td><td class=""data_0_0"">246.5</td><td class=""data_0_0"">10/27 03:10</td><td class=""data_0_0"">246.5</td><td class=""data_0_0"">10/28 03:10</td></tr>"
鴨川,0384,2020,120.5,7/18 18:20,120.5,False,True,data_0_0,mtx,"<tr class=""mtx"" style=""text-align:right;""><td style=""white-space:nowrap""><div class=""a_print""><a href=""monthly_a1.php?prec_no=45&amp;block_no=0384&amp;year=2020&amp;month=&amp;day=&amp;view=a5"">2020</a></div></td><td class=""data_0_0"">23.0</td><td class=""data_0_0""> 7/18 08:10</td><td class=""data_0_0"">48.5</td><td class=""data_0_0""> 6/28 12:10</td><td class=""data_0_0"">74.5</td><td class=""data_0_0""> 7/18 12:50</td><td class=""data_0_0"">107.5</td><td class=""data_0_0""> 7/18 13:20</td><td class=""data_0_0"">120.5</td><td class=""data_0_0""> 7/18 18:20</td><td class=""data_0_0"">152.5</td><td class=""data_0_0""> 7/19 04:00</td><td class=""data_0_0"">155.5</td><td class=""data_0_0""> 7/20 04:00</td></tr>"
鴨川,0384,2021,162.5,7/03 13:10,162.5,False,True,data_0_0,mtx,"<tr class=""mtx"" style=""text-align:right;""><td style=""white-space:nowrap""><div class=""a_print""><a href=""monthly_a1.php?prec_no=45&amp;block_no=0384&amp;year=2021&amp;month=&amp;day=&amp;view=a5"">2021</a></div></td><td class=""data_0_0"">43.5</td><td class=""data_0_0""> 7/03 11:20</td><td class=""data_0_0"">93.0</td><td class=""data_0_0""> 8/08 12:30</td><td class=""data_0_0"">122.5</td><td class=""data_0_0""> 8/08 14:20</td><td class=""data_0_0"">146.5</td><td class=""data_0_0""> 8/08 16:30</td><td class=""data_0_0"">162.5</td><td class=""data_0_0""> 7/03 13:10</td><td class=""data_0_0"">233.5</td><td class=""data_0_0""> 7/03 16:50</td><td class=""data_0_0"">331.5</td><td class=""data_0_0""> 7/04 00:50</td></tr>"
鴨川,0384,2022,104.0,5/14 09:40,104.0,False,True,data_0_0,mtx,"<tr class=""mtx"" style=""text-align:right;""><td style=""white-space:nowrap""><div class=""a_print""><a href=""monthly_a1.php?prec_no=45&amp;block_no=0384&amp;year=2022&amp;month=&amp;day=&amp;view=a5"">2022</a></div></td><td class=""data_0_0"">36.5</td><td class=""data_0_0""> 7/19 12:30</td><td class=""data_0_0"">51.0</td><td class=""data_0_0""> 7/19 14:30</td><td class=""data_0_0"">66.5</td><td class=""data_0_0""> 5/14 09:50</td><td class=""data_0_0"">70.5</td><td class=""data_0_0""> 5/14 10:40</td><td class=""data_0_0"">104.0</td><td class=""data_0_0""> 5/14 09:40</td><td class=""data_0_0"">151.0</td><td class=""data_0_0""> 5/14 17:10</td><td class=""data_0_0"">151.0</td><td class=""data_0_0""> 5/15 17:10</td></tr>"
鴨川,0384,2023,355.0,9/08 22:30,355.0,False,True,data_0_0,mtx,"<tr class=""mtx"" style=""text-align:right;""><td style=""white-space:nowrap""><div class=""a_print""><a href=""monthly_a1.php?prec_no=45&amp;block_no=0384&amp;year=2023&amp;month=&amp;day=&amp;view=a5"">2023</a></div></td><td class=""data_0_0"">82.5</td><td class=""data_0_0""> 9/08 10:40</td><td class=""data_0_0"">143.0</td><td class=""data_0_0""> 9/08 11:00</td><td class=""data_0_0"">249.0</td><td class=""data_0_0""> 9/08 11:30</td><td class=""data_0_0"">294.5</td><td class=""data_0_0""> 9/08 12:40</td><td class=""data_0_0"">355.0</td><td class=""data_0_0""> 9/08 22:30</td><td class=""data_0_0"">366.5</td><td class=""data_0_0""> 9/09 06:20</td><td class=""data_0_0"">374.5 ]</td><td class=""data_0_0""> 9/09 09:50</td></tr>"
鴨川,0384,2024,156.5,8/17 03:00,156.5,False,True,data_0_0,mtx,"<tr class=""mtx"" style=""text-align:right;""><td style=""white-space:nowrap""><div class=""a_print""><a href=""monthly_a1.php?prec_no=45&amp;block_no=0384&amp;year=2024&amp;month=&amp;day=&amp;view=a5"">2024</a></div></td><td class=""data_0_0"">32.5</td><td class=""data_0_0""> 1/21 08:40</td><td class=""data_0_0"">59.0</td><td class=""data_0_0""> 8/16 16:50</td><td class=""data_0_0"">93.5</td><td class=""data_0_0""> 8/16 19:20</td><td class=""data_0_0"">117.5</td><td class=""data_0_0""> 8/16 22:40</td><td class=""data_0_0"">156.5</td><td class=""data_0_0""> 8/17 03:00</td><td class=""data_0_0"">156.5</td><td class=""data_0_0""> 8/18 03:00</td><td class=""data_0_0"">159.0</td><td class=""data_0_0""> 8/19 03:00</td></tr>"
鴨川,0384,2025,98.5,4/02 07:40,98.5,False,True,data_0_0,mtx,"<tr class=""mtx"" style=""text-align:right;""><td style=""white-space:nowrap""><div class=""a_print""><a href=""monthly_a1.php?prec_no=45&amp;block_no=0384&amp;year=2025&amp;month=&amp;day=&amp;view=a5"">2025</a></div></td><td class=""data_0_0"">28.5</td><td class=""data_0_0"">10/20 02:40</td><td class=""data_0_0"">49.5</td><td class=""data_0_0""> 3/12 22:50</td><td class=""data_0_0"">68.0</td><td class=""data_0_0""> 9/05 15:50</td><td class=""data_0_0"">91.0</td><td class=""data_0_0""> 9/05 16:20</td><td class=""data_0_0"">98.5</td><td class=""data_0_0""> 4/02 07:40</td><td class=""data_0_0"">118.0</td><td class=""data_0_0""> 9/06 10:50</td><td class=""data_0_0"">118.0</td><td class=""data_0_0""> 9/07 10:50</td></tr>"
勝浦,47674,1976,119.0,6/16 19:00,119,False,True,data_0_0,mtx,"<tr class=""mtx"" style=""text-align:right;""><td style=""white-space:nowrap""><div class=""a_print""><a href=""monthly_s1.php?prec_no=45&amp;block_no=47674&amp;year=1976&amp;month=&amp;day=&amp;view=a5"">1976</a></div></td><td class=""data_0_0"">52</td><td class=""data_0_0""> 6/15 24:00</td><td class=""data_0_0"">100</td><td class=""data_0_0""> 6/16 01:00</td><td class=""data_0_0"">116</td><td class=""data_0_0""> 6/16 02:00</td><td class=""data_0_0"">119</td><td class=""data_0_0""> 6/16 07:00</td><td class=""data_0_0"">119</td><td class=""data_0_0""> 6/16 19:00</td><td class=""data_0_0"">123 ]</td><td class=""data_0_0""> 6/16 02:00</td><td class=""data_0_0"">140 ]</td><td class=""data_0_0""> 6/16 13:00</td></tr>"
勝浦,47674,1977,201.0,3/31 04:00,201,False,True,data_0_0,mtx,"<tr class=""mtx"" style=""text-align:right;""><td style=""white-space:nowrap""><div class=""a_print""><a href=""monthly_s1.php?prec_no=45&amp;block_no=47674&amp;year=1977&amp;month=&amp;day=&amp;view=a5"">1977</a></div></td><td class=""data_0_0"">54</td><td class=""data_0_0""> 8/19 03:00</td><td class=""data_0_0"">100</td><td class=""data_0_0""> 3/30 24:00</td><td class=""data_0_0"">118</td><td class=""data_0_0""> 3/31 01:00</td><td class=""data_0_0"">152</td><td class=""data_0_0""> 3/30 24:00</td><td class=""data_0_0"">201</td><td class=""data_0_0""> 3/31 04:00</td><td class=""data_0_0"">213</td><td class=""data_0_0""> 3/31 21:00</td><td class=""data_0_0"">213 ]</td><td class=""data_0_0""> 4/01 21:00</td></tr>"
勝浦,47674,1978,103.0,6/24 03:00,103,False,True,data_0_0,mtx,"<tr class=""mtx"" style=""text-align:right;""><td style=""white-space:nowrap""><div class=""a_print""><a href=""monthly_s1.php?prec_no=45&amp;block_no=47674&amp;year=1978&amp;month=&amp;day=&amp;view=a5"">1978</a></div></td><td class=""data_0_0"">23</td><td class=""data_0_0""> 6/24 02:00</td><td class=""data_0_0"">32</td><td class=""data_0_0""> 6/23 11:00</td><td class=""data_0_0"">58</td><td class=""data_0_0""> 5/19 09:00</td><td class=""data_0_0"">75</td><td class=""data_0_0""> 6/23 16:00</td><td class=""data_0_0"">103</td><td class=""data_0_0""> 6/24 03:00</td><td class=""data_0_0"">110</td><td class=""data_0_0""> 6/25 01:00</td><td class=""data_0_0"">111</td><td class=""data_0_0""> 6/26 01:00</td></tr>"
勝浦,47674,1979,194.0,11/11 13:00,194,False,True,data_0_0,mtx,"<tr class=""mtx"" style=""text-align:right;""><td style=""white-space:nowrap""><div class=""a_print""><a href=""monthly_s1.php?prec_no=45&amp;block_no=47674&amp;year=1979&amp;month=&amp;day=&amp;view=a5"">1979</a></div></td><td class=""data_0_0"">48</td><td class=""data_0_0""> 7/20 20:00</td><td class=""data_0_0"">105</td><td class=""data_0_0""> 7/20 21:00</td><td class=""data_0_0"">146</td><td class=""data_0_0"">11/11 05:00</td><td class=""data_0_0"">175</td><td class=""data_0_0"">11/11 05:00</td><td class=""data_0_0"">194</td><td class=""data_0_0"">11/11 13:00</td><td class=""data_0_0"">194</td><td class=""data_0_0"">11/12 13:00</td><td class=""data_0_0"">194</td><td class=""data_0_0"">11/13 13:00</td></tr>"
勝浦,47674,1980,117.0,10/15 04:00,117,False,True,data_0_0,mtx,"<tr class=""mtx"" style=""text-align:right;""><td style=""white-space:nowrap""><div class=""a_print""><a href=""monthly_s1.php?prec_no=45&amp;block_no=47674&amp;year=1980&amp;month=&amp;day=&amp;view=a5"">1980</a></div></td><td class=""data_0_0"">51</td><td class=""data_0_0""> 8/19 04:00</td><td class=""data_0_0"">82</td><td class=""data_0_0""> 8/19 05:00</td><td class=""data_0_0"">102</td><td class=""data_0_0"">10/14 23:00</td><td class=""data_0_0"">112</td><td class=""data_0_0"">10/15 03:00</td><td class=""data_0_0"">117</td><td class=""data_0_0"">10/15 04:00</td><td class=""data_0_0"">130</td><td class=""data_0_0"">10/21 18:00</td><td class=""data_0_0"">149</td><td class=""data_0_0"">10/17 15:00</td></tr>"
勝浦,47674,1981,144.0,11/03 11:00,144,False,True,data_0_0,mtx,"<tr class=""mtx"" style=""text-align:right;""><td style=""white-space:nowrap""><div class=""a_print""><a href=""monthly_s1.php?prec_no=45&amp;block_no=47674&amp;year=1981&amp;month=&amp;day=&amp;view=a5"">1981</a></div></td><td class=""data_0_0"">46</td><td class=""data_0_0"">11/02 16:00</td><td class=""data_0_0"">80</td><td class=""data_0_0"">11/02 16:00</td><td class=""data_0_0"">96</td><td class=""data_0_0"">11/02 17:00</td><td class=""data_0_0"">118</td><td class=""data_0_0"">11/02 23:00</td><td class=""data_0_0"">144</td><td class=""data_0_0"">11/03 11:00</td><td class=""data_0_0"">154</td><td class=""data_0_0"">11/03 02:00</td><td class=""data_0_0"">161</td><td class=""data_0_0"">11/04 01:00</td></tr>"
勝浦,47674,1982,103.0,10/09 08:00,103,False,True,data_0_0,mtx,"<tr class=""mtx"" style=""text-align:right;""><td style=""white-space:nowrap""><div class=""a_print""><a href=""monthly_s1.php?prec_no=45&amp;block_no=47674&amp;year=1982&amp;month=&amp;day=&amp;view=a5"">1982</a></div></td><td class=""data_0_0"">28</td><td class=""data_0_0""> 9/07 09:00</td><td class=""data_0_0"">48</td><td class=""data_0_0""> 9/07 09:00</td><td class=""data_0_0"">62</td><td class=""data_0_0""> 9/07 10:00</td><td class=""data_0_0"">81</td><td class=""data_0_0"">10/09 08:00</td><td class=""data_0_0"">103</td><td class=""data_0_0"">10/09 08:00</td><td class=""data_0_0"">128</td><td class=""data_0_0"">10/09 18:00</td><td class=""data_0_0"">137</td><td class=""data_0_0"">10/09 08:00</td></tr>"
勝浦,47674,1983,131.0,2/17 24:00,131,False,True,data_0_0,mtx,"<tr class=""mtx"" style=""text-align:right;""><td style=""white-space:nowrap""><div class=""a_print""><a href=""monthly_s1.php?prec_no=45&amp;block_no=47674&amp;year=1983&amp;month=&amp;day=&amp;view=a5"">1983</a></div></td><td class=""data_0_0"">38</td><td class=""data_0_0""> 4/11 04:00</td><td class=""data_0_0"">77</td><td class=""data_0_0""> 4/11 05:00</td><td class=""data_0_0"">95</td><td class=""data_0_0"">10/11 13:00</td><td class=""data_0_0"">109</td><td class=""data_0_0"">10/11 15:00</td><td class=""data_0_0"">131</td><td class=""data_0_0""> 2/17 24:00</td><td class=""data_0_0"">141</td><td class=""data_0_0""> 8/16 18:00</td><td class=""data_0_0"">215</td><td class=""data_0_0""> 8/18 04:00</td></tr>"
勝浦,47674,1984,78.0,6/01 24:00,78,False,True,data_0_0,mtx,"<tr class=""mtx"" style=""text-align:right;""><td style=""white-space:nowrap""><div class=""a_print""><a href=""monthly_s1.php?prec_no=45&amp;block_no=47674&amp;year=1984&amp;month=&amp;day=&amp;view=a5"">1984</a></div></td><td class=""data_0_0"">51</td><td class=""data_0_0""> 6/01 02:00</td><td class=""data_0_0"">78</td><td class=""data_0_0""> 6/01 03:00</td><td class=""data_0_0"">78</td><td class=""data_0_0""> 6/01 06:00</td><td class=""data_0_0"">78</td><td class=""data_0_0""> 6/01 12:00</td><td class=""data_0_0"">78</td><td class=""data_0_0""> 6/01 24:00</td><td class=""data_0_0"">78</td><td class=""data_0_0""> 6/15 01:00</td><td class=""data_0_0"">112</td><td class=""data_0_0""> 6/29 17:00</td></tr>"
勝浦,47674,1985,154.0,2/20 04:00,154,False,True,data_0_0,mtx,"<tr class=""mtx"" style=""text-align:right;""><td style=""white-space:nowrap""><div class=""a_print""><a href=""monthly_s1.php?prec_no=45&amp;block_no=47674&amp;year=1985&amp;month=&amp;day=&amp;view=a5"">1985</a></div></td><td class=""data_0_0"">36</td><td class=""data_0_0""> 7/14 22:00</td><td class=""data_0_0"">92</td><td class=""data_0_0""> 2/20 01:00</td><td class=""data_0_0"">120</td><td class=""data_0_0""> 2/20 01:00</td><td class=""data_0_0"">137</td><td class=""data_0_0""> 2/20 04:00</td><td class=""data_0_0"">154</td><td class=""data_0_0""> 2/20 04:00</td><td class=""data_0_0"">155</td><td class=""data_0_0""> 2/21 03:00</td><td class=""data_0_0"">168</td><td class=""data_0_0""> 7/02 22:00</td></tr>"
勝浦,47674,1986,213.0,8/05 03:00,213,False,True,data_0_0,mtx,"<tr class=""mtx"" style=""text-align:right;""><td style=""white-space:nowrap""><div class=""a_print""><a href=""monthly_s1.php?prec_no=45&amp;block_no=47674&amp;year=1986&amp;month=&amp;day=&amp;view=a5"">1986</a></div></td><td class=""data_0_0"">34</td><td class=""data_0_0""> 3/23 14:00</td><td class=""data_0_0"">68</td><td class=""data_0_0""> 8/04 16:00</td><td class=""data_0_0"">92</td><td class=""data_0_0""> 8/04 17:00</td><td class=""data_0_0"">139</td><td class=""data_0_0""> 8/04 22:00</td><td class=""data_0_0"">213</td><td class=""data_0_0""> 8/05 03:00</td><td class=""data_0_0"">221</td><td class=""data_0_0""> 8/06 02:00</td><td class=""data_0_0"">223</td><td class=""data_0_0""> 8/05 05:00</td></tr>"
勝浦,47674,1987,132.0,9/17 14:00,132,False,True,data_0_0,mtx,"<tr class=""mtx"" style=""text-align:right;""><td style=""white-space:nowrap""><div class=""a_print""><a href=""monthly_s1.php?prec_no=45&amp;block_no=47674&amp;year=1987&amp;month=&amp;day=&amp;view=a5"">1987</a></div></td><td class=""data_0_0"">27</td><td class=""data_0_0""> 9/19 23:00</td><td class=""data_0_0"">54</td><td class=""data_0_0""> 9/19 24:00</td><td class=""data_0_0"">71</td><td class=""data_0_0""> 9/20 03:00</td><td class=""data_0_0"">103</td><td class=""data_0_0""> 9/17 06:00</td><td class=""data_0_0"">132</td><td class=""data_0_0""> 9/17 14:00</td><td class=""data_0_0"">132</td><td class=""data_0_0""> 9/18 14:00</td><td class=""data_0_0"">146</td><td class=""data_0_0""> 9/19 14:00</td></tr>"
勝浦,47674,1988,164.0,9/26 07:00,164,False,True,data_0_0,mtx,"<tr class=""mtx"" style=""text-align:right;""><td style=""white-space:nowrap""><div class=""a_print""><a href=""monthly_s1.php?prec_no=45&amp;block_no=47674&amp;year=1988&amp;month=&amp;day=&amp;view=a5"">1988</a></div></td><td class=""data_0_0"">46</td><td class=""data_0_0"">10/06 06:00</td><td class=""data_0_0"">87</td><td class=""data_0_0"">10/06 06:00</td><td class=""data_0_0"">129</td><td class=""data_0_0""> 9/26 01:00</td><td class=""data_0_0"">151</td><td class=""data_0_0""> 9/26 02:00</td><td class=""data_0_0"">164</td><td class=""data_0_0""> 9/26 07:00</td><td class=""data_0_0"">185</td><td class=""data_0_0""> 9/27 07:00</td><td class=""data_0_0"">302</td><td class=""data_0_0""> 9/28 12:00</td></tr>"
勝浦,47674,1989,157.0,8/01 18:00,157,False,True,data_0_0,mtx,"<tr class=""mtx"" style=""text-align:right;""><td style=""white-space:nowrap""><div class=""a_print""><a href=""monthly_s1.php?prec_no=45&amp;block_no=47674&amp;year=1989&amp;month=&amp;day=&amp;view=a5"">1989</a></div></td><td class=""data_0_0"">28</td><td class=""data_0_0""> 6/16 24:00</td><td class=""data_0_0"">72</td><td class=""data_0_0""> 6/16 24:00</td><td class=""data_0_0"">89</td><td class=""data_0_0""> 6/17 02:00</td><td class=""data_0_0"">116</td><td class=""data_0_0""> 8/01 14:00</td><td class=""data_0_0"">157</td><td class=""data_0_0""> 8/01 18:00</td><td class=""data_0_0"">192</td><td class=""data_0_0""> 6/24 23:00</td><td class=""data_0_0"">197</td><td class=""data_0_0""> 6/25 15:00</td></tr>"
勝浦,47674,1990,243.0,10/01 02:00,243,False,True,data_0_0,mtx,"<tr class=""mtx"" style=""text-align:right;""><td style=""white-space:nowrap""><div class=""a_print""><a href=""monthly_s1.php?prec_no=45&amp;block_no=47674&amp;year=1990&amp;month=&amp;day=&amp;view=a5"">1990</a></div></td><td class=""data_0_0"">50</td><td class=""data_0_0""> 9/30 19:00</td><td class=""data_0_0"">136</td><td class=""data_0_0""> 9/30 20:00</td><td class=""data_0_0"">172</td><td class=""data_0_0""> 9/30 21:00</td><td class=""data_0_0"">204</td><td class=""data_0_0""> 9/30 22:00</td><td class=""data_0_0"">243</td><td class=""data_0_0"">10/01 02:00</td><td class=""data_0_0"">243</td><td class=""data_0_0"">10/02 02:00</td><td class=""data_0_0"">249</td><td class=""data_0_0"">11/30 21:00</td></tr>"
勝浦,47674,1991,160.0,10/08 08:00,160,False,True,data_0_0,mtx,"<tr class=""mtx"" style=""text-align:right;""><td style=""white-space:nowrap""><div class=""a_print""><a href=""monthly_s1.php?prec_no=45&amp;block_no=47674&amp;year=1991&amp;month=&amp;day=&amp;view=a5"">1991</a></div></td><td class=""data_0_0"">38</td><td class=""data_0_0""> 8/20 12:00</td><td class=""data_0_0"">65</td><td class=""data_0_0""> 8/20 13:00</td><td class=""data_0_0"">79</td><td class=""data_0_0""> 8/20 13:00</td><td class=""data_0_0"">108</td><td class=""data_0_0"">10/11 24:00</td><td class=""data_0_0"">160</td><td class=""data_0_0"">10/08 08:00</td><td class=""data_0_0"">240</td><td class=""data_0_0"">10/13 10:00</td><td class=""data_0_0"">277</td><td class=""data_0_0"">10/13 17:00</td></tr>"
勝浦,47674,1992,145.0,5/10 15:00,145,False,True,data_0_0,mtx,"<tr class=""mtx"" style=""text-align:right;""><td style=""white-space:nowrap""><div class=""a_print""><a href=""monthly_s1.php?prec_no=45&amp;block_no=47674&amp;year=1992&amp;month=&amp;day=&amp;view=a5"">1992</a></div></td><td class=""data_0_0"">34</td><td class=""data_0_0"">10/20 06:00</td><td class=""data_0_0"">66</td><td class=""data_0_0"">10/20 08:00</td><td class=""data_0_0"">101</td><td class=""data_0_0"">10/20 07:00</td><td class=""data_0_0"">135</td><td class=""data_0_0""> 5/10 12:00</td><td class=""data_0_0"">145</td><td class=""data_0_0""> 5/10 15:00</td><td class=""data_0_0"">154</td><td class=""data_0_0"">10/21 13:00</td><td class=""data_0_0"">154</td><td class=""data_0_0"">10/22 13:00</td></tr>"
勝浦,47674,1993,153.0,10/22 02:00,153,False,True,data_0_0,mtx,"<tr class=""mtx"" style=""text-align:right;""><td style=""white-space:nowrap""><div class=""a_print""><a href=""monthly_s1.php?prec_no=45&amp;block_no=47674&amp;year=1993&amp;month=&amp;day=&amp;view=a5"">1993</a></div></td><td class=""data_0_0"">51</td><td class=""data_0_0"">10/21 15:00</td><td class=""data_0_0"">98</td><td class=""data_0_0"">10/21 17:00</td><td class=""data_0_0"">99</td><td class=""data_0_0"">10/21 17:00</td><td class=""data_0_0"">132</td><td class=""data_0_0"">10/21 16:00</td><td class=""data_0_0"">153</td><td class=""data_0_0"">10/22 02:00</td><td class=""data_0_0"">155</td><td class=""data_0_0"">10/21 19:00</td><td class=""data_0_0"">162</td><td class=""data_0_0""> 9/10 01:00</td></tr>"
勝浦,47674,1994,147.0,3/24 01:00,147,False,True,data_0_0,mtx,"<tr class=""mtx"" style=""text-align:right;""><td style=""white-space:nowrap""><div class=""a_print""><a href=""monthly_s1.php?prec_no=45&amp;block_no=47674&amp;year=1994&amp;month=&amp;day=&amp;view=a5"">1994</a></div></td><td class=""data_0_0"">29</td><td class=""data_0_0""> 2/21 13:00</td><td class=""data_0_0"">73</td><td class=""data_0_0""> 2/21 14:00</td><td class=""data_0_0"">94</td><td class=""data_0_0""> 2/21 15:00</td><td class=""data_0_0"">110</td><td class=""data_0_0""> 2/21 17:00</td><td class=""data_0_0"">147</td><td class=""data_0_0""> 3/24 01:00</td><td class=""data_0_0"">157</td><td class=""data_0_0""> 3/24 21:00</td><td class=""data_0_0"">157</td><td class=""data_0_0""> 3/25 21:00</td></tr>"
勝浦,47674,1995,291.0,9/17 14:00,291,False,True,data_0_0,mtx,"<tr class=""mtx"" style=""text-align:right;""><td style=""white-space:nowrap""><div class=""a_print""><a href=""monthly_s1.php?prec_no=45&amp;block_no=47674&amp;year=1995&amp;month=&amp;day=&amp;view=a5"">1995</a></div></td><td class=""data_0_0"">44</td><td class=""data_0_0""> 9/17 11:00</td><td class=""data_0_0"">112</td><td class=""data_0_0""> 9/17 11:00</td><td class=""data_0_0"">161</td><td class=""data_0_0""> 9/17 12:00</td><td class=""data_0_0"">221</td><td class=""data_0_0""> 9/17 12:00</td><td class=""data_0_0"">291</td><td class=""data_0_0""> 9/17 14:00</td><td class=""data_0_0"">323</td><td class=""data_0_0""> 9/18 04:00</td><td class=""data_0_0"">329</td><td class=""data_0_0""> 9/18 06:00</td></tr>"
勝浦,47674,1996,326.0,9/22 24:00,326,False,True,data_0_0,mtx,"<tr class=""mtx"" style=""text-align:right;""><td style=""white-space:nowrap""><div class=""a_print""><a href=""monthly_s1.php?prec_no=45&amp;block_no=47674&amp;year=1996&amp;month=&amp;day=&amp;view=a5"">1996</a></div></td><td class=""data_0_0"">78</td><td class=""data_0_0"">11/11 16:00</td><td class=""data_0_0"">135</td><td class=""data_0_0""> 9/22 15:00</td><td class=""data_0_0"">205</td><td class=""data_0_0""> 9/22 15:00</td><td class=""data_0_0"">295</td><td class=""data_0_0""> 9/22 16:00</td><td class=""data_0_0"">326</td><td class=""data_0_0""> 9/22 24:00</td><td class=""data_0_0"">326</td><td class=""data_0_0""> 9/23 24:00</td><td class=""data_0_0"">356</td><td class=""data_0_0""> 7/11 11:00</td></tr>"
勝浦,47674,1997,103.0,11/17 21:00,103,False,True,data_0_0,mtx,"<tr class=""mtx"" style=""text-align:right;""><td style=""white-space:nowrap""><div class=""a_print""><a href=""monthly_s1.php?prec_no=45&amp;block_no=47674&amp;year=1997&amp;month=&amp;day=&amp;view=a5"">1997</a></div></td><td class=""data_0_0"">50</td><td class=""data_0_0"">11/17 05:00</td><td class=""data_0_0"">76</td><td class=""data_0_0"">11/17 06:00</td><td class=""data_0_0"">82</td><td class=""data_0_0"">11/17 06:00</td><td class=""data_0_0"">89</td><td class=""data_0_0"">11/17 12:00</td><td class=""data_0_0"">103</td><td class=""data_0_0"">11/17 21:00</td><td class=""data_0_0"">125</td><td class=""data_0_0""> 7/12 24:00</td><td class=""data_0_0"">134</td><td class=""data_0_0""> 7/13 13:00</td></tr>"
勝浦,47674,1998,112.0,2/25 14:00,112,False,True,data_0_0,mtx,"<tr class=""mtx"" style=""text-align:right;""><td style=""white-space:nowrap""><div class=""a_print""><a href=""monthly_s1.php?prec_no=45&amp;block_no=47674&amp;year=1998&amp;month=&amp;day=&amp;view=a5"">1998</a></div></td><td class=""data_0_0"">29</td><td class=""data_0_0""> 2/20 24:00</td><td class=""data_0_0"">41</td><td class=""data_0_0""> 2/20 24:00</td><td class=""data_0_0"">57</td><td class=""data_0_0""> 2/20 24:00</td><td class=""data_0_0"">79</td><td class=""data_0_0""> 2/25 11:00</td><td class=""data_0_0"">112</td><td class=""data_0_0""> 2/25 14:00</td><td class=""data_0_0"">128</td><td class=""data_0_0""> 2/26 07:00</td><td class=""data_0_0"">128</td><td class=""data_0_0""> 2/27 07:00</td></tr>"
勝浦,47674,1999,195.0,10/28 10:00,195,False,True,data_0_0,mtx,"<tr class=""mtx"" style=""text-align:right;""><td style=""white-space:nowrap""><div class=""a_print""><a href=""monthly_s1.php?prec_no=45&amp;block_no=47674&amp;year=1999&amp;month=&amp;day=&amp;view=a5"">1999</a></div></td><td class=""data_0_0"">91</td><td class=""data_0_0"">10/27 18:00</td><td class=""data_0_0"">140</td><td class=""data_0_0"">10/27 18:00</td><td class=""data_0_0"">168</td><td class=""data_0_0"">10/27 21:00</td><td class=""data_0_0"">195</td><td class=""data_0_0"">10/27 22:00</td><td class=""data_0_0"">195</td><td class=""data_0_0"">10/28 10:00</td><td class=""data_0_0"">195</td><td class=""data_0_0"">10/29 10:00</td><td class=""data_0_0"">195</td><td class=""data_0_0"">10/30 10:00</td></tr>"
勝浦,47674,2000,205.0,7/08 12:00,205,False,True,data_0_0,mtx,"<tr class=""mtx"" style=""text-align:right;""><td style=""white-space:nowrap""><div class=""a_print""><a href=""monthly_s1.php?prec_no=45&amp;block_no=47674&amp;year=2000&amp;month=&amp;day=&amp;view=a5"">2000</a></div></td><td class=""data_0_0"">35</td><td class=""data_0_0""> 7/07 22:00</td><td class=""data_0_0"">83</td><td class=""data_0_0""> 7/07 22:00</td><td class=""data_0_0"">114</td><td class=""data_0_0""> 7/07 23:00</td><td class=""data_0_0"">182</td><td class=""data_0_0""> 7/08 06:00</td><td class=""data_0_0"">205</td><td class=""data_0_0""> 7/08 12:00</td><td class=""data_0_0"">207</td><td class=""data_0_0""> 7/09 04:00</td><td class=""data_0_0"">207</td><td class=""data_0_0""> 7/10 04:00</td></tr>"
勝浦,47674,2001,183.0,10/11 03:00,183,False,True,data_0_0,mtx,"<tr class=""mtx"" style=""text-align:right;""><td style=""white-space:nowrap""><div class=""a_print""><a href=""monthly_s1.php?prec_no=45&amp;block_no=47674&amp;year=2001&amp;month=&amp;day=&amp;view=a5"">2001</a></div></td><td class=""data_0_0"">43</td><td class=""data_0_0"">10/10 19:00</td><td class=""data_0_0"">109</td><td class=""data_0_0"">10/10 19:00</td><td class=""data_0_0"">161</td><td class=""data_0_0"">10/10 20:00</td><td class=""data_0_0"">177</td><td class=""data_0_0"">10/10 20:00</td><td class=""data_0_0"">183</td><td class=""data_0_0"">10/11 03:00</td><td class=""data_0_0"">203</td><td class=""data_0_0"">10/10 20:00</td><td class=""data_0_0"">242</td><td class=""data_0_0"">10/11 09:00</td></tr>"
勝浦,47674,2002,121.0,1/27 17:00,121,False,True,data_0_0,mtx,"<tr class=""mtx"" style=""text-align:right;""><td style=""white-space:nowrap""><div class=""a_print""><a href=""monthly_s1.php?prec_no=45&amp;block_no=47674&amp;year=2002&amp;month=&amp;day=&amp;view=a5"">2002</a></div></td><td class=""data_0_0"">40</td><td class=""data_0_0""> 6/15 09:00</td><td class=""data_0_0"">60</td><td class=""data_0_0""> 6/15 09:00</td><td class=""data_0_0"">81</td><td class=""data_0_0""> 6/30 05:00</td><td class=""data_0_0"">103</td><td class=""data_0_0""> 1/27 07:00</td><td class=""data_0_0"">121</td><td class=""data_0_0""> 1/27 17:00</td><td class=""data_0_0"">128</td><td class=""data_0_0""> 9/29 07:00</td><td class=""data_0_0"">150</td><td class=""data_0_0"">10/01 05:00</td></tr>"
勝浦,47674,2003,143.0,11/30 21:30,143,False,True,data_1t_0,mtx,"<tr class=""mtx"" style=""text-align:right;""><td style=""white-space:nowrap""><div class=""a_print""><a href=""monthly_s1.php?prec_no=45&amp;block_no=47674&amp;year=2003&amp;month=&amp;day=&amp;view=a5"">2003</a></div></td><td class=""data_1t_0"">46</td><td class=""data_1t_0"">11/06 05:30</td><td class=""data_1t_0"">91</td><td class=""data_1t_0"">11/06 05:40</td><td class=""data_1t_0"">115</td><td class=""data_1t_0"">11/30 10:10</td><td class=""data_1t_0"">135</td><td class=""data_1t_0"">11/30 10:40</td><td class=""data_1t_0"">143</td><td class=""data_1t_0"">11/30 21:30</td><td class=""data_1t_0"">189</td><td class=""data_1t_0""> 8/16 14:40</td><td class=""data_1t_0"">207</td><td class=""data_1t_0""> 8/16 20:10</td></tr>"
勝浦,47674,2004,334.0,10/09 16:10,334,False,True,data_0_0,mtx,"<tr class=""mtx"" style=""text-align:right;""><td style=""white-space:nowrap""><div class=""a_print""><a href=""monthly_s1.php?prec_no=45&amp;block_no=47674&amp;year=2004&amp;month=&amp;day=&amp;view=a5"">2004</a></div></td><td class=""data_0_0"">59</td><td class=""data_0_0"">10/09 04:50</td><td class=""data_0_0"">136</td><td class=""data_0_0"">10/09 05:00</td><td class=""data_0_0"">171</td><td class=""data_0_0"">10/09 07:30</td><td class=""data_0_0"">283</td><td class=""data_0_0"">10/09 07:10</td><td class=""data_0_0"">334</td><td class=""data_0_0"">10/09 16:10</td><td class=""data_0_0"">338</td><td class=""data_0_0"">10/10 13:50</td><td class=""data_0_0"">350</td><td class=""data_0_0"">10/11 12:30</td></tr>"
勝浦,47674,2005,166.0,8/26 09:40,166,False,True,data_0_0,mtx,"<tr class=""mtx"" style=""text-align:right;""><td style=""white-space:nowrap""><div class=""a_print""><a href=""monthly_s1.php?prec_no=45&amp;block_no=47674&amp;year=2005&amp;month=&amp;day=&amp;view=a5"">2005</a></div></td><td class=""data_0_0"">36</td><td class=""data_0_0""> 8/25 24:00</td><td class=""data_0_0"">60</td><td class=""data_0_0""> 8/26 01:40</td><td class=""data_0_0"">107</td><td class=""data_0_0""> 8/26 04:50</td><td class=""data_0_0"">143</td><td class=""data_0_0""> 8/26 07:30</td><td class=""data_0_0"">166</td><td class=""data_0_0""> 8/26 09:40</td><td class=""data_0_0"">195</td><td class=""data_0_0""> 8/26 22:50</td><td class=""data_0_0"">195</td><td class=""data_0_0""> 8/27 23:00</td></tr>"
勝浦,47674,2006,213.0,12/27 06:40,213,False,True,data_0_0,mtx,"<tr class=""mtx"" style=""text-align:right;""><td style=""white-space:nowrap""><div class=""a_print""><a href=""monthly_s1.php?prec_no=45&amp;block_no=47674&amp;year=2006&amp;month=&amp;day=&amp;view=a5"">2006</a></div></td><td class=""data_0_0"">66</td><td class=""data_0_0""> 9/27 12:30</td><td class=""data_0_0"">78</td><td class=""data_0_0"">12/27 01:50</td><td class=""data_0_0"">91</td><td class=""data_0_0""> 1/14 19:20</td><td class=""data_0_0"">150</td><td class=""data_0_0"">12/27 01:50</td><td class=""data_0_0"">213</td><td class=""data_0_0"">12/27 06:40</td><td class=""data_0_0"">239</td><td class=""data_0_0"">10/07 04:40</td><td class=""data_0_0"">243</td><td class=""data_0_0"">10/07 07:50</td></tr>"
勝浦,47674,2007,338.0,7/15 11:40,338,False,True,data_0_0,mtx,"<tr class=""mtx"" style=""text-align:right;""><td style=""white-space:nowrap""><div class=""a_print""><a href=""monthly_s1.php?prec_no=45&amp;block_no=47674&amp;year=2007&amp;month=&amp;day=&amp;view=a5"">2007</a></div></td><td class=""data_0_0"">105</td><td class=""data_0_0""> 7/14 23:20</td><td class=""data_0_0"">163</td><td class=""data_0_0""> 7/14 23:30</td><td class=""data_0_0"">248</td><td class=""data_0_0""> 7/14 23:40</td><td class=""data_0_0"">299</td><td class=""data_0_0""> 7/14 24:00</td><td class=""data_0_0"">338</td><td class=""data_0_0""> 7/15 11:40</td><td class=""data_0_0"">353</td><td class=""data_0_0""> 7/15 21:00</td><td class=""data_0_0"">361</td><td class=""data_0_0""> 7/17 08:50</td></tr>"
勝浦,47674,2008,157.0,6/22 06:10,157.0,False,True,data_0_0,mtx,"<tr class=""mtx"" style=""text-align:right;""><td style=""white-space:nowrap""><div class=""a_print""><a href=""monthly_s1.php?prec_no=45&amp;block_no=47674&amp;year=2008&amp;month=&amp;day=&amp;view=a5"">2008</a></div></td><td class=""data_0_0"">40.5</td><td class=""data_0_0""> 6/22 21:10</td><td class=""data_0_0"">59.0</td><td class=""data_0_0""> 6/22 21:30</td><td class=""data_0_0"">86.5</td><td class=""data_0_0""> 9/20 05:10</td><td class=""data_0_0"">108.0</td><td class=""data_0_0""> 9/20 06:50</td><td class=""data_0_0"">157.0</td><td class=""data_0_0""> 6/22 06:10</td><td class=""data_0_0"">252.0</td><td class=""data_0_0""> 6/22 23:10</td><td class=""data_0_0"">264.5</td><td class=""data_0_0""> 6/23 09:40</td></tr>"
勝浦,47674,2009,162.0,8/31 16:50,162.0,False,True,data_0_0,mtx,"<tr class=""mtx"" style=""text-align:right;""><td style=""white-space:nowrap""><div class=""a_print""><a href=""monthly_s1.php?prec_no=45&amp;block_no=47674&amp;year=2009&amp;month=&amp;day=&amp;view=a5"">2009</a></div></td><td class=""data_0_0"">30.0</td><td class=""data_0_0""> 5/05 21:40</td><td class=""data_0_0"">61.5</td><td class=""data_0_0""> 8/31 15:40</td><td class=""data_0_0"">93.5</td><td class=""data_0_0""> 8/31 15:50</td><td class=""data_0_0"">134.5</td><td class=""data_0_0""> 8/31 17:20</td><td class=""data_0_0"">162.0</td><td class=""data_0_0""> 8/31 16:50</td><td class=""data_0_0"">183.0</td><td class=""data_0_0""> 9/01 07:20</td><td class=""data_0_0"">183.0</td><td class=""data_0_0""> 9/02 07:20</td></tr>"
勝浦,47674,2010,195.0,9/28 01:40,195.0,False,True,data_0_0,mtx,"<tr class=""mtx"" style=""text-align:right;""><td style=""white-space:nowrap""><div class=""a_print""><a href=""monthly_s1.php?prec_no=45&amp;block_no=47674&amp;year=2010&amp;month=&amp;day=&amp;view=a5"">2010</a></div></td><td class=""data_0_0"">34.0</td><td class=""data_0_0""> 9/27 07:40</td><td class=""data_0_0"">78.0</td><td class=""data_0_0""> 9/27 09:30</td><td class=""data_0_0"">116.5</td><td class=""data_0_0""> 9/27 10:00</td><td class=""data_0_0"">140.5</td><td class=""data_0_0""> 9/27 15:00</td><td class=""data_0_0"">195.0</td><td class=""data_0_0""> 9/28 01:40</td><td class=""data_0_0"">251.5</td><td class=""data_0_0""> 9/28 22:10</td><td class=""data_0_0"">254.5</td><td class=""data_0_0""> 9/30 03:10</td></tr>"
勝浦,47674,2011,166.5,10/22 20:00,166.5,False,True,data_0_0,mtx,"<tr class=""mtx"" style=""text-align:right;""><td style=""white-space:nowrap""><div class=""a_print""><a href=""monthly_s1.php?prec_no=45&amp;block_no=47674&amp;year=2011&amp;month=&amp;day=&amp;view=a5"">2011</a></div></td><td class=""data_0_0"">63.5</td><td class=""data_0_0"">10/22 06:10</td><td class=""data_0_0"">99.5</td><td class=""data_0_0"">10/22 06:40</td><td class=""data_0_0"">130.5</td><td class=""data_0_0"">10/22 07:10</td><td class=""data_0_0"">158.0</td><td class=""data_0_0"">10/22 08:50</td><td class=""data_0_0"">166.5</td><td class=""data_0_0"">10/22 20:00</td><td class=""data_0_0"">179.0</td><td class=""data_0_0"">10/23 20:00</td><td class=""data_0_0"">179.0</td><td class=""data_0_0"">10/24 20:00</td></tr>"
勝浦,47674,2012,104.0,10/04 06:30,104.0,False,True,data_0_0,mtx,"<tr class=""mtx"" style=""text-align:right;""><td style=""white-space:nowrap""><div class=""a_print""><a href=""monthly_s1.php?prec_no=45&amp;block_no=47674&amp;year=2012&amp;month=&amp;day=&amp;view=a5"">2012</a></div></td><td class=""data_0_0"">43.0</td><td class=""data_0_0""> 9/12 00:40</td><td class=""data_0_0"">63.0</td><td class=""data_0_0""> 7/03 21:40</td><td class=""data_0_0"">92.0</td><td class=""data_0_0""> 7/03 23:10</td><td class=""data_0_0"">102.0</td><td class=""data_0_0""> 7/04 04:40</td><td class=""data_0_0"">104.0</td><td class=""data_0_0"">10/04 06:30</td><td class=""data_0_0"">134.0</td><td class=""data_0_0"">10/05 00:10</td><td class=""data_0_0"">136.0</td><td class=""data_0_0"">10/05 15:50</td></tr>"
勝浦,47674,2013,249.5,10/16 11:50,249.5,False,True,data_0_0,mtx,"<tr class=""mtx"" style=""text-align:right;""><td style=""white-space:nowrap""><div class=""a_print""><a href=""monthly_s1.php?prec_no=45&amp;block_no=47674&amp;year=2013&amp;month=&amp;day=&amp;view=a5"">2013</a></div></td><td class=""data_0_0"">49.0</td><td class=""data_0_0"">10/15 20:10</td><td class=""data_0_0"">79.5</td><td class=""data_0_0"">10/15 20:40</td><td class=""data_0_0"">108.0</td><td class=""data_0_0"">10/15 20:40</td><td class=""data_0_0"">186.0</td><td class=""data_0_0"">10/16 06:50</td><td class=""data_0_0"">249.5</td><td class=""data_0_0"">10/16 11:50</td><td class=""data_0_0"">251.0</td><td class=""data_0_0"">10/16 17:30</td><td class=""data_0_0"">251.0</td><td class=""data_0_0"">10/17 17:30</td></tr>"
勝浦,47674,2014,253.5,2/15 06:40,253.5,False,True,data_0_0,mtx,"<tr class=""mtx"" style=""text-align:right;""><td style=""white-space:nowrap""><div class=""a_print""><a href=""monthly_s1.php?prec_no=45&amp;block_no=47674&amp;year=2014&amp;month=&amp;day=&amp;view=a5"">2014</a></div></td><td class=""data_0_0"">42.5</td><td class=""data_0_0""> 9/10 15:30</td><td class=""data_0_0"">70.5</td><td class=""data_0_0""> 2/15 03:00</td><td class=""data_0_0"">110.0</td><td class=""data_0_0""> 2/15 03:00</td><td class=""data_0_0"">183.0</td><td class=""data_0_0""> 2/15 03:20</td><td class=""data_0_0"">253.5</td><td class=""data_0_0""> 2/15 06:40</td><td class=""data_0_0"">256.5</td><td class=""data_0_0""> 2/16 02:50</td><td class=""data_0_0"">256.5</td><td class=""data_0_0""> 2/17 02:50</td></tr>"
勝浦,47674,2015,112.5,7/04 03:00,112.5,False,True,data_0_0,mtx,"<tr class=""mtx"" style=""text-align:right;""><td style=""white-space:nowrap""><div class=""a_print""><a href=""monthly_s1.php?prec_no=45&amp;block_no=47674&amp;year=2015&amp;month=&amp;day=&amp;view=a5"">2015</a></div></td><td class=""data_0_0"">58.0</td><td class=""data_0_0""> 9/07 03:20</td><td class=""data_0_0"">69.0</td><td class=""data_0_0""> 9/07 05:20</td><td class=""data_0_0"">74.5</td><td class=""data_0_0""> 9/07 06:10</td><td class=""data_0_0"">78.5</td><td class=""data_0_0""> 7/03 15:00</td><td class=""data_0_0"">112.5</td><td class=""data_0_0""> 7/04 03:00</td><td class=""data_0_0"">166.0</td><td class=""data_0_0""> 9/18 17:40</td><td class=""data_0_0"">181.0</td><td class=""data_0_0""> 9/10 21:00</td></tr>"
勝浦,47674,2016,167.0,9/23 02:00,167.0,False,True,data_0_0,mtx,"<tr class=""mtx"" style=""text-align:right;""><td style=""white-space:nowrap""><div class=""a_print""><a href=""monthly_s1.php?prec_no=45&amp;block_no=47674&amp;year=2016&amp;month=&amp;day=&amp;view=a5"">2016</a></div></td><td class=""data_0_0"">68.5</td><td class=""data_0_0""> 8/16 21:10</td><td class=""data_0_0"">126.5</td><td class=""data_0_0""> 9/22 12:30</td><td class=""data_0_0"">161.5</td><td class=""data_0_0""> 9/22 13:00</td><td class=""data_0_0"">165.5</td><td class=""data_0_0""> 9/22 14:00</td><td class=""data_0_0"">167.0</td><td class=""data_0_0""> 9/23 02:00</td><td class=""data_0_0"">196.0</td><td class=""data_0_0""> 9/22 13:40</td><td class=""data_0_0"">233.0</td><td class=""data_0_0""> 9/22 17:00</td></tr>"
勝浦,47674,2017,203.5,10/23 02:40,203.5,False,True,data_0_0,mtx,"<tr class=""mtx"" style=""text-align:right;""><td style=""white-space:nowrap""><div class=""a_print""><a href=""monthly_s1.php?prec_no=45&amp;block_no=47674&amp;year=2017&amp;month=&amp;day=&amp;view=a5"">2017</a></div></td><td class=""data_0_0"">34.0</td><td class=""data_0_0"">10/22 14:00</td><td class=""data_0_0"">88.5</td><td class=""data_0_0"">10/22 14:00</td><td class=""data_0_0"">120.5</td><td class=""data_0_0"">10/22 14:50</td><td class=""data_0_0"">172.5</td><td class=""data_0_0"">10/22 15:30</td><td class=""data_0_0"">203.5</td><td class=""data_0_0"">10/23 02:40</td><td class=""data_0_0"">211.5</td><td class=""data_0_0"">10/23 08:50</td><td class=""data_0_0"">213.0</td><td class=""data_0_0"">10/22 15:30</td></tr>"
勝浦,47674,2018,149.5,11/22 20:30,149.5 ],False,False,data_0_0,mtx,"<tr class=""mtx"" style=""text-align:right;""><td style=""white-space:nowrap""><div class=""a_print""><a href=""monthly_s1.php?prec_no=45&amp;block_no=47674&amp;year=2018&amp;month=&amp;day=&amp;view=a5"">2018</a></div></td><td class=""data_0_0"">43.0 ]</td><td class=""data_0_0"">11/22 02:50</td><td class=""data_0_0"">84.5 ]</td><td class=""data_0_0"">11/22 04:20</td><td class=""data_0_0"">126.5 ]</td><td class=""data_0_0"">11/22 05:20</td><td class=""data_0_0"">148.5 ]</td><td class=""data_0_0"">11/22 08:30</td><td class=""data_0_0"">149.5 ]</td><td class=""data_0_0"">11/22 20:30</td><td class=""data_0_0"">149.5 ]</td><td class=""data_0_0"">11/23 20:30</td><td class=""data_0_0"">152.5 ]</td><td class=""data_0_0"">11/22 16:50</td></tr>"
勝浦,47674,2019,135.5,11/23 21:30,135.5,False,True,data_0_0,mtx,"<tr class=""mtx"" style=""text-align:right;""><td style=""white-space:nowrap""><div class=""a_print""><a href=""monthly_s1.php?prec_no=45&amp;block_no=47674&amp;year=2019&amp;month=&amp;day=&amp;view=a5"">2019</a></div></td><td class=""data_0_0"">41.5</td><td class=""data_0_0""> 6/15 13:20</td><td class=""data_0_0"">75.0</td><td class=""data_0_0"">10/22 04:50</td><td class=""data_0_0"">101.0</td><td class=""data_0_0"">10/22 07:00</td><td class=""data_0_0"">109.5</td><td class=""data_0_0"">10/22 08:00</td><td class=""data_0_0"">135.5</td><td class=""data_0_0"">11/23 21:30</td><td class=""data_0_0"">176.0</td><td class=""data_0_0"">11/24 10:30</td><td class=""data_0_0"">176.0</td><td class=""data_0_0"">11/25 10:30</td></tr>"
勝浦,47674,2020,126.0,7/18 20:50,126.0,False,True,data_0_0,mtx,"<tr class=""mtx"" style=""text-align:right;""><td style=""white-space:nowrap""><div class=""a_print""><a href=""monthly_s1.php?prec_no=45&amp;block_no=47674&amp;year=2020&amp;month=&amp;day=&amp;view=a5"">2020</a></div></td><td class=""data_0_0"">30.0</td><td class=""data_0_0""> 7/18 08:40</td><td class=""data_0_0"">56.0</td><td class=""data_0_0""> 7/18 10:10</td><td class=""data_0_0"">93.0</td><td class=""data_0_0""> 7/18 13:30</td><td class=""data_0_0"">118.5</td><td class=""data_0_0""> 7/18 13:40</td><td class=""data_0_0"">126.0</td><td class=""data_0_0""> 7/18 20:50</td><td class=""data_0_0"">183.0</td><td class=""data_0_0""> 7/19 05:20</td><td class=""data_0_0"">188.5</td><td class=""data_0_0"">10/10 23:30</td></tr>"
勝浦,47674,2021,274.0,10/01 19:40,274.0,False,True,data_0_0,mtx,"<tr class=""mtx"" style=""text-align:right;""><td style=""white-space:nowrap""><div class=""a_print""><a href=""monthly_s1.php?prec_no=45&amp;block_no=47674&amp;year=2021&amp;month=&amp;day=&amp;view=a5"">2021</a></div></td><td class=""data_0_0"">58.0</td><td class=""data_0_0""> 8/08 11:40</td><td class=""data_0_0"">137.5</td><td class=""data_0_0""> 8/08 11:40</td><td class=""data_0_0"">205.0</td><td class=""data_0_0""> 8/08 14:10</td><td class=""data_0_0"">249.5</td><td class=""data_0_0""> 8/08 16:30</td><td class=""data_0_0"">274.0</td><td class=""data_0_0"">10/01 19:40</td><td class=""data_0_0"">281.0</td><td class=""data_0_0"">10/03 00:50</td><td class=""data_0_0"">362.0</td><td class=""data_0_0""> 7/04 01:50</td></tr>"
勝浦,47674,2022,90.5,5/14 09:00,90.5,False,True,data_0_0,mtx,"<tr class=""mtx"" style=""text-align:right;""><td style=""white-space:nowrap""><div class=""a_print""><a href=""monthly_s1.php?prec_no=45&amp;block_no=47674&amp;year=2022&amp;month=&amp;day=&amp;view=a5"">2022</a></div></td><td class=""data_0_0"">41.0</td><td class=""data_0_0""> 8/13 19:50</td><td class=""data_0_0"">50.5</td><td class=""data_0_0""> 8/13 20:00</td><td class=""data_0_0"">63.0</td><td class=""data_0_0""> 7/19 16:20</td><td class=""data_0_0"">71.0</td><td class=""data_0_0""> 8/14 02:00</td><td class=""data_0_0"">90.5</td><td class=""data_0_0""> 5/14 09:00</td><td class=""data_0_0"">134.0</td><td class=""data_0_0""> 5/14 17:50</td><td class=""data_0_0"">150.5 ]</td><td class=""data_0_0""> 5/16 04:40</td></tr>"
勝浦,47674,2023,178.0,9/08 19:00,178.0,False,True,data_0_0,mtx,"<tr class=""mtx"" style=""text-align:right;""><td style=""white-space:nowrap""><div class=""a_print""><a href=""monthly_s1.php?prec_no=45&amp;block_no=47674&amp;year=2023&amp;month=&amp;day=&amp;view=a5"">2023</a></div></td><td class=""data_0_0"">44.0</td><td class=""data_0_0"">10/15 11:40</td><td class=""data_0_0"">84.5</td><td class=""data_0_0"">10/15 12:00</td><td class=""data_0_0"">115.0</td><td class=""data_0_0""> 9/08 09:50</td><td class=""data_0_0"">163.0</td><td class=""data_0_0""> 9/08 13:40</td><td class=""data_0_0"">178.0</td><td class=""data_0_0""> 9/08 19:00</td><td class=""data_0_0"">187.0</td><td class=""data_0_0""> 9/08 18:00</td><td class=""data_0_0"">193.5</td><td class=""data_0_0""> 9/09 18:00</td></tr>"
勝浦,47674,2024,158.5,8/17 02:40,158.5,False,True,data_0_0,mtx,"<tr class=""mtx"" style=""text-align:right;""><td style=""white-space:nowrap""><div class=""a_print""><a href=""monthly_s1.php?prec_no=45&amp;block_no=47674&amp;year=2024&amp;month=&amp;day=&amp;view=a5"">2024</a></div></td><td class=""data_0_0"">34.5</td><td class=""data_0_0""> 1/21 09:20</td><td class=""data_0_0"">73.5</td><td class=""data_0_0""> 1/21 09:20</td><td class=""data_0_0"">81.0</td><td class=""data_0_0""> 1/21 11:20</td><td class=""data_0_0"">121.0</td><td class=""data_0_0""> 8/16 22:40</td><td class=""data_0_0"">158.5</td><td class=""data_0_0""> 8/17 02:40</td><td class=""data_0_0"">158.5</td><td class=""data_0_0""> 8/18 02:40</td><td class=""data_0_0"">158.5</td><td class=""data_0_0""> 8/19 02:40</td></tr>"
勝浦,47674,2025,126.0,9/06 03:30,126.0,False,True,data_0_0,mtx,"<tr class=""mtx"" style=""text-align:right;""><td style=""white-space:nowrap""><div class=""a_print""><a href=""monthly_s1.php?prec_no=45&amp;block_no=47674&amp;year=2025&amp;month=&amp;day=&amp;view=a5"">2025</a></div></td><td class=""data_0_0"">47.0</td><td class=""data_0_0""> 9/05 16:40</td><td class=""data_0_0"">76.5</td><td class=""data_0_0""> 9/05 16:40</td><td class=""data_0_0"">90.0</td><td class=""data_0_0""> 9/05 16:40</td><td class=""data_0_0"">124.0</td><td class=""data_0_0""> 9/05 17:40</td><td class=""data_0_0"">126.0</td><td class=""data_0_0""> 9/06 03:30</td><td class=""data_0_0"">130.5</td><td class=""data_0_0""> 9/06 11:30</td><td class=""data_0_0"">140.0</td><td class=""data_0_0""> 4/04 00:10</td></tr>"
館山,47672,1976,151.0,7/12 06:00,151,False,True,data_0_0,mtx,"<tr class=""mtx"" style=""text-align:right;""><td style=""white-space:nowrap""><div class=""a_print""><a href=""monthly_s1.php?prec_no=45&amp;block_no=47672&amp;year=1976&amp;month=&amp;day=&amp;view=a5"">1976</a></div></td><td class=""data_0_0"">30</td><td class=""data_0_0""> 6/22 03:00</td><td class=""data_0_0"">50</td><td class=""data_0_0""> 6/22 04:00</td><td class=""data_0_0"">69</td><td class=""data_0_0""> 3/27 05:00</td><td class=""data_0_0"">129</td><td class=""data_0_0""> 3/27 11:00</td><td class=""data_0_0"">151</td><td class=""data_0_0""> 7/12 06:00</td><td class=""data_0_0"">156</td><td class=""data_0_0""> 7/12 13:00</td><td class=""data_0_0"">157</td><td class=""data_0_0""> 7/13 13:00</td></tr>"
館山,47672,1977,123.0,3/31 03:00,123,False,True,data_0_0,mtx,"<tr class=""mtx"" style=""text-align:right;""><td style=""white-space:nowrap""><div class=""a_print""><a href=""monthly_s1.php?prec_no=45&amp;block_no=47672&amp;year=1977&amp;month=&amp;day=&amp;view=a5"">1977</a></div></td><td class=""data_0_0"">44</td><td class=""data_0_0""> 7/07 04:00</td><td class=""data_0_0"">51</td><td class=""data_0_0""> 9/27 04:00</td><td class=""data_0_0"">71</td><td class=""data_0_0""> 9/27 05:00</td><td class=""data_0_0"">82</td><td class=""data_0_0""> 9/27 06:00</td><td class=""data_0_0"">123</td><td class=""data_0_0""> 3/31 03:00</td><td class=""data_0_0"">137</td><td class=""data_0_0""> 8/18 12:00</td><td class=""data_0_0"">188</td><td class=""data_0_0""> 8/19 16:00</td></tr>"
館山,47672,1978,98.0,6/24 02:00,98,False,True,data_0_0,mtx,"<tr class=""mtx"" style=""text-align:right;""><td style=""white-space:nowrap""><div class=""a_print""><a href=""monthly_s1.php?prec_no=45&amp;block_no=47672&amp;year=1978&amp;month=&amp;day=&amp;view=a5"">1978</a></div></td><td class=""data_0_0"">28</td><td class=""data_0_0""> 9/30 04:00</td><td class=""data_0_0"">53</td><td class=""data_0_0""> 5/19 05:00</td><td class=""data_0_0"">71</td><td class=""data_0_0""> 5/19 08:00</td><td class=""data_0_0"">91</td><td class=""data_0_0""> 6/23 15:00</td><td class=""data_0_0"">98</td><td class=""data_0_0""> 6/24 02:00</td><td class=""data_0_0"">101</td><td class=""data_0_0""> 6/25 02:00</td><td class=""data_0_0"">106</td><td class=""data_0_0""> 6/26 02:00</td></tr>"
館山,47672,1979,123.0,11/29 16:00,123,False,True,data_0_0,mtx,"<tr class=""mtx"" style=""text-align:right;""><td style=""white-space:nowrap""><div class=""a_print""><a href=""monthly_s1.php?prec_no=45&amp;block_no=47672&amp;year=1979&amp;month=&amp;day=&amp;view=a5"">1979</a></div></td><td class=""data_0_0"">41</td><td class=""data_0_0"">11/28 22:00</td><td class=""data_0_0"">79</td><td class=""data_0_0"">11/28 23:00</td><td class=""data_0_0"">106</td><td class=""data_0_0"">11/28 24:00</td><td class=""data_0_0"">123</td><td class=""data_0_0"">11/29 04:00</td><td class=""data_0_0"">123</td><td class=""data_0_0"">11/29 16:00</td><td class=""data_0_0"">129</td><td class=""data_0_0"">10/08 04:00</td><td class=""data_0_0"">152</td><td class=""data_0_0""> 2/01 19:00</td></tr>"
館山,47672,1980,138.0,8/03 09:00,138,False,True,data_0_0,mtx,"<tr class=""mtx"" style=""text-align:right;""><td style=""white-space:nowrap""><div class=""a_print""><a href=""monthly_s1.php?prec_no=45&amp;block_no=47672&amp;year=1980&amp;month=&amp;day=&amp;view=a5"">1980</a></div></td><td class=""data_0_0"">37</td><td class=""data_0_0"">10/19 19:00</td><td class=""data_0_0"">82</td><td class=""data_0_0"">10/14 20:00</td><td class=""data_0_0"">97</td><td class=""data_0_0"">10/14 23:00</td><td class=""data_0_0"">103</td><td class=""data_0_0"">10/15 02:00</td><td class=""data_0_0"">138</td><td class=""data_0_0""> 8/03 09:00</td><td class=""data_0_0"">167</td><td class=""data_0_0"">10/21 16:00</td><td class=""data_0_0"">167</td><td class=""data_0_0"">10/22 16:00</td></tr>"
館山,47672,1981,152.0,10/23 05:00,152,False,True,data_0_0,mtx,"<tr class=""mtx"" style=""text-align:right;""><td style=""white-space:nowrap""><div class=""a_print""><a href=""monthly_s1.php?prec_no=45&amp;block_no=47672&amp;year=1981&amp;month=&amp;day=&amp;view=a5"">1981</a></div></td><td class=""data_0_0"">42</td><td class=""data_0_0""> 7/22 19:00</td><td class=""data_0_0"">53</td><td class=""data_0_0""> 7/22 21:00</td><td class=""data_0_0"">77</td><td class=""data_0_0"">10/22 24:00</td><td class=""data_0_0"">123</td><td class=""data_0_0"">10/22 24:00</td><td class=""data_0_0"">152</td><td class=""data_0_0"">10/23 05:00</td><td class=""data_0_0"">152</td><td class=""data_0_0"">10/24 05:00</td><td class=""data_0_0"">152</td><td class=""data_0_0"">10/25 05:00</td></tr>"
館山,47672,1982,162.0,9/12 16:00,162,False,True,data_0_0,mtx,"<tr class=""mtx"" style=""text-align:right;""><td style=""white-space:nowrap""><div class=""a_print""><a href=""monthly_s1.php?prec_no=45&amp;block_no=47672&amp;year=1982&amp;month=&amp;day=&amp;view=a5"">1982</a></div></td><td class=""data_0_0"">31</td><td class=""data_0_0""> 9/25 10:00</td><td class=""data_0_0"">65</td><td class=""data_0_0""> 7/17 08:00</td><td class=""data_0_0"">88</td><td class=""data_0_0""> 7/17 09:00</td><td class=""data_0_0"">106</td><td class=""data_0_0""> 7/17 13:00</td><td class=""data_0_0"">162</td><td class=""data_0_0""> 9/12 16:00</td><td class=""data_0_0"">174</td><td class=""data_0_0""> 9/12 20:00</td><td class=""data_0_0"">190</td><td class=""data_0_0""> 9/12 23:00</td></tr>"
館山,47672,1983,115.0,10/12 02:00,115,False,True,data_0_0,mtx,"<tr class=""mtx"" style=""text-align:right;""><td style=""white-space:nowrap""><div class=""a_print""><a href=""monthly_s1.php?prec_no=45&amp;block_no=47672&amp;year=1983&amp;month=&amp;day=&amp;view=a5"">1983</a></div></td><td class=""data_0_0"">39</td><td class=""data_0_0"">10/11 10:00</td><td class=""data_0_0"">75</td><td class=""data_0_0"">10/11 11:00</td><td class=""data_0_0"">98</td><td class=""data_0_0"">10/11 11:00</td><td class=""data_0_0"">115</td><td class=""data_0_0"">10/11 14:00</td><td class=""data_0_0"">115</td><td class=""data_0_0"">10/12 02:00</td><td class=""data_0_0"">136</td><td class=""data_0_0""> 7/08 12:00</td><td class=""data_0_0"">168</td><td class=""data_0_0"">10/11 22:00</td></tr>"
館山,47672,1984,110.0,6/14 01:00,110,False,True,data_0_0,mtx,"<tr class=""mtx"" style=""text-align:right;""><td style=""white-space:nowrap""><div class=""a_print""><a href=""monthly_s1.php?prec_no=45&amp;block_no=47672&amp;year=1984&amp;month=&amp;day=&amp;view=a5"">1984</a></div></td><td class=""data_0_0"">22</td><td class=""data_0_0""> 6/13 04:00</td><td class=""data_0_0"">48</td><td class=""data_0_0""> 8/21 15:00</td><td class=""data_0_0"">57</td><td class=""data_0_0""> 6/13 07:00</td><td class=""data_0_0"">97</td><td class=""data_0_0""> 6/13 13:00</td><td class=""data_0_0"">110</td><td class=""data_0_0""> 6/14 01:00</td><td class=""data_0_0"">120</td><td class=""data_0_0""> 6/15 01:00</td><td class=""data_0_0"">128</td><td class=""data_0_0""> 6/14 20:00</td></tr>"
館山,47672,1985,123.0,2/09 21:00,123,False,True,data_0_0,mtx,"<tr class=""mtx"" style=""text-align:right;""><td style=""white-space:nowrap""><div class=""a_print""><a href=""monthly_s1.php?prec_no=45&amp;block_no=47672&amp;year=1985&amp;month=&amp;day=&amp;view=a5"">1985</a></div></td><td class=""data_0_0"">22</td><td class=""data_0_0""> 2/09 17:00</td><td class=""data_0_0"">48</td><td class=""data_0_0""> 6/25 24:00</td><td class=""data_0_0"">72</td><td class=""data_0_0""> 6/26 02:00</td><td class=""data_0_0"">104</td><td class=""data_0_0""> 2/09 18:00</td><td class=""data_0_0"">123</td><td class=""data_0_0""> 2/09 21:00</td><td class=""data_0_0"">123</td><td class=""data_0_0""> 2/10 21:00</td><td class=""data_0_0"">135</td><td class=""data_0_0""> 7/02 22:00</td></tr>"
館山,47672,1986,207.0,8/05 03:00,207,False,True,data_0_0,mtx,"<tr class=""mtx"" style=""text-align:right;""><td style=""white-space:nowrap""><div class=""a_print""><a href=""monthly_s1.php?prec_no=45&amp;block_no=47672&amp;year=1986&amp;month=&amp;day=&amp;view=a5"">1986</a></div></td><td class=""data_0_0"">35</td><td class=""data_0_0""> 9/02 21:00</td><td class=""data_0_0"">72</td><td class=""data_0_0""> 9/02 21:00</td><td class=""data_0_0"">114</td><td class=""data_0_0""> 9/02 21:00</td><td class=""data_0_0"">141</td><td class=""data_0_0""> 8/05 01:00</td><td class=""data_0_0"">207</td><td class=""data_0_0""> 8/05 03:00</td><td class=""data_0_0"">209</td><td class=""data_0_0""> 8/06 02:00</td><td class=""data_0_0"">209</td><td class=""data_0_0""> 8/07 02:00</td></tr>"
館山,47672,1987,78.0,9/26 10:00,78,False,True,data_0_0,mtx,"<tr class=""mtx"" style=""text-align:right;""><td style=""white-space:nowrap""><div class=""a_print""><a href=""monthly_s1.php?prec_no=45&amp;block_no=47672&amp;year=1987&amp;month=&amp;day=&amp;view=a5"">1987</a></div></td><td class=""data_0_0"">26</td><td class=""data_0_0""> 7/18 08:00</td><td class=""data_0_0"">39</td><td class=""data_0_0""> 7/18 09:00</td><td class=""data_0_0"">66</td><td class=""data_0_0""> 9/26 11:00</td><td class=""data_0_0"">71</td><td class=""data_0_0""> 9/26 16:00</td><td class=""data_0_0"">78</td><td class=""data_0_0""> 9/26 10:00</td><td class=""data_0_0"">116</td><td class=""data_0_0""> 9/27 03:00</td><td class=""data_0_0"">116</td><td class=""data_0_0""> 9/28 03:00</td></tr>"
館山,47672,1988,163.0,9/26 03:00,163,False,True,data_0_0,mtx,"<tr class=""mtx"" style=""text-align:right;""><td style=""white-space:nowrap""><div class=""a_print""><a href=""monthly_s1.php?prec_no=45&amp;block_no=47672&amp;year=1988&amp;month=&amp;day=&amp;view=a5"">1988</a></div></td><td class=""data_0_0"">32</td><td class=""data_0_0""> 9/25 22:00</td><td class=""data_0_0"">84</td><td class=""data_0_0""> 9/25 23:00</td><td class=""data_0_0"">120</td><td class=""data_0_0""> 9/25 24:00</td><td class=""data_0_0"">154</td><td class=""data_0_0""> 9/26 01:00</td><td class=""data_0_0"">163</td><td class=""data_0_0""> 9/26 03:00</td><td class=""data_0_0"">192</td><td class=""data_0_0""> 9/27 06:00</td><td class=""data_0_0"">302</td><td class=""data_0_0""> 9/28 13:00</td></tr>"
館山,47672,1989,175.0,8/01 19:00,175,False,True,data_0_0,mtx,"<tr class=""mtx"" style=""text-align:right;""><td style=""white-space:nowrap""><div class=""a_print""><a href=""monthly_s1.php?prec_no=45&amp;block_no=47672&amp;year=1989&amp;month=&amp;day=&amp;view=a5"">1989</a></div></td><td class=""data_0_0"">60</td><td class=""data_0_0""> 8/25 15:00</td><td class=""data_0_0"">73</td><td class=""data_0_0""> 6/16 23:00</td><td class=""data_0_0"">82</td><td class=""data_0_0""> 6/16 23:00</td><td class=""data_0_0"">118</td><td class=""data_0_0""> 8/01 12:00</td><td class=""data_0_0"">175</td><td class=""data_0_0""> 8/01 19:00</td><td class=""data_0_0"">196</td><td class=""data_0_0""> 6/24 22:00</td><td class=""data_0_0"">202</td><td class=""data_0_0""> 6/25 13:00</td></tr>"
館山,47672,1990,199.0,10/01 02:00,199,False,True,data_0_0,mtx,"<tr class=""mtx"" style=""text-align:right;""><td style=""white-space:nowrap""><div class=""a_print""><a href=""monthly_s1.php?prec_no=45&amp;block_no=47672&amp;year=1990&amp;month=&amp;day=&amp;view=a5"">1990</a></div></td><td class=""data_0_0"">29</td><td class=""data_0_0""> 9/30 17:00</td><td class=""data_0_0"">72</td><td class=""data_0_0""> 9/30 18:00</td><td class=""data_0_0"">109</td><td class=""data_0_0""> 9/30 19:00</td><td class=""data_0_0"">177</td><td class=""data_0_0""> 9/30 19:00</td><td class=""data_0_0"">199</td><td class=""data_0_0"">10/01 02:00</td><td class=""data_0_0"">199</td><td class=""data_0_0"">10/02 02:00</td><td class=""data_0_0"">199</td><td class=""data_0_0"">10/03 02:00</td></tr>"
館山,47672,1991,138.0,10/08 09:00,138,False,True,data_0_0,mtx,"<tr class=""mtx"" style=""text-align:right;""><td style=""white-space:nowrap""><div class=""a_print""><a href=""monthly_s1.php?prec_no=45&amp;block_no=47672&amp;year=1991&amp;month=&amp;day=&amp;view=a5"">1991</a></div></td><td class=""data_0_0"">27</td><td class=""data_0_0""> 8/07 02:00</td><td class=""data_0_0"">51</td><td class=""data_0_0""> 8/07 03:00</td><td class=""data_0_0"">67</td><td class=""data_0_0"">10/08 03:00</td><td class=""data_0_0"">104</td><td class=""data_0_0"">10/08 07:00</td><td class=""data_0_0"">138</td><td class=""data_0_0"">10/08 09:00</td><td class=""data_0_0"">165</td><td class=""data_0_0"">10/09 20:00</td><td class=""data_0_0"">214</td><td class=""data_0_0"">10/09 20:00</td></tr>"
館山,47672,1992,136.0,5/10 18:00,136,False,True,data_0_0,mtx,"<tr class=""mtx"" style=""text-align:right;""><td style=""white-space:nowrap""><div class=""a_print""><a href=""monthly_s1.php?prec_no=45&amp;block_no=47672&amp;year=1992&amp;month=&amp;day=&amp;view=a5"">1992</a></div></td><td class=""data_0_0"">33</td><td class=""data_0_0"">10/20 01:00</td><td class=""data_0_0"">90</td><td class=""data_0_0"">10/20 03:00</td><td class=""data_0_0"">105</td><td class=""data_0_0"">10/20 03:00</td><td class=""data_0_0"">127</td><td class=""data_0_0""> 5/10 11:00</td><td class=""data_0_0"">136</td><td class=""data_0_0""> 5/10 18:00</td><td class=""data_0_0"">137</td><td class=""data_0_0""> 5/10 24:00</td><td class=""data_0_0"">138</td><td class=""data_0_0""> 5/10 20:00</td></tr>"
館山,47672,1993,146.0,7/26 06:00,146,False,True,data_0_0,mtx,"<tr class=""mtx"" style=""text-align:right;""><td style=""white-space:nowrap""><div class=""a_print""><a href=""monthly_s1.php?prec_no=45&amp;block_no=47672&amp;year=1993&amp;month=&amp;day=&amp;view=a5"">1993</a></div></td><td class=""data_0_0"">42</td><td class=""data_0_0""> 7/25 07:00</td><td class=""data_0_0"">94</td><td class=""data_0_0""> 7/25 09:00</td><td class=""data_0_0"">124</td><td class=""data_0_0""> 7/25 11:00</td><td class=""data_0_0"">129</td><td class=""data_0_0""> 7/25 17:00</td><td class=""data_0_0"">146</td><td class=""data_0_0""> 7/26 06:00</td><td class=""data_0_0"">197</td><td class=""data_0_0""> 7/26 11:00</td><td class=""data_0_0"">208</td><td class=""data_0_0""> 7/27 05:00</td></tr>"
館山,47672,1994,159.0,3/23 24:00,159,False,True,data_0_0,mtx,"<tr class=""mtx"" style=""text-align:right;""><td style=""white-space:nowrap""><div class=""a_print""><a href=""monthly_s1.php?prec_no=45&amp;block_no=47672&amp;year=1994&amp;month=&amp;day=&amp;view=a5"">1994</a></div></td><td class=""data_0_0"">32</td><td class=""data_0_0""> 9/23 02:00</td><td class=""data_0_0"">73</td><td class=""data_0_0""> 3/23 23:00</td><td class=""data_0_0"">103</td><td class=""data_0_0""> 3/23 24:00</td><td class=""data_0_0"">127</td><td class=""data_0_0""> 3/23 24:00</td><td class=""data_0_0"">159</td><td class=""data_0_0""> 3/23 24:00</td><td class=""data_0_0"">169</td><td class=""data_0_0""> 3/24 20:00</td><td class=""data_0_0"">169</td><td class=""data_0_0""> 3/25 20:00</td></tr>"
館山,47672,1995,115.0,9/17 13:00,115,False,True,data_0_0,mtx,"<tr class=""mtx"" style=""text-align:right;""><td style=""white-space:nowrap""><div class=""a_print""><a href=""monthly_s1.php?prec_no=45&amp;block_no=47672&amp;year=1995&amp;month=&amp;day=&amp;view=a5"">1995</a></div></td><td class=""data_0_0"">41</td><td class=""data_0_0""> 7/22 08:00</td><td class=""data_0_0"">64</td><td class=""data_0_0""> 7/22 10:00</td><td class=""data_0_0"">90</td><td class=""data_0_0""> 5/12 22:00</td><td class=""data_0_0"">105</td><td class=""data_0_0""> 5/13 04:00</td><td class=""data_0_0"">115</td><td class=""data_0_0""> 9/17 13:00</td><td class=""data_0_0"">147</td><td class=""data_0_0""> 9/18 04:00</td><td class=""data_0_0"">151</td><td class=""data_0_0""> 9/18 01:00</td></tr>"
館山,47672,1996,315.0,9/22 23:00,315,False,True,data_0_0,mtx,"<tr class=""mtx"" style=""text-align:right;""><td style=""white-space:nowrap""><div class=""a_print""><a href=""monthly_s1.php?prec_no=45&amp;block_no=47672&amp;year=1996&amp;month=&amp;day=&amp;view=a5"">1996</a></div></td><td class=""data_0_0"">56</td><td class=""data_0_0""> 9/22 13:00</td><td class=""data_0_0"">132</td><td class=""data_0_0""> 9/22 13:00</td><td class=""data_0_0"">217</td><td class=""data_0_0""> 9/22 14:00</td><td class=""data_0_0"">300</td><td class=""data_0_0""> 9/22 14:00</td><td class=""data_0_0"">315</td><td class=""data_0_0""> 9/22 23:00</td><td class=""data_0_0"">322</td><td class=""data_0_0""> 7/10 12:00</td><td class=""data_0_0"">355</td><td class=""data_0_0""> 7/11 12:00</td></tr>"
館山,47672,1997,111.0,5/25 07:00,111,False,True,data_0_0,mtx,"<tr class=""mtx"" style=""text-align:right;""><td style=""white-space:nowrap""><div class=""a_print""><a href=""monthly_s1.php?prec_no=45&amp;block_no=47672&amp;year=1997&amp;month=&amp;day=&amp;view=a5"">1997</a></div></td><td class=""data_0_0"">30</td><td class=""data_0_0""> 5/25 02:00</td><td class=""data_0_0"">41</td><td class=""data_0_0""> 7/11 05:00</td><td class=""data_0_0"">71</td><td class=""data_0_0""> 5/25 02:00</td><td class=""data_0_0"">105</td><td class=""data_0_0""> 5/25 03:00</td><td class=""data_0_0"">111</td><td class=""data_0_0""> 5/25 07:00</td><td class=""data_0_0"">111</td><td class=""data_0_0""> 5/26 07:00</td><td class=""data_0_0"">111</td><td class=""data_0_0""> 5/27 07:00</td></tr>"
館山,47672,1998,99.0,9/16 20:00,99,False,True,data_0_0,mtx,"<tr class=""mtx"" style=""text-align:right;""><td style=""white-space:nowrap""><div class=""a_print""><a href=""monthly_s1.php?prec_no=45&amp;block_no=47672&amp;year=1998&amp;month=&amp;day=&amp;view=a5"">1998</a></div></td><td class=""data_0_0"">23</td><td class=""data_0_0"">11/16 24:00</td><td class=""data_0_0"">45</td><td class=""data_0_0""> 9/16 02:00</td><td class=""data_0_0"">75</td><td class=""data_0_0""> 9/16 04:00</td><td class=""data_0_0"">99</td><td class=""data_0_0""> 9/16 08:00</td><td class=""data_0_0"">99</td><td class=""data_0_0""> 9/16 20:00</td><td class=""data_0_0"">102</td><td class=""data_0_0""> 9/16 22:00</td><td class=""data_0_0"">112</td><td class=""data_0_0""> 9/18 20:00</td></tr>"
館山,47672,1999,231.0,7/13 24:00,231,False,True,data_0_0,mtx,"<tr class=""mtx"" style=""text-align:right;""><td style=""white-space:nowrap""><div class=""a_print""><a href=""monthly_s1.php?prec_no=45&amp;block_no=47672&amp;year=1999&amp;month=&amp;day=&amp;view=a5"">1999</a></div></td><td class=""data_0_0"">45</td><td class=""data_0_0"">10/27 20:00</td><td class=""data_0_0"">104</td><td class=""data_0_0""> 7/13 15:00</td><td class=""data_0_0"">156</td><td class=""data_0_0""> 7/13 15:00</td><td class=""data_0_0"">192</td><td class=""data_0_0""> 7/13 20:00</td><td class=""data_0_0"">231</td><td class=""data_0_0""> 7/13 24:00</td><td class=""data_0_0"">235</td><td class=""data_0_0""> 7/14 22:00</td><td class=""data_0_0"">239</td><td class=""data_0_0""> 7/15 22:00</td></tr>"
館山,47672,2000,196.0,7/08 13:00,196,False,True,data_0_0,mtx,"<tr class=""mtx"" style=""text-align:right;""><td style=""white-space:nowrap""><div class=""a_print""><a href=""monthly_s1.php?prec_no=45&amp;block_no=47672&amp;year=2000&amp;month=&amp;day=&amp;view=a5"">2000</a></div></td><td class=""data_0_0"">44</td><td class=""data_0_0""> 3/29 01:00</td><td class=""data_0_0"">60</td><td class=""data_0_0""> 7/07 22:00</td><td class=""data_0_0"">94</td><td class=""data_0_0""> 7/08 02:00</td><td class=""data_0_0"">172</td><td class=""data_0_0""> 7/08 06:00</td><td class=""data_0_0"">196</td><td class=""data_0_0""> 7/08 13:00</td><td class=""data_0_0"">205</td><td class=""data_0_0""> 7/09 03:00</td><td class=""data_0_0"">205</td><td class=""data_0_0""> 7/10 03:00</td></tr>"
館山,47672,2001,100.0,10/01 16:00,100,False,True,data_0_0,mtx,"<tr class=""mtx"" style=""text-align:right;""><td style=""white-space:nowrap""><div class=""a_print""><a href=""monthly_s1.php?prec_no=45&amp;block_no=47672&amp;year=2001&amp;month=&amp;day=&amp;view=a5"">2001</a></div></td><td class=""data_0_0"">25</td><td class=""data_0_0""> 1/10 04:00</td><td class=""data_0_0"">58</td><td class=""data_0_0"">10/10 18:00</td><td class=""data_0_0"">81</td><td class=""data_0_0"">10/10 19:00</td><td class=""data_0_0"">90</td><td class=""data_0_0"">10/10 20:00</td><td class=""data_0_0"">100</td><td class=""data_0_0"">10/01 16:00</td><td class=""data_0_0"">117</td><td class=""data_0_0""> 9/11 15:00</td><td class=""data_0_0"">129</td><td class=""data_0_0""> 1/10 20:00</td></tr>"
館山,47672,2002,123.0,9/07 01:00,123,False,True,data_0_0,mtx,"<tr class=""mtx"" style=""text-align:right;""><td style=""white-space:nowrap""><div class=""a_print""><a href=""monthly_s1.php?prec_no=45&amp;block_no=47672&amp;year=2002&amp;month=&amp;day=&amp;view=a5"">2002</a></div></td><td class=""data_0_0"">58</td><td class=""data_0_0"">12/04 17:00</td><td class=""data_0_0"">89</td><td class=""data_0_0"">12/04 17:00</td><td class=""data_0_0"">97</td><td class=""data_0_0"">12/04 17:00</td><td class=""data_0_0"">97</td><td class=""data_0_0"">12/04 23:00</td><td class=""data_0_0"">123</td><td class=""data_0_0""> 9/07 01:00</td><td class=""data_0_0"">150</td><td class=""data_0_0""> 9/08 01:00</td><td class=""data_0_0"">154</td><td class=""data_0_0""> 9/08 23:00</td></tr>"
館山,47672,2003,176.0,8/15 21:50,176,False,True,data_1t_0,mtx,"<tr class=""mtx"" style=""text-align:right;""><td style=""white-space:nowrap""><div class=""a_print""><a href=""monthly_s1.php?prec_no=45&amp;block_no=47672&amp;year=2003&amp;month=&amp;day=&amp;view=a5"">2003</a></div></td><td class=""data_1t_0"">48</td><td class=""data_1t_0"">11/21 03:10</td><td class=""data_1t_0"">70</td><td class=""data_1t_0""> 7/04 06:30</td><td class=""data_1t_0"">102</td><td class=""data_1t_0"">11/30 09:00</td><td class=""data_1t_0"">132</td><td class=""data_1t_0"">11/30 09:20</td><td class=""data_1t_0"">176</td><td class=""data_1t_0""> 8/15 21:50</td><td class=""data_1t_0"">237</td><td class=""data_1t_0""> 8/16 14:10</td><td class=""data_1t_0"">249</td><td class=""data_1t_0""> 8/16 20:30</td></tr>"
館山,47672,2004,220.0,10/09 16:20,220,False,True,data_0_0,mtx,"<tr class=""mtx"" style=""text-align:right;""><td style=""white-space:nowrap""><div class=""a_print""><a href=""monthly_s1.php?prec_no=45&amp;block_no=47672&amp;year=2004&amp;month=&amp;day=&amp;view=a5"">2004</a></div></td><td class=""data_0_0"">58</td><td class=""data_0_0"">10/09 00:30</td><td class=""data_0_0"">106</td><td class=""data_0_0"">10/09 00:30</td><td class=""data_0_0"">145</td><td class=""data_0_0"">10/09 01:30</td><td class=""data_0_0"">181</td><td class=""data_0_0"">10/09 04:40</td><td class=""data_0_0"">220</td><td class=""data_0_0"">10/09 16:20</td><td class=""data_0_0"">228</td><td class=""data_0_0"">10/10 11:30</td><td class=""data_0_0"">238</td><td class=""data_0_0"">10/11 11:50</td></tr>"
館山,47672,2005,163.0,8/26 07:30,163,False,True,data_0_0,mtx,"<tr class=""mtx"" style=""text-align:right;""><td style=""white-space:nowrap""><div class=""a_print""><a href=""monthly_s1.php?prec_no=45&amp;block_no=47672&amp;year=2005&amp;month=&amp;day=&amp;view=a5"">2005</a></div></td><td class=""data_0_0"">27</td><td class=""data_0_0""> 7/26 04:00</td><td class=""data_0_0"">69</td><td class=""data_0_0""> 8/26 01:20</td><td class=""data_0_0"">118</td><td class=""data_0_0""> 8/26 03:10</td><td class=""data_0_0"">152</td><td class=""data_0_0""> 8/26 05:10</td><td class=""data_0_0"">163</td><td class=""data_0_0""> 8/26 07:30</td><td class=""data_0_0"">167</td><td class=""data_0_0""> 8/27 00:30</td><td class=""data_0_0"">167</td><td class=""data_0_0""> 8/28 00:30</td></tr>"
館山,47672,2006,239.0,12/27 05:30,239,False,True,data_0_0,mtx,"<tr class=""mtx"" style=""text-align:right;""><td style=""white-space:nowrap""><div class=""a_print""><a href=""monthly_s1.php?prec_no=45&amp;block_no=47672&amp;year=2006&amp;month=&amp;day=&amp;view=a5"">2006</a></div></td><td class=""data_0_0"">51</td><td class=""data_0_0""> 9/27 11:20</td><td class=""data_0_0"">86</td><td class=""data_0_0"">12/26 19:50</td><td class=""data_0_0"">123</td><td class=""data_0_0""> 8/09 05:40</td><td class=""data_0_0"">189</td><td class=""data_0_0"">12/27 01:10</td><td class=""data_0_0"">239</td><td class=""data_0_0"">12/27 05:30</td><td class=""data_0_0"">243</td><td class=""data_0_0"">12/27 13:10</td><td class=""data_0_0"">243</td><td class=""data_0_0"">12/28 13:10</td></tr>"
館山,47672,2007,206.0,7/15 09:20,206,False,True,data_0_0,mtx,"<tr class=""mtx"" style=""text-align:right;""><td style=""white-space:nowrap""><div class=""a_print""><a href=""monthly_s1.php?prec_no=45&amp;block_no=47672&amp;year=2007&amp;month=&amp;day=&amp;view=a5"">2007</a></div></td><td class=""data_0_0"">45</td><td class=""data_0_0""> 7/14 21:50</td><td class=""data_0_0"">71</td><td class=""data_0_0""> 7/14 21:40</td><td class=""data_0_0"">117</td><td class=""data_0_0""> 7/14 21:40</td><td class=""data_0_0"">168</td><td class=""data_0_0""> 7/14 23:00</td><td class=""data_0_0"">206</td><td class=""data_0_0""> 7/15 09:20</td><td class=""data_0_0"">227</td><td class=""data_0_0""> 7/15 20:00</td><td class=""data_0_0"">234 ]</td><td class=""data_0_0""> 7/17 08:30</td></tr>"
館山,47672,2008,127.0,6/22 20:50,127.0,False,True,data_0_0,mtx,"<tr class=""mtx"" style=""text-align:right;""><td style=""white-space:nowrap""><div class=""a_print""><a href=""monthly_s1.php?prec_no=45&amp;block_no=47672&amp;year=2008&amp;month=&amp;day=&amp;view=a5"">2008</a></div></td><td class=""data_0_0"">37.5</td><td class=""data_0_0""> 8/30 20:40</td><td class=""data_0_0"">54.0</td><td class=""data_0_0""> 9/20 03:50</td><td class=""data_0_0"">80.0</td><td class=""data_0_0""> 9/20 04:10</td><td class=""data_0_0"">95.0</td><td class=""data_0_0""> 9/20 06:50</td><td class=""data_0_0"">127.0</td><td class=""data_0_0""> 6/22 20:50</td><td class=""data_0_0"">187.0</td><td class=""data_0_0""> 6/23 02:10</td><td class=""data_0_0"">202.0</td><td class=""data_0_0""> 6/23 07:50</td></tr>"
館山,47672,2009,97.5,8/11 04:50,97.5,False,True,data_0_0,mtx,"<tr class=""mtx"" style=""text-align:right;""><td style=""white-space:nowrap""><div class=""a_print""><a href=""monthly_s1.php?prec_no=45&amp;block_no=47672&amp;year=2009&amp;month=&amp;day=&amp;view=a5"">2009</a></div></td><td class=""data_0_0"">30.5</td><td class=""data_0_0""> 8/10 15:00</td><td class=""data_0_0"">55.0</td><td class=""data_0_0"">10/08 03:30</td><td class=""data_0_0"">63.5</td><td class=""data_0_0"">11/02 01:30</td><td class=""data_0_0"">84.5</td><td class=""data_0_0""> 8/10 17:50</td><td class=""data_0_0"">97.5</td><td class=""data_0_0""> 8/11 04:50</td><td class=""data_0_0"">121.0</td><td class=""data_0_0""> 8/11 17:50</td><td class=""data_0_0"">121.0</td><td class=""data_0_0""> 8/12 17:50</td></tr>"
館山,47672,2010,158.0,10/10 12:10,158.0,False,True,data_0_0,mtx,"<tr class=""mtx"" style=""text-align:right;""><td style=""white-space:nowrap""><div class=""a_print""><a href=""monthly_s1.php?prec_no=45&amp;block_no=47672&amp;year=2010&amp;month=&amp;day=&amp;view=a5"">2010</a></div></td><td class=""data_0_0"">47.0</td><td class=""data_0_0"">11/01 05:10</td><td class=""data_0_0"">68.5</td><td class=""data_0_0"">10/10 07:50</td><td class=""data_0_0"">82.0</td><td class=""data_0_0"">10/10 10:50</td><td class=""data_0_0"">95.5</td><td class=""data_0_0""> 4/05 17:10</td><td class=""data_0_0"">158.0</td><td class=""data_0_0"">10/10 12:10</td><td class=""data_0_0"">161.0</td><td class=""data_0_0"">10/11 06:20</td><td class=""data_0_0"">165.0</td><td class=""data_0_0"">10/12 06:20</td></tr>"
館山,47672,2011,129.5,10/22 16:50,129.5,False,True,data_0_0,mtx,"<tr class=""mtx"" style=""text-align:right;""><td style=""white-space:nowrap""><div class=""a_print""><a href=""monthly_s1.php?prec_no=45&amp;block_no=47672&amp;year=2011&amp;month=&amp;day=&amp;view=a5"">2011</a></div></td><td class=""data_0_0"">41.0 ]</td><td class=""data_0_0"">12/03 10:10</td><td class=""data_0_0"">88.5 ]</td><td class=""data_0_0"">12/03 10:30</td><td class=""data_0_0"">104.0</td><td class=""data_0_0"">10/22 05:00</td><td class=""data_0_0"">129.0</td><td class=""data_0_0"">10/22 08:50</td><td class=""data_0_0"">129.5</td><td class=""data_0_0"">10/22 16:50</td><td class=""data_0_0"">143.5</td><td class=""data_0_0"">10/23 16:50</td><td class=""data_0_0"">143.5</td><td class=""data_0_0"">10/24 16:50</td></tr>"
館山,47672,2012,117.0,5/03 12:00,117.0,False,True,data_0_0,mtx,"<tr class=""mtx"" style=""text-align:right;""><td style=""white-space:nowrap""><div class=""a_print""><a href=""monthly_s1.php?prec_no=45&amp;block_no=47672&amp;year=2012&amp;month=&amp;day=&amp;view=a5"">2012</a></div></td><td class=""data_0_0"">35.0</td><td class=""data_0_0"">10/29 01:30</td><td class=""data_0_0"">55.0</td><td class=""data_0_0"">10/29 01:40</td><td class=""data_0_0"">76.5</td><td class=""data_0_0""> 7/03 21:50</td><td class=""data_0_0"">85.5</td><td class=""data_0_0"">10/29 04:50</td><td class=""data_0_0"">117.0</td><td class=""data_0_0""> 5/03 12:00</td><td class=""data_0_0"">125.5</td><td class=""data_0_0""> 5/03 20:00</td><td class=""data_0_0"">126.5</td><td class=""data_0_0""> 5/03 18:30</td></tr>"
館山,47672,2013,321.5,10/16 09:40,321.5,False,True,data_0_0,mtx,"<tr class=""mtx"" style=""text-align:right;""><td style=""white-space:nowrap""><div class=""a_print""><a href=""monthly_s1.php?prec_no=45&amp;block_no=47672&amp;year=2013&amp;month=&amp;day=&amp;view=a5"">2013</a></div></td><td class=""data_0_0"">38.0</td><td class=""data_0_0"">10/16 04:10</td><td class=""data_0_0"">101.5</td><td class=""data_0_0"">10/16 04:40</td><td class=""data_0_0"">181.0</td><td class=""data_0_0"">10/16 06:20</td><td class=""data_0_0"">254.0</td><td class=""data_0_0"">10/16 06:20</td><td class=""data_0_0"">321.5</td><td class=""data_0_0"">10/16 09:40</td><td class=""data_0_0"">321.5</td><td class=""data_0_0"">10/17 09:40</td><td class=""data_0_0"">321.5</td><td class=""data_0_0"">10/18 09:40</td></tr>"
館山,47672,2014,188.0,6/07 10:50,188.0,False,True,data_0_0,mtx,"<tr class=""mtx"" style=""text-align:right;""><td style=""white-space:nowrap""><div class=""a_print""><a href=""monthly_s1.php?prec_no=45&amp;block_no=47672&amp;year=2014&amp;month=&amp;day=&amp;view=a5"">2014</a></div></td><td class=""data_0_0"">36.5</td><td class=""data_0_0""> 9/11 04:40</td><td class=""data_0_0"">52.0</td><td class=""data_0_0""> 6/06 20:10</td><td class=""data_0_0"">90.5</td><td class=""data_0_0""> 6/06 21:20</td><td class=""data_0_0"">142.5</td><td class=""data_0_0""> 6/07 03:00</td><td class=""data_0_0"">188.0</td><td class=""data_0_0""> 6/07 10:50</td><td class=""data_0_0"">216.5</td><td class=""data_0_0""> 6/07 15:30</td><td class=""data_0_0"">218.0</td><td class=""data_0_0""> 6/08 09:40</td></tr>"
館山,47672,2015,94.0,9/07 21:30,94.0,False,True,data_0_0,mtx,"<tr class=""mtx"" style=""text-align:right;""><td style=""white-space:nowrap""><div class=""a_print""><a href=""monthly_s1.php?prec_no=45&amp;block_no=47672&amp;year=2015&amp;month=&amp;day=&amp;view=a5"">2015</a></div></td><td class=""data_0_0"">64.0</td><td class=""data_0_0""> 9/07 02:30</td><td class=""data_0_0"">73.5</td><td class=""data_0_0""> 9/07 02:50</td><td class=""data_0_0"">84.0</td><td class=""data_0_0""> 9/07 03:40</td><td class=""data_0_0"">91.5</td><td class=""data_0_0""> 9/07 09:30</td><td class=""data_0_0"">94.0</td><td class=""data_0_0""> 9/07 21:30</td><td class=""data_0_0"">169.5</td><td class=""data_0_0""> 9/08 21:30</td><td class=""data_0_0"">206.0</td><td class=""data_0_0""> 9/09 21:40</td></tr>"
館山,47672,2016,131.0,8/22 23:20,131.0 ],False,False,data_0_0,mtx,"<tr class=""mtx"" style=""text-align:right;""><td style=""white-space:nowrap""><div class=""a_print""><a href=""monthly_s1.php?prec_no=45&amp;block_no=47672&amp;year=2016&amp;month=&amp;day=&amp;view=a5"">2016</a></div></td><td class=""data_0_0"">41.0</td><td class=""data_0_0""> 6/23 08:30</td><td class=""data_0_0"">85.5</td><td class=""data_0_0""> 8/22 09:20</td><td class=""data_0_0"">103.5</td><td class=""data_0_0""> 8/22 09:40</td><td class=""data_0_0"">128.5 ]</td><td class=""data_0_0""> 8/22 16:40</td><td class=""data_0_0"">131.0 ]</td><td class=""data_0_0""> 8/22 23:20</td><td class=""data_0_0"">131.0 ]</td><td class=""data_0_0""> 8/23 23:20</td><td class=""data_0_0"">134.5 ]</td><td class=""data_0_0""> 6/24 07:20</td></tr>"
館山,47672,2017,155.0,10/23 01:30,155.0,False,True,data_0_0,mtx,"<tr class=""mtx"" style=""text-align:right;""><td style=""white-space:nowrap""><div class=""a_print""><a href=""monthly_s1.php?prec_no=45&amp;block_no=47672&amp;year=2017&amp;month=&amp;day=&amp;view=a5"">2017</a></div></td><td class=""data_0_0"">53.5</td><td class=""data_0_0""> 8/01 18:20</td><td class=""data_0_0"">66.5</td><td class=""data_0_0"">11/23 09:20</td><td class=""data_0_0"">111.0</td><td class=""data_0_0"">11/23 10:10</td><td class=""data_0_0"">131.0</td><td class=""data_0_0"">11/23 11:20</td><td class=""data_0_0"">155.0</td><td class=""data_0_0"">10/23 01:30</td><td class=""data_0_0"">170.0</td><td class=""data_0_0"">10/23 08:40</td><td class=""data_0_0"">170.0</td><td class=""data_0_0"">10/24 08:40</td></tr>"
館山,47672,2018,164.0,10/01 01:00,164.0,False,True,data_0_0,mtx,"<tr class=""mtx"" style=""text-align:right;""><td style=""white-space:nowrap""><div class=""a_print""><a href=""monthly_s1.php?prec_no=45&amp;block_no=47672&amp;year=2018&amp;month=&amp;day=&amp;view=a5"">2018</a></div></td><td class=""data_0_0"">46.0</td><td class=""data_0_0""> 9/30 06:30</td><td class=""data_0_0"">102.0</td><td class=""data_0_0""> 9/30 06:30</td><td class=""data_0_0"">135.0</td><td class=""data_0_0""> 9/30 06:40</td><td class=""data_0_0"">136.5</td><td class=""data_0_0""> 9/30 11:10</td><td class=""data_0_0"">164.0</td><td class=""data_0_0"">10/01 01:00</td><td class=""data_0_0"">166.5</td><td class=""data_0_0"">10/01 10:20</td><td class=""data_0_0"">166.5</td><td class=""data_0_0"">10/02 10:20</td></tr>"
館山,47672,2019,207.5,10/26 03:40,207.5,False,True,data_0_0,mtx,"<tr class=""mtx"" style=""text-align:right;""><td style=""white-space:nowrap""><div class=""a_print""><a href=""monthly_s1.php?prec_no=45&amp;block_no=47672&amp;year=2019&amp;month=&amp;day=&amp;view=a5"">2019</a></div></td><td class=""data_0_0"">59.5</td><td class=""data_0_0""> 9/09 03:00</td><td class=""data_0_0"">122.0</td><td class=""data_0_0""> 9/09 03:10</td><td class=""data_0_0"">161.0</td><td class=""data_0_0""> 9/09 03:30</td><td class=""data_0_0"">207.0</td><td class=""data_0_0"">10/25 16:00</td><td class=""data_0_0"">207.5</td><td class=""data_0_0"">10/26 03:40</td><td class=""data_0_0"">207.5</td><td class=""data_0_0"">10/27 03:40</td><td class=""data_0_0"">207.5</td><td class=""data_0_0"">10/28 03:40</td></tr>"
館山,47672,2020,137.0,1/29 03:10,137.0,False,True,data_0_0,mtx,"<tr class=""mtx"" style=""text-align:right;""><td style=""white-space:nowrap""><div class=""a_print""><a href=""monthly_s1.php?prec_no=45&amp;block_no=47672&amp;year=2020&amp;month=&amp;day=&amp;view=a5"">2020</a></div></td><td class=""data_0_0"">28.0</td><td class=""data_0_0""> 2/13 10:50</td><td class=""data_0_0"">61.0</td><td class=""data_0_0""> 1/28 22:50</td><td class=""data_0_0"">104.0</td><td class=""data_0_0""> 1/29 01:00</td><td class=""data_0_0"">129.5</td><td class=""data_0_0""> 1/29 02:00</td><td class=""data_0_0"">137.0</td><td class=""data_0_0""> 1/29 03:10</td><td class=""data_0_0"">162.5</td><td class=""data_0_0"">10/10 21:00</td><td class=""data_0_0"">190.5</td><td class=""data_0_0"">10/11 00:10</td></tr>"
館山,47672,2021,150.0,7/03 12:40,150.0 ],False,False,data_0_0,mtx,"<tr class=""mtx"" style=""text-align:right;""><td style=""white-space:nowrap""><div class=""a_print""><a href=""monthly_s1.php?prec_no=45&amp;block_no=47672&amp;year=2021&amp;month=&amp;day=&amp;view=a5"">2021</a></div></td><td class=""data_0_0"">63.5</td><td class=""data_0_0"">10/03 01:50</td><td class=""data_0_0"">73.5 ]</td><td class=""data_0_0""> 7/03 12:50</td><td class=""data_0_0"">94.5 ]</td><td class=""data_0_0""> 7/01 09:40</td><td class=""data_0_0"">111.5 ]</td><td class=""data_0_0""> 7/03 14:30</td><td class=""data_0_0"">150.0 ]</td><td class=""data_0_0""> 7/03 12:40</td><td class=""data_0_0"">222.5 ]</td><td class=""data_0_0""> 7/03 01:20</td><td class=""data_0_0"">337.0 ]</td><td class=""data_0_0""> 7/04 01:20</td></tr>"
館山,47672,2022,82.5,6/22 16:40,82.5,False,True,data_0_0,mtx,"<tr class=""mtx"" style=""text-align:right;""><td style=""white-space:nowrap""><div class=""a_print""><a href=""monthly_s1.php?prec_no=45&amp;block_no=47672&amp;year=2022&amp;month=&amp;day=&amp;view=a5"">2022</a></div></td><td class=""data_0_0"">42.5</td><td class=""data_0_0""> 7/19 12:50</td><td class=""data_0_0"">53.5</td><td class=""data_0_0""> 7/19 14:10</td><td class=""data_0_0"">70.0</td><td class=""data_0_0""> 6/22 03:40</td><td class=""data_0_0"">82.0</td><td class=""data_0_0""> 6/22 05:20</td><td class=""data_0_0"">82.5</td><td class=""data_0_0""> 6/22 16:40</td><td class=""data_0_0"">133.5</td><td class=""data_0_0""> 5/14 16:40</td><td class=""data_0_0"">133.5</td><td class=""data_0_0""> 5/15 16:40</td></tr>"
館山,47672,2023,232.5,9/09 02:40,232.5,False,True,data_0_0,mtx,"<tr class=""mtx"" style=""text-align:right;""><td style=""white-space:nowrap""><div class=""a_print""><a href=""monthly_s1.php?prec_no=45&amp;block_no=47672&amp;year=2023&amp;month=&amp;day=&amp;view=a5"">2023</a></div></td><td class=""data_0_0"">54.5</td><td class=""data_0_0""> 9/08 09:40</td><td class=""data_0_0"">101.5</td><td class=""data_0_0""> 9/08 05:40</td><td class=""data_0_0"">147.5</td><td class=""data_0_0""> 9/08 09:40</td><td class=""data_0_0"">216.5</td><td class=""data_0_0""> 9/08 11:40</td><td class=""data_0_0"">232.5</td><td class=""data_0_0""> 9/09 02:40</td><td class=""data_0_0"">252.5</td><td class=""data_0_0""> 9/09 16:50</td><td class=""data_0_0"">263.0</td><td class=""data_0_0""> 9/09 17:40</td></tr>"
館山,47672,2024,137.0,6/19 00:40,137.0,False,True,data_0_0,mtx,"<tr class=""mtx"" style=""text-align:right;""><td style=""white-space:nowrap""><div class=""a_print""><a href=""monthly_s1.php?prec_no=45&amp;block_no=47672&amp;year=2024&amp;month=&amp;day=&amp;view=a5"">2024</a></div></td><td class=""data_0_0"">37.0</td><td class=""data_0_0""> 8/31 11:50</td><td class=""data_0_0"">53.5</td><td class=""data_0_0""> 6/21 13:40</td><td class=""data_0_0"">77.0</td><td class=""data_0_0""> 6/21 14:00</td><td class=""data_0_0"">125.0</td><td class=""data_0_0""> 6/18 18:30</td><td class=""data_0_0"">137.0</td><td class=""data_0_0""> 6/19 00:40</td><td class=""data_0_0"">137.0</td><td class=""data_0_0""> 6/20 00:40</td><td class=""data_0_0"">168.0</td><td class=""data_0_0""> 6/18 19:10</td></tr>"
館山,47672,2025,106.5,9/06 02:10,106.5,False,True,data_0_0,mtx,"<tr class=""mtx"" style=""text-align:right;""><td style=""white-space:nowrap""><div class=""a_print""><a href=""monthly_s1.php?prec_no=45&amp;block_no=47672&amp;year=2025&amp;month=&amp;day=&amp;view=a5"">2025</a></div></td><td class=""data_0_0"">36.5</td><td class=""data_0_0""> 9/05 10:20</td><td class=""data_0_0"">65.0</td><td class=""data_0_0""> 9/05 11:50</td><td class=""data_0_0"">78.0</td><td class=""data_0_0""> 9/05 14:20</td><td class=""data_0_0"">101.0</td><td class=""data_0_0""> 9/05 15:40</td><td class=""data_0_0"">106.5</td><td class=""data_0_0""> 9/06 02:10</td><td class=""data_0_0"">106.5</td><td class=""data_0_0""> 9/07 02:10</td><td class=""data_0_0"">106.5</td><td class=""data_0_0""> 9/08 02:10</td></tr>"
佐倉,0916,1976,70.0,9/28 22:00,70,False,True,data_0_0,mtx,"<tr class=""mtx"" style=""text-align:right;""><td style=""white-space:nowrap""><div class=""a_print""><a href=""monthly_a1.php?prec_no=45&amp;block_no=0916&amp;year=1976&amp;month=&amp;day=&amp;view=a5"">1976</a></div></td><td class=""data_0_0"">25</td><td class=""data_0_0""> 9/08 02:00</td><td class=""data_0_0"">45</td><td class=""data_0_0""> 9/08 03:00</td><td class=""data_0_0"">54</td><td class=""data_0_0""> 9/08 06:00</td><td class=""data_0_0"">59</td><td class=""data_0_0"">10/20 20:00</td><td class=""data_0_0"">70</td><td class=""data_0_0""> 9/28 22:00</td><td class=""data_0_0"">70 ]</td><td class=""data_0_0""> 9/29 22:00</td><td class=""data_0_0"">70 ]</td><td class=""data_0_0""> 9/30 22:00</td></tr>"
佐倉,0916,1977,110.0,9/20 02:00,110,False,True,data_0_0,mtx,"<tr class=""mtx"" style=""text-align:right;""><td style=""white-space:nowrap""><div class=""a_print""><a href=""monthly_a1.php?prec_no=45&amp;block_no=0916&amp;year=1977&amp;month=&amp;day=&amp;view=a5"">1977</a></div></td><td class=""data_0_0"">24</td><td class=""data_0_0""> 7/11 22:00</td><td class=""data_0_0"">34</td><td class=""data_0_0""> 7/11 23:00</td><td class=""data_0_0"">48</td><td class=""data_0_0""> 8/14 12:00</td><td class=""data_0_0"">71</td><td class=""data_0_0""> 9/19 20:00</td><td class=""data_0_0"">110</td><td class=""data_0_0""> 9/20 02:00</td><td class=""data_0_0"">112</td><td class=""data_0_0""> 9/20 19:00</td><td class=""data_0_0"">132</td><td class=""data_0_0""> 8/19 18:00</td></tr>"
佐倉,0916,1978,47.0,4/03 19:00,47,False,True,data_0_0,mtx,"<tr class=""mtx"" style=""text-align:right;""><td style=""white-space:nowrap""><div class=""a_print""><a href=""monthly_a1.php?prec_no=45&amp;block_no=0916&amp;year=1978&amp;month=&amp;day=&amp;view=a5"">1978</a></div></td><td class=""data_0_0"">20</td><td class=""data_0_0""> 3/10 19:00</td><td class=""data_0_0"">28</td><td class=""data_0_0""> 5/19 06:00</td><td class=""data_0_0"">41</td><td class=""data_0_0""> 5/19 09:00</td><td class=""data_0_0"">46</td><td class=""data_0_0""> 5/19 14:00</td><td class=""data_0_0"">47</td><td class=""data_0_0""> 4/03 19:00</td><td class=""data_0_0"">47</td><td class=""data_0_0""> 4/04 19:00</td><td class=""data_0_0"">47</td><td class=""data_0_0""> 4/05 19:00</td></tr>"
佐倉,0916,1979,96.0,10/07 16:00,96,False,True,data_0_0,mtx,"<tr class=""mtx"" style=""text-align:right;""><td style=""white-space:nowrap""><div class=""a_print""><a href=""monthly_a1.php?prec_no=45&amp;block_no=0916&amp;year=1979&amp;month=&amp;day=&amp;view=a5"">1979</a></div></td><td class=""data_0_0"">26</td><td class=""data_0_0""> 7/27 15:00</td><td class=""data_0_0"">35</td><td class=""data_0_0""> 7/27 17:00</td><td class=""data_0_0"">53</td><td class=""data_0_0"">10/07 14:00</td><td class=""data_0_0"">83</td><td class=""data_0_0"">10/07 14:00</td><td class=""data_0_0"">96</td><td class=""data_0_0"">10/07 16:00</td><td class=""data_0_0"">114</td><td class=""data_0_0"">10/08 03:00</td><td class=""data_0_0"">114</td><td class=""data_0_0"">10/09 03:00</td></tr>"
佐倉,0916,1980,65.0,9/27 23:00,65,False,True,data_0_0,mtx,"<tr class=""mtx"" style=""text-align:right;""><td style=""white-space:nowrap""><div class=""a_print""><a href=""monthly_a1.php?prec_no=45&amp;block_no=0916&amp;year=1980&amp;month=&amp;day=&amp;view=a5"">1980</a></div></td><td class=""data_0_0"">21</td><td class=""data_0_0"">10/14 19:00</td><td class=""data_0_0"">39</td><td class=""data_0_0"">10/14 21:00</td><td class=""data_0_0"">52</td><td class=""data_0_0"">10/14 23:00</td><td class=""data_0_0"">59</td><td class=""data_0_0"">11/22 07:00</td><td class=""data_0_0"">65</td><td class=""data_0_0""> 9/27 23:00</td><td class=""data_0_0"">75</td><td class=""data_0_0""> 9/28 01:00</td><td class=""data_0_0"">81</td><td class=""data_0_0""> 9/28 02:00</td></tr>"
佐倉,0916,1981,110.0,10/23 07:00,110,False,True,data_0_0,mtx,"<tr class=""mtx"" style=""text-align:right;""><td style=""white-space:nowrap""><div class=""a_print""><a href=""monthly_a1.php?prec_no=45&amp;block_no=0916&amp;year=1981&amp;month=&amp;day=&amp;view=a5"">1981</a></div></td><td class=""data_0_0"">27 ]</td><td class=""data_0_0""> 9/26 02:00</td><td class=""data_0_0"">44</td><td class=""data_0_0"">10/22 22:00</td><td class=""data_0_0"">71</td><td class=""data_0_0"">10/23 01:00</td><td class=""data_0_0"">101</td><td class=""data_0_0"">10/23 01:00</td><td class=""data_0_0"">110</td><td class=""data_0_0"">10/23 07:00</td><td class=""data_0_0"">110</td><td class=""data_0_0"">10/24 07:00</td><td class=""data_0_0"">110</td><td class=""data_0_0"">10/25 07:00</td></tr>"
佐倉,0916,1982,175.0,9/12 18:00,175,False,True,data_0_0,mtx,"<tr class=""mtx"" style=""text-align:right;""><td style=""white-space:nowrap""><div class=""a_print""><a href=""monthly_a1.php?prec_no=45&amp;block_no=0916&amp;year=1982&amp;month=&amp;day=&amp;view=a5"">1982</a></div></td><td class=""data_0_0"">32</td><td class=""data_0_0""> 9/12 12:00</td><td class=""data_0_0"">67</td><td class=""data_0_0""> 9/12 12:00</td><td class=""data_0_0"">112</td><td class=""data_0_0""> 9/12 15:00</td><td class=""data_0_0"">140</td><td class=""data_0_0""> 9/12 19:00</td><td class=""data_0_0"">175</td><td class=""data_0_0""> 9/12 18:00</td><td class=""data_0_0"">238</td><td class=""data_0_0""> 9/12 17:00</td><td class=""data_0_0"">247</td><td class=""data_0_0""> 9/13 13:00</td></tr>"
佐倉,0916,1983,74.0,9/29 05:00,74 ],False,False,data_0_0,mtx,"<tr class=""mtx"" style=""text-align:right;""><td style=""white-space:nowrap""><div class=""a_print""><a href=""monthly_a1.php?prec_no=45&amp;block_no=0916&amp;year=1983&amp;month=&amp;day=&amp;view=a5"">1983</a></div></td><td class=""data_0_0"">35 ]</td><td class=""data_0_0""> 9/01 12:00</td><td class=""data_0_0"">36 ]</td><td class=""data_0_0""> 9/01 14:00</td><td class=""data_0_0"">43 ]</td><td class=""data_0_0"">10/11 13:00</td><td class=""data_0_0"">60 ]</td><td class=""data_0_0""> 7/28 04:00</td><td class=""data_0_0"">74 ]</td><td class=""data_0_0""> 9/29 05:00</td><td class=""data_0_0"">100 ]</td><td class=""data_0_0""> 9/29 06:00</td><td class=""data_0_0"">106 ]</td><td class=""data_0_0""> 9/29 05:00</td></tr>"
佐倉,0916,1984,105.0,6/23 21:00,105 ],False,False,data_0_0,mtx,"<tr class=""mtx"" style=""text-align:right;""><td style=""white-space:nowrap""><div class=""a_print""><a href=""monthly_a1.php?prec_no=45&amp;block_no=0916&amp;year=1984&amp;month=&amp;day=&amp;view=a5"">1984</a></div></td><td class=""data_0_0"">14 ]</td><td class=""data_0_0""> 6/23 07:00</td><td class=""data_0_0"">37 ]</td><td class=""data_0_0""> 6/23 07:00</td><td class=""data_0_0"">71 ]</td><td class=""data_0_0""> 6/23 07:00</td><td class=""data_0_0"">100 ]</td><td class=""data_0_0""> 6/23 10:00</td><td class=""data_0_0"">105 ]</td><td class=""data_0_0""> 6/23 21:00</td><td class=""data_0_0"">105 ]</td><td class=""data_0_0""> 6/24 21:00</td><td class=""data_0_0"">112 ]</td><td class=""data_0_0""> 6/25 21:00</td></tr>"
佐倉,0916,1985,111.0,7/01 07:00,111,False,True,data_0_0,mtx,"<tr class=""mtx"" style=""text-align:right;""><td style=""white-space:nowrap""><div class=""a_print""><a href=""monthly_a1.php?prec_no=45&amp;block_no=0916&amp;year=1985&amp;month=&amp;day=&amp;view=a5"">1985</a></div></td><td class=""data_0_0"">26</td><td class=""data_0_0""> 5/21 01:00</td><td class=""data_0_0"">47</td><td class=""data_0_0""> 5/21 02:00</td><td class=""data_0_0"">57</td><td class=""data_0_0""> 6/30 15:00</td><td class=""data_0_0"">74</td><td class=""data_0_0""> 6/30 19:00</td><td class=""data_0_0"">111</td><td class=""data_0_0""> 7/01 07:00</td><td class=""data_0_0"">127</td><td class=""data_0_0""> 7/01 21:00</td><td class=""data_0_0"">153</td><td class=""data_0_0""> 7/01 06:00</td></tr>"
佐倉,0916,1986,226.0,8/05 05:00,226,False,True,data_0_0,mtx,"<tr class=""mtx"" style=""text-align:right;""><td style=""white-space:nowrap""><div class=""a_print""><a href=""monthly_a1.php?prec_no=45&amp;block_no=0916&amp;year=1986&amp;month=&amp;day=&amp;view=a5"">1986</a></div></td><td class=""data_0_0"">41</td><td class=""data_0_0""> 9/06 17:00</td><td class=""data_0_0"">50</td><td class=""data_0_0""> 9/06 19:00</td><td class=""data_0_0"">94</td><td class=""data_0_0""> 8/05 01:00</td><td class=""data_0_0"">172</td><td class=""data_0_0""> 8/05 01:00</td><td class=""data_0_0"">226</td><td class=""data_0_0""> 8/05 05:00</td><td class=""data_0_0"">227</td><td class=""data_0_0""> 8/05 05:00</td><td class=""data_0_0"">237</td><td class=""data_0_0""> 8/06 02:00</td></tr>"
佐倉,0916,1987,90.0,9/04 15:00,90,False,True,data_0_0,mtx,"<tr class=""mtx"" style=""text-align:right;""><td style=""white-space:nowrap""><div class=""a_print""><a href=""monthly_a1.php?prec_no=45&amp;block_no=0916&amp;year=1987&amp;month=&amp;day=&amp;view=a5"">1987</a></div></td><td class=""data_0_0"">19</td><td class=""data_0_0""> 9/25 08:00</td><td class=""data_0_0"">34</td><td class=""data_0_0""> 9/04 04:00</td><td class=""data_0_0"">45</td><td class=""data_0_0""> 9/04 07:00</td><td class=""data_0_0"">78</td><td class=""data_0_0""> 9/04 13:00</td><td class=""data_0_0"">90</td><td class=""data_0_0""> 9/04 15:00</td><td class=""data_0_0"">107</td><td class=""data_0_0""> 9/05 11:00</td><td class=""data_0_0"">109</td><td class=""data_0_0""> 9/06 11:00</td></tr>"
佐倉,0916,1988,108.0,8/11 23:00,108,False,True,data_0_0,mtx,"<tr class=""mtx"" style=""text-align:right;""><td style=""white-space:nowrap""><div class=""a_print""><a href=""monthly_a1.php?prec_no=45&amp;block_no=0916&amp;year=1988&amp;month=&amp;day=&amp;view=a5"">1988</a></div></td><td class=""data_0_0"">18</td><td class=""data_0_0""> 8/10 21:00</td><td class=""data_0_0"">29</td><td class=""data_0_0""> 6/03 08:00</td><td class=""data_0_0"">45</td><td class=""data_0_0""> 8/11 10:00</td><td class=""data_0_0"">77</td><td class=""data_0_0""> 8/11 11:00</td><td class=""data_0_0"">108</td><td class=""data_0_0""> 8/11 23:00</td><td class=""data_0_0"">148</td><td class=""data_0_0""> 8/12 16:00</td><td class=""data_0_0"">149</td><td class=""data_0_0""> 8/13 07:00</td></tr>"
佐倉,0916,1989,99.0,8/01 24:00,99,False,True,data_0_0,mtx,"<tr class=""mtx"" style=""text-align:right;""><td style=""white-space:nowrap""><div class=""a_print""><a href=""monthly_a1.php?prec_no=45&amp;block_no=0916&amp;year=1989&amp;month=&amp;day=&amp;view=a5"">1989</a></div></td><td class=""data_0_0"">24</td><td class=""data_0_0""> 8/27 16:00</td><td class=""data_0_0"">42</td><td class=""data_0_0""> 9/20 06:00</td><td class=""data_0_0"">51</td><td class=""data_0_0""> 4/24 02:00</td><td class=""data_0_0"">68</td><td class=""data_0_0""> 8/01 15:00</td><td class=""data_0_0"">99</td><td class=""data_0_0""> 8/01 24:00</td><td class=""data_0_0"">103</td><td class=""data_0_0""> 8/02 01:00</td><td class=""data_0_0"">107</td><td class=""data_0_0""> 8/02 12:00</td></tr>"
佐倉,0916,1990,87.0,11/30 23:00,87,False,True,data_0_0,mtx,"<tr class=""mtx"" style=""text-align:right;""><td style=""white-space:nowrap""><div class=""a_print""><a href=""monthly_a1.php?prec_no=45&amp;block_no=0916&amp;year=1990&amp;month=&amp;day=&amp;view=a5"">1990</a></div></td><td class=""data_0_0"">24</td><td class=""data_0_0"">11/04 14:00</td><td class=""data_0_0"">44</td><td class=""data_0_0"">11/04 14:00</td><td class=""data_0_0"">59</td><td class=""data_0_0"">11/04 17:00</td><td class=""data_0_0"">74</td><td class=""data_0_0"">11/30 21:00</td><td class=""data_0_0"">87</td><td class=""data_0_0"">11/30 23:00</td><td class=""data_0_0"">113</td><td class=""data_0_0"">11/30 21:00</td><td class=""data_0_0"">143</td><td class=""data_0_0"">11/30 23:00</td></tr>"
佐倉,0916,1991,205.0,9/19 22:00,205,False,True,data_0_0,mtx,"<tr class=""mtx"" style=""text-align:right;""><td style=""white-space:nowrap""><div class=""a_print""><a href=""monthly_a1.php?prec_no=45&amp;block_no=0916&amp;year=1991&amp;month=&amp;day=&amp;view=a5"">1991</a></div></td><td class=""data_0_0"">45</td><td class=""data_0_0""> 9/08 09:00</td><td class=""data_0_0"">106</td><td class=""data_0_0""> 9/08 11:00</td><td class=""data_0_0"">152</td><td class=""data_0_0""> 9/08 12:00</td><td class=""data_0_0"">166</td><td class=""data_0_0""> 9/08 16:00</td><td class=""data_0_0"">205</td><td class=""data_0_0""> 9/19 22:00</td><td class=""data_0_0"">211</td><td class=""data_0_0""> 9/20 12:00</td><td class=""data_0_0"">221</td><td class=""data_0_0""> 9/21 17:00</td></tr>"
佐倉,0916,1992,90.0,10/09 20:00,90,False,True,data_0_0,mtx,"<tr class=""mtx"" style=""text-align:right;""><td style=""white-space:nowrap""><div class=""a_print""><a href=""monthly_a1.php?prec_no=45&amp;block_no=0916&amp;year=1992&amp;month=&amp;day=&amp;view=a5"">1992</a></div></td><td class=""data_0_0"">16</td><td class=""data_0_0"">11/20 21:00</td><td class=""data_0_0"">38</td><td class=""data_0_0"">10/09 08:00</td><td class=""data_0_0"">68</td><td class=""data_0_0"">10/09 08:00</td><td class=""data_0_0"">90</td><td class=""data_0_0"">10/09 08:00</td><td class=""data_0_0"">90</td><td class=""data_0_0"">10/09 20:00</td><td class=""data_0_0"">90</td><td class=""data_0_0"">10/10 20:00</td><td class=""data_0_0"">90</td><td class=""data_0_0"">10/11 20:00</td></tr>"
佐倉,0916,1993,150.0,8/27 17:00,150,False,True,data_0_0,mtx,"<tr class=""mtx"" style=""text-align:right;""><td style=""white-space:nowrap""><div class=""a_print""><a href=""monthly_a1.php?prec_no=45&amp;block_no=0916&amp;year=1993&amp;month=&amp;day=&amp;view=a5"">1993</a></div></td><td class=""data_0_0"">50</td><td class=""data_0_0"">11/14 02:00</td><td class=""data_0_0"">83</td><td class=""data_0_0"">11/14 02:00</td><td class=""data_0_0"">111</td><td class=""data_0_0"">11/14 02:00</td><td class=""data_0_0"">143</td><td class=""data_0_0""> 8/27 18:00</td><td class=""data_0_0"">150</td><td class=""data_0_0""> 8/27 17:00</td><td class=""data_0_0"">172</td><td class=""data_0_0""> 8/28 14:00</td><td class=""data_0_0"">172</td><td class=""data_0_0""> 8/29 14:00</td></tr>"
佐倉,0916,1994,91.0,9/14 14:00,91,False,True,data_0_0,mtx,"<tr class=""mtx"" style=""text-align:right;""><td style=""white-space:nowrap""><div class=""a_print""><a href=""monthly_a1.php?prec_no=45&amp;block_no=0916&amp;year=1994&amp;month=&amp;day=&amp;view=a5"">1994</a></div></td><td class=""data_0_0"">23</td><td class=""data_0_0""> 9/17 17:00</td><td class=""data_0_0"">45</td><td class=""data_0_0""> 8/21 14:00</td><td class=""data_0_0"">59</td><td class=""data_0_0""> 8/21 14:00</td><td class=""data_0_0"">65</td><td class=""data_0_0""> 8/21 14:00</td><td class=""data_0_0"">91</td><td class=""data_0_0""> 9/14 14:00</td><td class=""data_0_0"">119</td><td class=""data_0_0""> 9/15 14:00</td><td class=""data_0_0"">125</td><td class=""data_0_0""> 9/16 17:00</td></tr>"
佐倉,0916,1995,164.0,9/17 15:00,164,False,True,data_0_0,mtx,"<tr class=""mtx"" style=""text-align:right;""><td style=""white-space:nowrap""><div class=""a_print""><a href=""monthly_a1.php?prec_no=45&amp;block_no=0916&amp;year=1995&amp;month=&amp;day=&amp;view=a5"">1995</a></div></td><td class=""data_0_0"">17</td><td class=""data_0_0""> 9/17 11:00</td><td class=""data_0_0"">44</td><td class=""data_0_0""> 9/17 12:00</td><td class=""data_0_0"">62</td><td class=""data_0_0""> 9/17 13:00</td><td class=""data_0_0"">103</td><td class=""data_0_0""> 9/17 13:00</td><td class=""data_0_0"">164</td><td class=""data_0_0""> 9/17 15:00</td><td class=""data_0_0"">182</td><td class=""data_0_0""> 9/18 06:00</td><td class=""data_0_0"">193</td><td class=""data_0_0""> 9/18 07:00</td></tr>"
佐倉,0916,1996,243.0,9/23 01:00,243,False,True,data_0_0,mtx,"<tr class=""mtx"" style=""text-align:right;""><td style=""white-space:nowrap""><div class=""a_print""><a href=""monthly_a1.php?prec_no=45&amp;block_no=0916&amp;year=1996&amp;month=&amp;day=&amp;view=a5"">1996</a></div></td><td class=""data_0_0"">36</td><td class=""data_0_0""> 9/22 12:00</td><td class=""data_0_0"">92</td><td class=""data_0_0""> 9/22 12:00</td><td class=""data_0_0"">155</td><td class=""data_0_0""> 9/22 15:00</td><td class=""data_0_0"">225</td><td class=""data_0_0""> 9/22 17:00</td><td class=""data_0_0"">243</td><td class=""data_0_0""> 9/23 01:00</td><td class=""data_0_0"">244</td><td class=""data_0_0""> 9/22 23:00</td><td class=""data_0_0"">244</td><td class=""data_0_0""> 9/23 23:00</td></tr>"
佐倉,0916,1997,92.0,5/25 10:00,92,False,True,data_0_0,mtx,"<tr class=""mtx"" style=""text-align:right;""><td style=""white-space:nowrap""><div class=""a_print""><a href=""monthly_a1.php?prec_no=45&amp;block_no=0916&amp;year=1997&amp;month=&amp;day=&amp;view=a5"">1997</a></div></td><td class=""data_0_0"">31</td><td class=""data_0_0""> 5/25 03:00</td><td class=""data_0_0"">52</td><td class=""data_0_0""> 5/25 03:00</td><td class=""data_0_0"">67</td><td class=""data_0_0""> 5/25 04:00</td><td class=""data_0_0"">78</td><td class=""data_0_0""> 5/25 05:00</td><td class=""data_0_0"">92</td><td class=""data_0_0""> 5/25 10:00</td><td class=""data_0_0"">93</td><td class=""data_0_0""> 5/26 01:00</td><td class=""data_0_0"">111</td><td class=""data_0_0""> 5/25 04:00</td></tr>"
佐倉,0916,1998,47.0,5/19 09:00,47 ],False,False,data_0_0,mtx,"<tr class=""mtx"" style=""text-align:right;""><td style=""white-space:nowrap""><div class=""a_print""><a href=""monthly_a1.php?prec_no=45&amp;block_no=0916&amp;year=1998&amp;month=&amp;day=&amp;view=a5"">1998</a></div></td><td class=""data_0_0"">25 ]</td><td class=""data_0_0""> 5/19 08:00</td><td class=""data_0_0"">36 ]</td><td class=""data_0_0""> 5/19 09:00</td><td class=""data_0_0"">43 ]</td><td class=""data_0_0""> 5/19 09:00</td><td class=""data_0_0"">44 ]</td><td class=""data_0_0""> 5/19 10:00</td><td class=""data_0_0"">47 ]</td><td class=""data_0_0""> 5/19 09:00</td><td class=""data_0_0"">57 ]</td><td class=""data_0_0""> 5/19 08:00</td><td class=""data_0_0"">66 ]</td><td class=""data_0_0""> 5/20 07:00</td></tr>"
佐倉,0916,1999,151.0,7/14 03:00,151,False,True,data_0_0,mtx,"<tr class=""mtx"" style=""text-align:right;""><td style=""white-space:nowrap""><div class=""a_print""><a href=""monthly_a1.php?prec_no=45&amp;block_no=0916&amp;year=1999&amp;month=&amp;day=&amp;view=a5"">1999</a></div></td><td class=""data_0_0"">27</td><td class=""data_0_0""> 7/13 22:00</td><td class=""data_0_0"">60</td><td class=""data_0_0""> 7/13 24:00</td><td class=""data_0_0"">72</td><td class=""data_0_0""> 7/14 03:00</td><td class=""data_0_0"">108</td><td class=""data_0_0""> 7/14 02:00</td><td class=""data_0_0"">151</td><td class=""data_0_0""> 7/14 03:00</td><td class=""data_0_0"">164</td><td class=""data_0_0""> 7/14 11:00</td><td class=""data_0_0"">208</td><td class=""data_0_0""> 7/13 24:00</td></tr>"
佐倉,0916,2000,139.0,7/08 15:00,139,False,True,data_0_0,mtx,"<tr class=""mtx"" style=""text-align:right;""><td style=""white-space:nowrap""><div class=""a_print""><a href=""monthly_a1.php?prec_no=45&amp;block_no=0916&amp;year=2000&amp;month=&amp;day=&amp;view=a5"">2000</a></div></td><td class=""data_0_0"">28</td><td class=""data_0_0""> 8/09 21:00</td><td class=""data_0_0"">41</td><td class=""data_0_0""> 7/08 05:00</td><td class=""data_0_0"">74</td><td class=""data_0_0""> 7/08 08:00</td><td class=""data_0_0"">125</td><td class=""data_0_0""> 7/08 08:00</td><td class=""data_0_0"">139</td><td class=""data_0_0""> 7/08 15:00</td><td class=""data_0_0"">139</td><td class=""data_0_0""> 7/09 15:00</td><td class=""data_0_0"">139</td><td class=""data_0_0""> 7/10 15:00</td></tr>"
佐倉,0916,2001,209.0,10/11 04:00,209,False,True,data_0_0,mtx,"<tr class=""mtx"" style=""text-align:right;""><td style=""white-space:nowrap""><div class=""a_print""><a href=""monthly_a1.php?prec_no=45&amp;block_no=0916&amp;year=2001&amp;month=&amp;day=&amp;view=a5"">2001</a></div></td><td class=""data_0_0"">40</td><td class=""data_0_0"">10/10 21:00</td><td class=""data_0_0"">69</td><td class=""data_0_0""> 9/11 15:00</td><td class=""data_0_0"">123</td><td class=""data_0_0"">10/10 21:00</td><td class=""data_0_0"">193</td><td class=""data_0_0"">10/10 23:00</td><td class=""data_0_0"">209</td><td class=""data_0_0"">10/11 04:00</td><td class=""data_0_0"">209</td><td class=""data_0_0"">10/12 04:00</td><td class=""data_0_0"">218</td><td class=""data_0_0"">10/11 13:00</td></tr>"
佐倉,0916,2002,66.0,10/01 23:00,66,False,True,data_0_0,mtx,"<tr class=""mtx"" style=""text-align:right;""><td style=""white-space:nowrap""><div class=""a_print""><a href=""monthly_a1.php?prec_no=45&amp;block_no=0916&amp;year=2002&amp;month=&amp;day=&amp;view=a5"">2002</a></div></td><td class=""data_0_0"">39</td><td class=""data_0_0""> 7/16 12:00</td><td class=""data_0_0"">53</td><td class=""data_0_0""> 7/16 13:00</td><td class=""data_0_0"">53</td><td class=""data_0_0""> 7/16 16:00</td><td class=""data_0_0"">58</td><td class=""data_0_0""> 6/18 20:00</td><td class=""data_0_0"">66</td><td class=""data_0_0"">10/01 23:00</td><td class=""data_0_0"">89 ]</td><td class=""data_0_0"">10/02 10:00</td><td class=""data_0_0"">89 ]</td><td class=""data_0_0"">10/03 10:00</td></tr>"
佐倉,0916,2003,166.0,8/15 18:40,166,False,True,data_1t_0,mtx,"<tr class=""mtx"" style=""text-align:right;""><td style=""white-space:nowrap""><div class=""a_print""><a href=""monthly_a1.php?prec_no=45&amp;block_no=0916&amp;year=2003&amp;month=&amp;day=&amp;view=a5"">2003</a></div></td><td class=""data_1t_0"">39</td><td class=""data_1t_0""> 5/20 20:40</td><td class=""data_1t_0"">55</td><td class=""data_1t_0""> 5/20 21:00</td><td class=""data_1t_0"">65</td><td class=""data_1t_0""> 5/20 23:40</td><td class=""data_1t_0"">114</td><td class=""data_1t_0""> 8/15 10:10</td><td class=""data_1t_0"">166</td><td class=""data_1t_0""> 8/15 18:40</td><td class=""data_1t_0"">204</td><td class=""data_1t_0""> 8/16 13:20</td><td class=""data_1t_0"">226</td><td class=""data_1t_0""> 8/17 03:00</td></tr>"
佐倉,0916,2004,181.0,10/09 18:40,181,False,True,data_0_0,mtx,"<tr class=""mtx"" style=""text-align:right;""><td style=""white-space:nowrap""><div class=""a_print""><a href=""monthly_a1.php?prec_no=45&amp;block_no=0916&amp;year=2004&amp;month=&amp;day=&amp;view=a5"">2004</a></div></td><td class=""data_0_0"">48</td><td class=""data_0_0""> 9/04 21:00</td><td class=""data_0_0"">98</td><td class=""data_0_0""> 9/04 21:50</td><td class=""data_0_0"">131</td><td class=""data_0_0""> 9/05 00:10</td><td class=""data_0_0"">135</td><td class=""data_0_0""> 9/05 06:10</td><td class=""data_0_0"">181</td><td class=""data_0_0"">10/09 18:40</td><td class=""data_0_0"">187</td><td class=""data_0_0"">10/10 13:20</td><td class=""data_0_0"">196</td><td class=""data_0_0"">10/11 14:50</td></tr>"
佐倉,0916,2005,114.0,8/26 06:00,114,False,True,data_0_0,mtx,"<tr class=""mtx"" style=""text-align:right;""><td style=""white-space:nowrap""><div class=""a_print""><a href=""monthly_a1.php?prec_no=45&amp;block_no=0916&amp;year=2005&amp;month=&amp;day=&amp;view=a5"">2005</a></div></td><td class=""data_0_0"">21</td><td class=""data_0_0""> 7/06 01:10</td><td class=""data_0_0"">41</td><td class=""data_0_0""> 7/06 03:30</td><td class=""data_0_0"">67</td><td class=""data_0_0""> 7/06 06:30</td><td class=""data_0_0"">83</td><td class=""data_0_0""> 8/26 06:10</td><td class=""data_0_0"">114</td><td class=""data_0_0""> 8/26 06:00</td><td class=""data_0_0"">119</td><td class=""data_0_0""> 8/26 06:50</td><td class=""data_0_0"">138</td><td class=""data_0_0""> 7/06 21:50</td></tr>"
佐倉,0916,2006,172.0,10/06 23:00,172,False,True,data_0_0,mtx,"<tr class=""mtx"" style=""text-align:right;""><td style=""white-space:nowrap""><div class=""a_print""><a href=""monthly_a1.php?prec_no=45&amp;block_no=0916&amp;year=2006&amp;month=&amp;day=&amp;view=a5"">2006</a></div></td><td class=""data_0_0"">29</td><td class=""data_0_0""> 1/14 18:50</td><td class=""data_0_0"">47</td><td class=""data_0_0""> 1/14 18:50</td><td class=""data_0_0"">76</td><td class=""data_0_0"">12/26 21:30</td><td class=""data_0_0"">139</td><td class=""data_0_0"">12/27 01:50</td><td class=""data_0_0"">172</td><td class=""data_0_0"">10/06 23:00</td><td class=""data_0_0"">198</td><td class=""data_0_0"">10/07 14:30</td><td class=""data_0_0"">198</td><td class=""data_0_0"">10/08 14:30</td></tr>"
佐倉,0916,2007,110.0,10/28 02:00,110,False,True,data_0_0,mtx,"<tr class=""mtx"" style=""text-align:right;""><td style=""white-space:nowrap""><div class=""a_print""><a href=""monthly_a1.php?prec_no=45&amp;block_no=0916&amp;year=2007&amp;month=&amp;day=&amp;view=a5"">2007</a></div></td><td class=""data_0_0"">28</td><td class=""data_0_0""> 9/12 06:40</td><td class=""data_0_0"">47</td><td class=""data_0_0""> 9/12 07:10</td><td class=""data_0_0"">60</td><td class=""data_0_0"">10/27 18:50</td><td class=""data_0_0"">93</td><td class=""data_0_0"">10/27 19:10</td><td class=""data_0_0"">110</td><td class=""data_0_0"">10/28 02:00</td><td class=""data_0_0"">118</td><td class=""data_0_0""> 7/16 03:50</td><td class=""data_0_0"">120</td><td class=""data_0_0""> 7/17 08:50</td></tr>"
佐倉,0916,2008,87.0,4/08 21:10,87.0,False,True,data_0_0,mtx,"<tr class=""mtx"" style=""text-align:right;""><td style=""white-space:nowrap""><div class=""a_print""><a href=""monthly_a1.php?prec_no=45&amp;block_no=0916&amp;year=2008&amp;month=&amp;day=&amp;view=a5"">2008</a></div></td><td class=""data_0_0"">25.0</td><td class=""data_0_0""> 9/20 02:20</td><td class=""data_0_0"">58.0</td><td class=""data_0_0""> 9/20 03:00</td><td class=""data_0_0"">73.5</td><td class=""data_0_0""> 9/20 05:40</td><td class=""data_0_0"">79.0 ]</td><td class=""data_0_0""> 9/20 08:20</td><td class=""data_0_0"">87.0</td><td class=""data_0_0""> 4/08 21:10</td><td class=""data_0_0"">91.5</td><td class=""data_0_0""> 9/21 21:50</td><td class=""data_0_0"">117.5</td><td class=""data_0_0""> 9/22 15:00</td></tr>"
佐倉,0916,2009,175.5,8/10 14:50,175.5,False,True,data_0_0,mtx,"<tr class=""mtx"" style=""text-align:right;""><td style=""white-space:nowrap""><div class=""a_print""><a href=""monthly_a1.php?prec_no=45&amp;block_no=0916&amp;year=2009&amp;month=&amp;day=&amp;view=a5"">2009</a></div></td><td class=""data_0_0"">65.0</td><td class=""data_0_0""> 8/10 09:00</td><td class=""data_0_0"">85.5</td><td class=""data_0_0""> 8/10 09:10</td><td class=""data_0_0"">110.0</td><td class=""data_0_0""> 8/10 13:00</td><td class=""data_0_0"">137.0</td><td class=""data_0_0""> 8/10 13:30</td><td class=""data_0_0"">175.5</td><td class=""data_0_0""> 8/10 14:50</td><td class=""data_0_0"">179.5</td><td class=""data_0_0""> 8/11 09:30</td><td class=""data_0_0"">187.0</td><td class=""data_0_0""> 8/10 19:00</td></tr>"
佐倉,0916,2010,115.5,9/28 08:20,115.5,False,True,data_0_0,mtx,"<tr class=""mtx"" style=""text-align:right;""><td style=""white-space:nowrap""><div class=""a_print""><a href=""monthly_a1.php?prec_no=45&amp;block_no=0916&amp;year=2010&amp;month=&amp;day=&amp;view=a5"">2010</a></div></td><td class=""data_0_0"">45.5</td><td class=""data_0_0""> 9/16 09:30</td><td class=""data_0_0"">81.0</td><td class=""data_0_0""> 9/08 18:40</td><td class=""data_0_0"">93.0</td><td class=""data_0_0""> 9/08 18:50</td><td class=""data_0_0"">99.5</td><td class=""data_0_0""> 9/09 00:50</td><td class=""data_0_0"">115.5</td><td class=""data_0_0""> 9/28 08:20</td><td class=""data_0_0"">144.5</td><td class=""data_0_0""> 9/28 21:50</td><td class=""data_0_0"">144.5</td><td class=""data_0_0""> 9/29 21:50</td></tr>"
佐倉,0916,2011,153.0,9/21 18:50,153.0,False,True,data_0_0,mtx,"<tr class=""mtx"" style=""text-align:right;""><td style=""white-space:nowrap""><div class=""a_print""><a href=""monthly_a1.php?prec_no=45&amp;block_no=0916&amp;year=2011&amp;month=&amp;day=&amp;view=a5"">2011</a></div></td><td class=""data_0_0"">29.0</td><td class=""data_0_0""> 8/05 14:10</td><td class=""data_0_0"">38.5</td><td class=""data_0_0""> 9/21 04:00</td><td class=""data_0_0"">67.5</td><td class=""data_0_0""> 9/21 06:50</td><td class=""data_0_0"">98.0</td><td class=""data_0_0""> 9/21 10:00</td><td class=""data_0_0"">153.0</td><td class=""data_0_0""> 9/21 18:50</td><td class=""data_0_0"">163.0</td><td class=""data_0_0""> 9/22 01:40</td><td class=""data_0_0"">164.0</td><td class=""data_0_0""> 9/23 01:40</td></tr>"
佐倉,0916,2012,67.5,5/03 19:20,67.5,False,True,data_0_0,mtx,"<tr class=""mtx"" style=""text-align:right;""><td style=""white-space:nowrap""><div class=""a_print""><a href=""monthly_a1.php?prec_no=45&amp;block_no=0916&amp;year=2012&amp;month=&amp;day=&amp;view=a5"">2012</a></div></td><td class=""data_0_0"">31.5</td><td class=""data_0_0""> 6/22 07:10</td><td class=""data_0_0"">50.0</td><td class=""data_0_0""> 6/22 07:50</td><td class=""data_0_0"">55.5</td><td class=""data_0_0""> 6/22 10:40</td><td class=""data_0_0"">58.0</td><td class=""data_0_0""> 6/20 01:20</td><td class=""data_0_0"">67.5</td><td class=""data_0_0""> 5/03 19:20</td><td class=""data_0_0"">77.5</td><td class=""data_0_0""> 5/04 12:40</td><td class=""data_0_0"">114.0</td><td class=""data_0_0""> 6/22 13:20</td></tr>"
佐倉,0916,2013,301.5,10/16 14:00,301.5,False,True,data_0_0,mtx,"<tr class=""mtx"" style=""text-align:right;""><td style=""white-space:nowrap""><div class=""a_print""><a href=""monthly_a1.php?prec_no=45&amp;block_no=0916&amp;year=2013&amp;month=&amp;day=&amp;view=a5"">2013</a></div></td><td class=""data_0_0"">49.5</td><td class=""data_0_0"">10/16 06:00</td><td class=""data_0_0"">114.0</td><td class=""data_0_0"">10/16 06:20</td><td class=""data_0_0"">189.0</td><td class=""data_0_0"">10/16 06:20</td><td class=""data_0_0"">256.5</td><td class=""data_0_0"">10/16 07:40</td><td class=""data_0_0"">301.5</td><td class=""data_0_0"">10/16 14:00</td><td class=""data_0_0"">301.5</td><td class=""data_0_0"">10/17 14:00</td><td class=""data_0_0"">301.5</td><td class=""data_0_0"">10/18 14:00</td></tr>"
佐倉,0916,2014,148.0,10/06 11:20,148.0,False,True,data_0_0,mtx,"<tr class=""mtx"" style=""text-align:right;""><td style=""white-space:nowrap""><div class=""a_print""><a href=""monthly_a1.php?prec_no=45&amp;block_no=0916&amp;year=2014&amp;month=&amp;day=&amp;view=a5"">2014</a></div></td><td class=""data_0_0"">45.0</td><td class=""data_0_0""> 7/19 20:20</td><td class=""data_0_0"">54.0</td><td class=""data_0_0"">10/06 11:10</td><td class=""data_0_0"">69.0</td><td class=""data_0_0"">10/06 11:30</td><td class=""data_0_0"">99.0</td><td class=""data_0_0""> 6/07 03:20</td><td class=""data_0_0"">148.0</td><td class=""data_0_0"">10/06 11:20</td><td class=""data_0_0"">180.0</td><td class=""data_0_0""> 6/08 04:50</td><td class=""data_0_0"">190.0</td><td class=""data_0_0""> 6/08 12:30</td></tr>"
佐倉,0916,2015,113.5,7/04 03:00,113.5,False,True,data_0_0,mtx,"<tr class=""mtx"" style=""text-align:right;""><td style=""white-space:nowrap""><div class=""a_print""><a href=""monthly_a1.php?prec_no=45&amp;block_no=0916&amp;year=2015&amp;month=&amp;day=&amp;view=a5"">2015</a></div></td><td class=""data_0_0"">67.0</td><td class=""data_0_0""> 6/23 19:00</td><td class=""data_0_0"">77.0</td><td class=""data_0_0""> 6/23 21:00</td><td class=""data_0_0"">83.5</td><td class=""data_0_0""> 6/23 24:00</td><td class=""data_0_0"">83.5</td><td class=""data_0_0""> 6/24 06:00</td><td class=""data_0_0"">113.5</td><td class=""data_0_0""> 7/04 03:00</td><td class=""data_0_0"">138.5</td><td class=""data_0_0""> 9/10 08:50</td><td class=""data_0_0"">162.0</td><td class=""data_0_0""> 9/10 19:30</td></tr>"
佐倉,0916,2016,98.5,8/23 00:10,98.5,False,True,data_0_0,mtx,"<tr class=""mtx"" style=""text-align:right;""><td style=""white-space:nowrap""><div class=""a_print""><a href=""monthly_a1.php?prec_no=45&amp;block_no=0916&amp;year=2016&amp;month=&amp;day=&amp;view=a5"">2016</a></div></td><td class=""data_0_0"">53.5</td><td class=""data_0_0""> 8/24 13:00</td><td class=""data_0_0"">63.0</td><td class=""data_0_0""> 8/24 14:50</td><td class=""data_0_0"">68.0</td><td class=""data_0_0""> 8/22 15:40</td><td class=""data_0_0"">98.0</td><td class=""data_0_0""> 8/22 18:50</td><td class=""data_0_0"">98.5</td><td class=""data_0_0""> 8/23 00:10</td><td class=""data_0_0"">104.0</td><td class=""data_0_0""> 8/24 13:50</td><td class=""data_0_0"">167.0</td><td class=""data_0_0""> 8/25 00:10</td></tr>"
佐倉,0916,2017,117.5,10/23 06:40,117.5,False,True,data_0_0,mtx,"<tr class=""mtx"" style=""text-align:right;""><td style=""white-space:nowrap""><div class=""a_print""><a href=""monthly_a1.php?prec_no=45&amp;block_no=0916&amp;year=2017&amp;month=&amp;day=&amp;view=a5"">2017</a></div></td><td class=""data_0_0"">44.0</td><td class=""data_0_0""> 7/04 21:50</td><td class=""data_0_0"">68.0</td><td class=""data_0_0""> 9/28 07:00</td><td class=""data_0_0"">86.5</td><td class=""data_0_0""> 9/28 08:30</td><td class=""data_0_0"">96.5</td><td class=""data_0_0""> 9/28 12:00</td><td class=""data_0_0"">117.5</td><td class=""data_0_0"">10/23 06:40</td><td class=""data_0_0"">141.0</td><td class=""data_0_0"">10/23 06:40</td><td class=""data_0_0"">147.0</td><td class=""data_0_0"">10/23 06:40</td></tr>"
佐倉,0916,2018,62.0,10/01 02:30,62.0,False,True,data_0_0,mtx,"<tr class=""mtx"" style=""text-align:right;""><td style=""white-space:nowrap""><div class=""a_print""><a href=""monthly_a1.php?prec_no=45&amp;block_no=0916&amp;year=2018&amp;month=&amp;day=&amp;view=a5"">2018</a></div></td><td class=""data_0_0"">44.0</td><td class=""data_0_0""> 7/12 01:30</td><td class=""data_0_0"">44.0</td><td class=""data_0_0""> 7/12 03:30</td><td class=""data_0_0"">46.5</td><td class=""data_0_0""> 5/13 21:00</td><td class=""data_0_0"">49.0</td><td class=""data_0_0""> 5/14 02:50</td><td class=""data_0_0"">62.0</td><td class=""data_0_0"">10/01 02:30</td><td class=""data_0_0"">73.0</td><td class=""data_0_0"">10/01 10:50</td><td class=""data_0_0"">78.0</td><td class=""data_0_0""> 5/10 14:50</td></tr>"
佐倉,0916,2019,248.5,10/25 23:50,248.5,False,True,data_0_0,mtx,"<tr class=""mtx"" style=""text-align:right;""><td style=""white-space:nowrap""><div class=""a_print""><a href=""monthly_a1.php?prec_no=45&amp;block_no=0916&amp;year=2019&amp;month=&amp;day=&amp;view=a5"">2019</a></div></td><td class=""data_0_0"">53.5</td><td class=""data_0_0"">10/25 13:40</td><td class=""data_0_0"">121.0</td><td class=""data_0_0"">10/25 14:30</td><td class=""data_0_0"">183.0</td><td class=""data_0_0"">10/25 14:20</td><td class=""data_0_0"">248.0</td><td class=""data_0_0"">10/25 16:50</td><td class=""data_0_0"">248.5</td><td class=""data_0_0"">10/25 23:50</td><td class=""data_0_0"">248.5</td><td class=""data_0_0"">10/26 23:50</td><td class=""data_0_0"">248.5</td><td class=""data_0_0"">10/27 23:50</td></tr>"
佐倉,0916,2020,76.0,4/19 02:30,76.0,False,True,data_0_0,mtx,"<tr class=""mtx"" style=""text-align:right;""><td style=""white-space:nowrap""><div class=""a_print""><a href=""monthly_a1.php?prec_no=45&amp;block_no=0916&amp;year=2020&amp;month=&amp;day=&amp;view=a5"">2020</a></div></td><td class=""data_0_0"">33.5</td><td class=""data_0_0""> 7/02 00:40</td><td class=""data_0_0"">50.0</td><td class=""data_0_0""> 7/22 14:10</td><td class=""data_0_0"">52.5</td><td class=""data_0_0""> 4/18 15:30</td><td class=""data_0_0"">73.0</td><td class=""data_0_0""> 4/18 16:10</td><td class=""data_0_0"">76.0</td><td class=""data_0_0""> 4/19 02:30</td><td class=""data_0_0"">99.5</td><td class=""data_0_0"">10/10 22:50</td><td class=""data_0_0"">136.0</td><td class=""data_0_0"">10/10 22:50</td></tr>"
佐倉,0916,2021,118.5,7/03 07:50,118.5,False,True,data_0_0,mtx,"<tr class=""mtx"" style=""text-align:right;""><td style=""white-space:nowrap""><div class=""a_print""><a href=""monthly_a1.php?prec_no=45&amp;block_no=0916&amp;year=2021&amp;month=&amp;day=&amp;view=a5"">2021</a></div></td><td class=""data_0_0"">37.0</td><td class=""data_0_0""> 8/23 10:20</td><td class=""data_0_0"">43.5</td><td class=""data_0_0"">12/01 07:40</td><td class=""data_0_0"">51.5</td><td class=""data_0_0"">12/01 09:30</td><td class=""data_0_0"">80.5</td><td class=""data_0_0""> 8/08 12:50</td><td class=""data_0_0"">118.5</td><td class=""data_0_0""> 7/03 07:50</td><td class=""data_0_0"">160.0</td><td class=""data_0_0""> 8/15 17:20</td><td class=""data_0_0"">182.5</td><td class=""data_0_0""> 7/04 03:10</td></tr>"
佐倉,0916,2022,78.0,8/14 11:40,78.0,False,True,data_0_0,mtx,"<tr class=""mtx"" style=""text-align:right;""><td style=""white-space:nowrap""><div class=""a_print""><a href=""monthly_a1.php?prec_no=45&amp;block_no=0916&amp;year=2022&amp;month=&amp;day=&amp;view=a5"">2022</a></div></td><td class=""data_0_0"">50.5</td><td class=""data_0_0""> 8/13 20:20</td><td class=""data_0_0"">64.0</td><td class=""data_0_0""> 8/13 20:40</td><td class=""data_0_0"">69.5</td><td class=""data_0_0""> 8/13 21:00</td><td class=""data_0_0"">78.0</td><td class=""data_0_0""> 8/13 23:40</td><td class=""data_0_0"">78.0</td><td class=""data_0_0""> 8/14 11:40</td><td class=""data_0_0"">78.0</td><td class=""data_0_0""> 8/15 11:40</td><td class=""data_0_0"">79.0</td><td class=""data_0_0""> 8/14 11:50</td></tr>"
佐倉,0916,2023,234.0,9/09 03:40,234.0,False,True,data_0_0,mtx,"<tr class=""mtx"" style=""text-align:right;""><td style=""white-space:nowrap""><div class=""a_print""><a href=""monthly_a1.php?prec_no=45&amp;block_no=0916&amp;year=2023&amp;month=&amp;day=&amp;view=a5"">2023</a></div></td><td class=""data_0_0"">47.0</td><td class=""data_0_0""> 9/08 11:50</td><td class=""data_0_0"">96.0</td><td class=""data_0_0""> 9/08 13:10</td><td class=""data_0_0"">161.5</td><td class=""data_0_0""> 9/08 13:20</td><td class=""data_0_0"">212.0</td><td class=""data_0_0""> 9/08 16:00</td><td class=""data_0_0"">234.0</td><td class=""data_0_0""> 9/09 03:40</td><td class=""data_0_0"">247.0</td><td class=""data_0_0""> 9/08 18:20</td><td class=""data_0_0"">269.5</td><td class=""data_0_0""> 9/09 08:20</td></tr>"
佐倉,0916,2024,89.5,8/30 16:40,89.5,False,True,data_0_0,mtx,"<tr class=""mtx"" style=""text-align:right;""><td style=""white-space:nowrap""><div class=""a_print""><a href=""monthly_a1.php?prec_no=45&amp;block_no=0916&amp;year=2024&amp;month=&amp;day=&amp;view=a5"">2024</a></div></td><td class=""data_0_0"">52.5</td><td class=""data_0_0""> 9/03 07:30</td><td class=""data_0_0"">59.0</td><td class=""data_0_0""> 9/03 09:30</td><td class=""data_0_0"">63.5</td><td class=""data_0_0""> 9/03 08:40</td><td class=""data_0_0"">84.0</td><td class=""data_0_0""> 8/30 10:10</td><td class=""data_0_0"">89.5</td><td class=""data_0_0""> 8/30 16:40</td><td class=""data_0_0"">150.0</td><td class=""data_0_0""> 8/31 16:40</td><td class=""data_0_0"">159.5</td><td class=""data_0_0""> 9/01 20:50</td></tr>"
佐倉,0916,2025,87.5,9/05 22:10,87.5,False,True,data_0_0,mtx,"<tr class=""mtx"" style=""text-align:right;""><td style=""white-space:nowrap""><div class=""a_print""><a href=""monthly_a1.php?prec_no=45&amp;block_no=0916&amp;year=2025&amp;month=&amp;day=&amp;view=a5"">2025</a></div></td><td class=""data_0_0"">32.0</td><td class=""data_0_0""> 9/05 15:20</td><td class=""data_0_0"">55.5</td><td class=""data_0_0""> 9/05 16:00</td><td class=""data_0_0"">67.5</td><td class=""data_0_0""> 9/05 16:20</td><td class=""data_0_0"">85.0</td><td class=""data_0_0""> 9/05 16:40</td><td class=""data_0_0"">87.5</td><td class=""data_0_0""> 9/05 22:10</td><td class=""data_0_0"">94.0</td><td class=""data_0_0""> 9/06 08:50</td><td class=""data_0_0"">94.0</td><td class=""data_0_0""> 9/07 08:50</td></tr>"
横芝光,1003,1976,62.0,10/25 10:00,62,False,True,data_0_0,mtx,"<tr class=""mtx"" style=""text-align:right;""><td style=""white-space:nowrap""><div class=""a_print""><a href=""monthly_a1.php?prec_no=45&amp;block_no=1003&amp;year=1976&amp;month=&amp;day=&amp;view=a5"">1976</a></div></td><td class=""data_0_0"">15</td><td class=""data_0_0""> 4/07 02:00</td><td class=""data_0_0"">28</td><td class=""data_0_0"">10/24 17:00</td><td class=""data_0_0"">45</td><td class=""data_0_0"">10/24 17:00</td><td class=""data_0_0"">61</td><td class=""data_0_0"">10/24 22:00</td><td class=""data_0_0"">62</td><td class=""data_0_0"">10/25 10:00</td><td class=""data_0_0"">63</td><td class=""data_0_0"">10/26 07:00</td><td class=""data_0_0"">63</td><td class=""data_0_0"">10/27 07:00</td></tr>"
横芝光,1003,1977,137.0,11/17 17:00,137,False,True,data_0_0,mtx,"<tr class=""mtx"" style=""text-align:right;""><td style=""white-space:nowrap""><div class=""a_print""><a href=""monthly_a1.php?prec_no=45&amp;block_no=1003&amp;year=1977&amp;month=&amp;day=&amp;view=a5"">1977</a></div></td><td class=""data_0_0"">27</td><td class=""data_0_0"">11/17 06:00</td><td class=""data_0_0"">60</td><td class=""data_0_0"">11/17 07:00</td><td class=""data_0_0"">70</td><td class=""data_0_0"">11/17 08:00</td><td class=""data_0_0"">99</td><td class=""data_0_0"">11/17 14:00</td><td class=""data_0_0"">137</td><td class=""data_0_0"">11/17 17:00</td><td class=""data_0_0"">140</td><td class=""data_0_0"">11/18 16:00</td><td class=""data_0_0"">140</td><td class=""data_0_0"">11/19 16:00</td></tr>"
横芝光,1003,1978,58.0,6/24 06:00,58,False,True,data_0_0,mtx,"<tr class=""mtx"" style=""text-align:right;""><td style=""white-space:nowrap""><div class=""a_print""><a href=""monthly_a1.php?prec_no=45&amp;block_no=1003&amp;year=1978&amp;month=&amp;day=&amp;view=a5"">1978</a></div></td><td class=""data_0_0"">14</td><td class=""data_0_0"">10/20 07:00</td><td class=""data_0_0"">29</td><td class=""data_0_0""> 6/23 11:00</td><td class=""data_0_0"">44</td><td class=""data_0_0""> 6/23 13:00</td><td class=""data_0_0"">49</td><td class=""data_0_0"">10/20 11:00</td><td class=""data_0_0"">58</td><td class=""data_0_0""> 6/24 06:00</td><td class=""data_0_0"">63</td><td class=""data_0_0""> 6/25 01:00</td><td class=""data_0_0"">65</td><td class=""data_0_0""> 6/26 01:00</td></tr>"
横芝光,1003,1979,73.0,10/07 16:00,73,False,True,data_0_0,mtx,"<tr class=""mtx"" style=""text-align:right;""><td style=""white-space:nowrap""><div class=""a_print""><a href=""monthly_a1.php?prec_no=45&amp;block_no=1003&amp;year=1979&amp;month=&amp;day=&amp;view=a5"">1979</a></div></td><td class=""data_0_0"">38</td><td class=""data_0_0""> 4/08 23:00</td><td class=""data_0_0"">52</td><td class=""data_0_0""> 4/08 23:00</td><td class=""data_0_0"">56</td><td class=""data_0_0"">11/29 02:00</td><td class=""data_0_0"">63</td><td class=""data_0_0"">10/07 17:00</td><td class=""data_0_0"">73</td><td class=""data_0_0"">10/07 16:00</td><td class=""data_0_0"">89</td><td class=""data_0_0"">10/07 21:00</td><td class=""data_0_0"">89</td><td class=""data_0_0"">10/08 21:00</td></tr>"
横芝光,1003,1980,58.0,1/29 19:00,58,False,True,data_0_0,mtx,"<tr class=""mtx"" style=""text-align:right;""><td style=""white-space:nowrap""><div class=""a_print""><a href=""monthly_a1.php?prec_no=45&amp;block_no=1003&amp;year=1980&amp;month=&amp;day=&amp;view=a5"">1980</a></div></td><td class=""data_0_0"">26 ]</td><td class=""data_0_0""> 8/29 15:00</td><td class=""data_0_0"">37 ]</td><td class=""data_0_0""> 1/29 01:00</td><td class=""data_0_0"">51 ]</td><td class=""data_0_0""> 1/29 04:00</td><td class=""data_0_0"">56</td><td class=""data_0_0""> 1/29 07:00</td><td class=""data_0_0"">58</td><td class=""data_0_0""> 1/29 19:00</td><td class=""data_0_0"">86 ]</td><td class=""data_0_0""> 1/30 19:00</td><td class=""data_0_0"">86</td><td class=""data_0_0""> 1/31 19:00</td></tr>"
横芝光,1003,1981,104.0,10/23 06:00,104 ],False,False,data_0_0,mtx,"<tr class=""mtx"" style=""text-align:right;""><td style=""white-space:nowrap""><div class=""a_print""><a href=""monthly_a1.php?prec_no=45&amp;block_no=1003&amp;year=1981&amp;month=&amp;day=&amp;view=a5"">1981</a></div></td><td class=""data_0_0"">25</td><td class=""data_0_0""> 9/26 02:00</td><td class=""data_0_0"">48</td><td class=""data_0_0""> 9/26 03:00</td><td class=""data_0_0"">57</td><td class=""data_0_0"">10/22 23:00</td><td class=""data_0_0"">88</td><td class=""data_0_0"">10/22 22:00</td><td class=""data_0_0"">104 ]</td><td class=""data_0_0"">10/23 06:00</td><td class=""data_0_0"">104 ]</td><td class=""data_0_0"">10/24 06:00</td><td class=""data_0_0"">104 ]</td><td class=""data_0_0"">10/25 06:00</td></tr>"
横芝光,1003,1982,82.0,9/11 11:00,82,False,True,data_0_0,mtx,"<tr class=""mtx"" style=""text-align:right;""><td style=""white-space:nowrap""><div class=""a_print""><a href=""monthly_a1.php?prec_no=45&amp;block_no=1003&amp;year=1982&amp;month=&amp;day=&amp;view=a5"">1982</a></div></td><td class=""data_0_0"">42</td><td class=""data_0_0""> 9/25 16:00</td><td class=""data_0_0"">56</td><td class=""data_0_0""> 9/25 17:00</td><td class=""data_0_0"">61</td><td class=""data_0_0""> 9/10 24:00</td><td class=""data_0_0"">79</td><td class=""data_0_0""> 9/11 01:00</td><td class=""data_0_0"">82</td><td class=""data_0_0""> 9/11 11:00</td><td class=""data_0_0"">119</td><td class=""data_0_0""> 9/12 18:00</td><td class=""data_0_0"">136</td><td class=""data_0_0""> 9/13 11:00</td></tr>"
横芝光,1003,1983,111.0,6/21 16:00,111,False,True,data_0_0,mtx,"<tr class=""mtx"" style=""text-align:right;""><td style=""white-space:nowrap""><div class=""a_print""><a href=""monthly_a1.php?prec_no=45&amp;block_no=1003&amp;year=1983&amp;month=&amp;day=&amp;view=a5"">1983</a></div></td><td class=""data_0_0"">21</td><td class=""data_0_0""> 8/16 16:00</td><td class=""data_0_0"">40</td><td class=""data_0_0""> 6/21 04:00</td><td class=""data_0_0"">61</td><td class=""data_0_0""> 6/21 04:00</td><td class=""data_0_0"">93</td><td class=""data_0_0""> 6/21 11:00</td><td class=""data_0_0"">111</td><td class=""data_0_0""> 6/21 16:00</td><td class=""data_0_0"">111</td><td class=""data_0_0""> 6/22 16:00</td><td class=""data_0_0"">128</td><td class=""data_0_0""> 8/18 05:00</td></tr>"
横芝光,1003,1984,71.0,6/23 12:00,71,False,True,data_0_0,mtx,"<tr class=""mtx"" style=""text-align:right;""><td style=""white-space:nowrap""><div class=""a_print""><a href=""monthly_a1.php?prec_no=45&amp;block_no=1003&amp;year=1984&amp;month=&amp;day=&amp;view=a5"">1984</a></div></td><td class=""data_0_0"">16</td><td class=""data_0_0""> 7/20 19:00</td><td class=""data_0_0"">34</td><td class=""data_0_0""> 6/29 09:00</td><td class=""data_0_0"">47</td><td class=""data_0_0""> 6/29 09:00</td><td class=""data_0_0"">69</td><td class=""data_0_0""> 6/23 11:00</td><td class=""data_0_0"">71</td><td class=""data_0_0""> 6/23 12:00</td><td class=""data_0_0"">71</td><td class=""data_0_0""> 6/24 12:00</td><td class=""data_0_0"">77</td><td class=""data_0_0""> 6/25 12:00</td></tr>"
横芝光,1003,1985,120.0,7/01 06:00,120,False,True,data_0_0,mtx,"<tr class=""mtx"" style=""text-align:right;""><td style=""white-space:nowrap""><div class=""a_print""><a href=""monthly_a1.php?prec_no=45&amp;block_no=1003&amp;year=1985&amp;month=&amp;day=&amp;view=a5"">1985</a></div></td><td class=""data_0_0"">22</td><td class=""data_0_0""> 6/30 14:00</td><td class=""data_0_0"">44</td><td class=""data_0_0""> 6/30 14:00</td><td class=""data_0_0"">81</td><td class=""data_0_0""> 6/30 15:00</td><td class=""data_0_0"">94</td><td class=""data_0_0""> 6/30 17:00</td><td class=""data_0_0"">120</td><td class=""data_0_0""> 7/01 06:00</td><td class=""data_0_0"">146</td><td class=""data_0_0""> 7/01 22:00</td><td class=""data_0_0"">168</td><td class=""data_0_0""> 7/01 07:00</td></tr>"
横芝光,1003,1986,225.0,8/05 04:00,225,False,True,data_0_0,mtx,"<tr class=""mtx"" style=""text-align:right;""><td style=""white-space:nowrap""><div class=""a_print""><a href=""monthly_a1.php?prec_no=45&amp;block_no=1003&amp;year=1986&amp;month=&amp;day=&amp;view=a5"">1986</a></div></td><td class=""data_0_0"">38</td><td class=""data_0_0""> 8/04 17:00</td><td class=""data_0_0"">86</td><td class=""data_0_0""> 8/04 17:00</td><td class=""data_0_0"">113</td><td class=""data_0_0""> 8/04 17:00</td><td class=""data_0_0"">168</td><td class=""data_0_0""> 8/04 22:00</td><td class=""data_0_0"">225</td><td class=""data_0_0""> 8/05 04:00</td><td class=""data_0_0"">226</td><td class=""data_0_0""> 8/06 04:00</td><td class=""data_0_0"">227</td><td class=""data_0_0""> 8/07 04:00</td></tr>"
横芝光,1003,1987,156.0,9/04 13:00,156,False,True,data_0_0,mtx,"<tr class=""mtx"" style=""text-align:right;""><td style=""white-space:nowrap""><div class=""a_print""><a href=""monthly_a1.php?prec_no=45&amp;block_no=1003&amp;year=1987&amp;month=&amp;day=&amp;view=a5"">1987</a></div></td><td class=""data_0_0"">39</td><td class=""data_0_0""> 9/04 13:00</td><td class=""data_0_0"">59</td><td class=""data_0_0""> 9/04 13:00</td><td class=""data_0_0"">75</td><td class=""data_0_0""> 9/04 07:00</td><td class=""data_0_0"">143</td><td class=""data_0_0""> 9/04 13:00</td><td class=""data_0_0"">156</td><td class=""data_0_0""> 9/04 13:00</td><td class=""data_0_0"">179</td><td class=""data_0_0""> 9/05 11:00</td><td class=""data_0_0"">179</td><td class=""data_0_0""> 9/06 11:00</td></tr>"
横芝光,1003,1988,87.0,7/16 15:00,87,False,True,data_0_0,mtx,"<tr class=""mtx"" style=""text-align:right;""><td style=""white-space:nowrap""><div class=""a_print""><a href=""monthly_a1.php?prec_no=45&amp;block_no=1003&amp;year=1988&amp;month=&amp;day=&amp;view=a5"">1988</a></div></td><td class=""data_0_0"">26</td><td class=""data_0_0""> 7/16 06:00</td><td class=""data_0_0"">61</td><td class=""data_0_0""> 7/16 06:00</td><td class=""data_0_0"">75</td><td class=""data_0_0""> 7/16 07:00</td><td class=""data_0_0"">82</td><td class=""data_0_0""> 7/16 12:00</td><td class=""data_0_0"">87</td><td class=""data_0_0""> 7/16 15:00</td><td class=""data_0_0"">124</td><td class=""data_0_0""> 8/12 20:00</td><td class=""data_0_0"">166</td><td class=""data_0_0""> 9/28 13:00</td></tr>"
横芝光,1003,1989,155.0,8/01 21:00,155,False,True,data_0_0,mtx,"<tr class=""mtx"" style=""text-align:right;""><td style=""white-space:nowrap""><div class=""a_print""><a href=""monthly_a1.php?prec_no=45&amp;block_no=1003&amp;year=1989&amp;month=&amp;day=&amp;view=a5"">1989</a></div></td><td class=""data_0_0"">28</td><td class=""data_0_0""> 8/01 11:00</td><td class=""data_0_0"">53</td><td class=""data_0_0""> 8/01 12:00</td><td class=""data_0_0"">79</td><td class=""data_0_0""> 8/01 15:00</td><td class=""data_0_0"">123</td><td class=""data_0_0""> 8/01 19:00</td><td class=""data_0_0"">155</td><td class=""data_0_0""> 8/01 21:00</td><td class=""data_0_0"">160</td><td class=""data_0_0""> 8/01 23:00</td><td class=""data_0_0"">161</td><td class=""data_0_0""> 8/01 24:00</td></tr>"
横芝光,1003,1990,85.0,11/30 21:00,85,False,True,data_0_0,mtx,"<tr class=""mtx"" style=""text-align:right;""><td style=""white-space:nowrap""><div class=""a_print""><a href=""monthly_a1.php?prec_no=45&amp;block_no=1003&amp;year=1990&amp;month=&amp;day=&amp;view=a5"">1990</a></div></td><td class=""data_0_0"">30</td><td class=""data_0_0""> 8/08 21:00</td><td class=""data_0_0"">45</td><td class=""data_0_0"">11/21 03:00</td><td class=""data_0_0"">57</td><td class=""data_0_0"">11/21 03:00</td><td class=""data_0_0"">71</td><td class=""data_0_0"">11/30 21:00</td><td class=""data_0_0"">85</td><td class=""data_0_0"">11/30 21:00</td><td class=""data_0_0"">119</td><td class=""data_0_0"">11/30 21:00</td><td class=""data_0_0"">153</td><td class=""data_0_0"">11/30 23:00</td></tr>"
横芝光,1003,1991,138.0,9/19 23:00,138,False,True,data_0_0,mtx,"<tr class=""mtx"" style=""text-align:right;""><td style=""white-space:nowrap""><div class=""a_print""><a href=""monthly_a1.php?prec_no=45&amp;block_no=1003&amp;year=1991&amp;month=&amp;day=&amp;view=a5"">1991</a></div></td><td class=""data_0_0"">39</td><td class=""data_0_0""> 9/08 10:00</td><td class=""data_0_0"">91</td><td class=""data_0_0""> 9/08 10:00</td><td class=""data_0_0"">106</td><td class=""data_0_0""> 9/08 10:00</td><td class=""data_0_0"">129</td><td class=""data_0_0""> 9/08 11:00</td><td class=""data_0_0"">138</td><td class=""data_0_0""> 9/19 23:00</td><td class=""data_0_0"">154</td><td class=""data_0_0""> 9/09 23:00</td><td class=""data_0_0"">175</td><td class=""data_0_0"">10/13 16:00</td></tr>"
横芝光,1003,1992,79.0,6/24 16:00,79,False,True,data_0_0,mtx,"<tr class=""mtx"" style=""text-align:right;""><td style=""white-space:nowrap""><div class=""a_print""><a href=""monthly_a1.php?prec_no=45&amp;block_no=1003&amp;year=1992&amp;month=&amp;day=&amp;view=a5"">1992</a></div></td><td class=""data_0_0"">16</td><td class=""data_0_0""> 5/30 23:00</td><td class=""data_0_0"">36</td><td class=""data_0_0""> 4/30 15:00</td><td class=""data_0_0"">50</td><td class=""data_0_0""> 6/24 05:00</td><td class=""data_0_0"">67</td><td class=""data_0_0""> 6/24 05:00</td><td class=""data_0_0"">79</td><td class=""data_0_0""> 6/24 16:00</td><td class=""data_0_0"">79</td><td class=""data_0_0""> 6/25 16:00</td><td class=""data_0_0"">80</td><td class=""data_0_0""> 6/24 17:00</td></tr>"
横芝光,1003,1993,125.0,8/27 15:00,125,False,True,data_0_0,mtx,"<tr class=""mtx"" style=""text-align:right;""><td style=""white-space:nowrap""><div class=""a_print""><a href=""monthly_a1.php?prec_no=45&amp;block_no=1003&amp;year=1993&amp;month=&amp;day=&amp;view=a5"">1993</a></div></td><td class=""data_0_0"">32</td><td class=""data_0_0""> 8/27 11:00</td><td class=""data_0_0"">78</td><td class=""data_0_0""> 7/05 11:00</td><td class=""data_0_0"">101</td><td class=""data_0_0""> 7/05 11:00</td><td class=""data_0_0"">109</td><td class=""data_0_0""> 8/27 17:00</td><td class=""data_0_0"">125</td><td class=""data_0_0""> 8/27 15:00</td><td class=""data_0_0"">136</td><td class=""data_0_0""> 8/28 13:00</td><td class=""data_0_0"">143</td><td class=""data_0_0""> 7/05 12:00</td></tr>"
横芝光,1003,1994,155.0,9/23 12:00,155,False,True,data_0_0,mtx,"<tr class=""mtx"" style=""text-align:right;""><td style=""white-space:nowrap""><div class=""a_print""><a href=""monthly_a1.php?prec_no=45&amp;block_no=1003&amp;year=1994&amp;month=&amp;day=&amp;view=a5"">1994</a></div></td><td class=""data_0_0"">40</td><td class=""data_0_0""> 9/23 05:00</td><td class=""data_0_0"">95</td><td class=""data_0_0""> 9/23 05:00</td><td class=""data_0_0"">126</td><td class=""data_0_0""> 9/23 05:00</td><td class=""data_0_0"">128</td><td class=""data_0_0""> 9/23 11:00</td><td class=""data_0_0"">155</td><td class=""data_0_0""> 9/23 12:00</td><td class=""data_0_0"">158</td><td class=""data_0_0""> 9/24 12:00</td><td class=""data_0_0"">175</td><td class=""data_0_0""> 9/25 12:00</td></tr>"
横芝光,1003,1995,165.0,9/17 14:00,165,False,True,data_0_0,mtx,"<tr class=""mtx"" style=""text-align:right;""><td style=""white-space:nowrap""><div class=""a_print""><a href=""monthly_a1.php?prec_no=45&amp;block_no=1003&amp;year=1995&amp;month=&amp;day=&amp;view=a5"">1995</a></div></td><td class=""data_0_0"">36</td><td class=""data_0_0""> 6/04 03:00</td><td class=""data_0_0"">52</td><td class=""data_0_0""> 6/04 03:00</td><td class=""data_0_0"">61</td><td class=""data_0_0""> 9/17 13:00</td><td class=""data_0_0"">107</td><td class=""data_0_0""> 9/17 13:00</td><td class=""data_0_0"">165</td><td class=""data_0_0""> 9/17 14:00</td><td class=""data_0_0"">193</td><td class=""data_0_0""> 9/18 06:00</td><td class=""data_0_0"">208</td><td class=""data_0_0""> 9/18 04:00</td></tr>"
横芝光,1003,1996,224.0,9/23 01:00,224,False,True,data_0_0,mtx,"<tr class=""mtx"" style=""text-align:right;""><td style=""white-space:nowrap""><div class=""a_print""><a href=""monthly_a1.php?prec_no=45&amp;block_no=1003&amp;year=1996&amp;month=&amp;day=&amp;view=a5"">1996</a></div></td><td class=""data_0_0"">33</td><td class=""data_0_0""> 9/22 15:00</td><td class=""data_0_0"">73</td><td class=""data_0_0""> 9/22 15:00</td><td class=""data_0_0"">132</td><td class=""data_0_0""> 9/22 15:00</td><td class=""data_0_0"">209</td><td class=""data_0_0""> 9/22 16:00</td><td class=""data_0_0"">224</td><td class=""data_0_0""> 9/23 01:00</td><td class=""data_0_0"">232</td><td class=""data_0_0""> 9/22 23:00</td><td class=""data_0_0"">244</td><td class=""data_0_0""> 7/11 12:00</td></tr>"
横芝光,1003,1997,77.0,5/25 06:00,77,False,True,data_0_0,mtx,"<tr class=""mtx"" style=""text-align:right;""><td style=""white-space:nowrap""><div class=""a_print""><a href=""monthly_a1.php?prec_no=45&amp;block_no=1003&amp;year=1997&amp;month=&amp;day=&amp;view=a5"">1997</a></div></td><td class=""data_0_0"">27</td><td class=""data_0_0""> 5/25 04:00</td><td class=""data_0_0"">41</td><td class=""data_0_0""> 5/25 04:00</td><td class=""data_0_0"">50</td><td class=""data_0_0""> 5/25 05:00</td><td class=""data_0_0"">69</td><td class=""data_0_0""> 5/25 05:00</td><td class=""data_0_0"">77</td><td class=""data_0_0""> 5/25 06:00</td><td class=""data_0_0"">82</td><td class=""data_0_0""> 5/25 24:00</td><td class=""data_0_0"">85</td><td class=""data_0_0""> 5/25 05:00</td></tr>"
横芝光,1003,1998,85.0,7/23 05:00,85,False,True,data_0_0,mtx,"<tr class=""mtx"" style=""text-align:right;""><td style=""white-space:nowrap""><div class=""a_print""><a href=""monthly_a1.php?prec_no=45&amp;block_no=1003&amp;year=1998&amp;month=&amp;day=&amp;view=a5"">1998</a></div></td><td class=""data_0_0"">39</td><td class=""data_0_0""> 7/23 02:00</td><td class=""data_0_0"">50</td><td class=""data_0_0""> 7/23 02:00</td><td class=""data_0_0"">59</td><td class=""data_0_0""> 7/23 02:00</td><td class=""data_0_0"">71</td><td class=""data_0_0""> 7/23 03:00</td><td class=""data_0_0"">85</td><td class=""data_0_0""> 7/23 05:00</td><td class=""data_0_0"">102</td><td class=""data_0_0""> 7/24 06:00</td><td class=""data_0_0"">108</td><td class=""data_0_0""> 7/25 05:00</td></tr>"
横芝光,1003,1999,201.0,10/28 11:00,201,False,True,data_0_0,mtx,"<tr class=""mtx"" style=""text-align:right;""><td style=""white-space:nowrap""><div class=""a_print""><a href=""monthly_a1.php?prec_no=45&amp;block_no=1003&amp;year=1999&amp;month=&amp;day=&amp;view=a5"">1999</a></div></td><td class=""data_0_0"">75</td><td class=""data_0_0"">10/27 19:00</td><td class=""data_0_0"">134</td><td class=""data_0_0"">10/27 21:00</td><td class=""data_0_0"">177</td><td class=""data_0_0"">10/27 22:00</td><td class=""data_0_0"">200</td><td class=""data_0_0"">10/27 23:00</td><td class=""data_0_0"">201</td><td class=""data_0_0"">10/28 11:00</td><td class=""data_0_0"">201</td><td class=""data_0_0"">10/29 11:00</td><td class=""data_0_0"">201</td><td class=""data_0_0"">10/30 11:00</td></tr>"
横芝光,1003,2000,128.0,7/08 15:00,128,False,True,data_0_0,mtx,"<tr class=""mtx"" style=""text-align:right;""><td style=""white-space:nowrap""><div class=""a_print""><a href=""monthly_a1.php?prec_no=45&amp;block_no=1003&amp;year=2000&amp;month=&amp;day=&amp;view=a5"">2000</a></div></td><td class=""data_0_0"">46</td><td class=""data_0_0""> 9/24 06:00</td><td class=""data_0_0"">84</td><td class=""data_0_0""> 9/24 07:00</td><td class=""data_0_0"">98</td><td class=""data_0_0""> 9/24 07:00</td><td class=""data_0_0"">112</td><td class=""data_0_0""> 7/08 07:00</td><td class=""data_0_0"">128</td><td class=""data_0_0""> 7/08 15:00</td><td class=""data_0_0"">128</td><td class=""data_0_0""> 7/09 15:00</td><td class=""data_0_0"">128</td><td class=""data_0_0""> 7/10 15:00</td></tr>"
横芝光,1003,2001,172.0,10/11 04:00,172,False,True,data_0_0,mtx,"<tr class=""mtx"" style=""text-align:right;""><td style=""white-space:nowrap""><div class=""a_print""><a href=""monthly_a1.php?prec_no=45&amp;block_no=1003&amp;year=2001&amp;month=&amp;day=&amp;view=a5"">2001</a></div></td><td class=""data_0_0"">25</td><td class=""data_0_0"">11/06 04:00</td><td class=""data_0_0"">61</td><td class=""data_0_0"">10/10 17:00</td><td class=""data_0_0"">107</td><td class=""data_0_0"">10/10 20:00</td><td class=""data_0_0"">166</td><td class=""data_0_0"">10/10 22:00</td><td class=""data_0_0"">172</td><td class=""data_0_0"">10/11 04:00</td><td class=""data_0_0"">174</td><td class=""data_0_0"">10/10 22:00</td><td class=""data_0_0"">187</td><td class=""data_0_0"">10/11 09:00</td></tr>"
横芝光,1003,2002,98.0,9/08 16:00,98,False,True,data_0_0,mtx,"<tr class=""mtx"" style=""text-align:right;""><td style=""white-space:nowrap""><div class=""a_print""><a href=""monthly_a1.php?prec_no=45&amp;block_no=1003&amp;year=2002&amp;month=&amp;day=&amp;view=a5"">2002</a></div></td><td class=""data_0_0"">34</td><td class=""data_0_0""> 9/08 08:00</td><td class=""data_0_0"">73</td><td class=""data_0_0""> 9/08 09:00</td><td class=""data_0_0"">90</td><td class=""data_0_0""> 9/08 10:00</td><td class=""data_0_0"">94</td><td class=""data_0_0""> 9/08 15:00</td><td class=""data_0_0"">98</td><td class=""data_0_0""> 9/08 16:00</td><td class=""data_0_0"">131</td><td class=""data_0_0""> 9/08 10:00</td><td class=""data_0_0"">155</td><td class=""data_0_0""> 9/08 24:00</td></tr>"
横芝光,1003,2003,116.0,8/15 22:20,116,False,True,data_1t_0,mtx,"<tr class=""mtx"" style=""text-align:right;""><td style=""white-space:nowrap""><div class=""a_print""><a href=""monthly_a1.php?prec_no=45&amp;block_no=1003&amp;year=2003&amp;month=&amp;day=&amp;view=a5"">2003</a></div></td><td class=""data_1t_0"">41</td><td class=""data_1t_0"">11/25 16:40</td><td class=""data_1t_0"">63</td><td class=""data_1t_0"">11/25 17:30</td><td class=""data_1t_0"">77</td><td class=""data_1t_0"">11/25 17:50</td><td class=""data_1t_0"">87</td><td class=""data_1t_0"">11/25 21:50</td><td class=""data_1t_0"">116</td><td class=""data_1t_0""> 8/15 22:20</td><td class=""data_1t_0"">155</td><td class=""data_1t_0""> 8/16 13:50</td><td class=""data_1t_0"">169</td><td class=""data_1t_0""> 8/16 23:30</td></tr>"
横芝光,1003,2004,220.0,10/09 18:30,220 ],False,False,data_0_0,mtx,"<tr class=""mtx"" style=""text-align:right;""><td style=""white-space:nowrap""><div class=""a_print""><a href=""monthly_a1.php?prec_no=45&amp;block_no=1003&amp;year=2004&amp;month=&amp;day=&amp;view=a5"">2004</a></div></td><td class=""data_0_0"">60</td><td class=""data_0_0""> 9/04 03:40</td><td class=""data_0_0"">97</td><td class=""data_0_0"">10/09 03:20</td><td class=""data_0_0"">154 ]</td><td class=""data_0_0"">10/09 05:10</td><td class=""data_0_0"">177 ]</td><td class=""data_0_0"">10/09 08:10</td><td class=""data_0_0"">220 ]</td><td class=""data_0_0"">10/09 18:30</td><td class=""data_0_0"">224 ]</td><td class=""data_0_0"">10/10 13:40</td><td class=""data_0_0"">228 ]</td><td class=""data_0_0"">10/11 13:40</td></tr>"
横芝光,1003,2005,132.0,1/16 16:00,132,False,True,data_0_0,mtx,"<tr class=""mtx"" style=""text-align:right;""><td style=""white-space:nowrap""><div class=""a_print""><a href=""monthly_a1.php?prec_no=45&amp;block_no=1003&amp;year=2005&amp;month=&amp;day=&amp;view=a5"">2005</a></div></td><td class=""data_0_0"">36</td><td class=""data_0_0""> 9/05 00:50</td><td class=""data_0_0"">43</td><td class=""data_0_0""> 7/26 07:20</td><td class=""data_0_0"">55</td><td class=""data_0_0""> 1/16 04:10</td><td class=""data_0_0"">99</td><td class=""data_0_0""> 1/16 09:40</td><td class=""data_0_0"">132</td><td class=""data_0_0""> 1/16 16:00</td><td class=""data_0_0"">142</td><td class=""data_0_0""> 1/17 10:20</td><td class=""data_0_0"">142</td><td class=""data_0_0""> 1/18 10:20</td></tr>"
横芝光,1003,2006,178.0,10/07 03:50,178,False,True,data_0_0,mtx,"<tr class=""mtx"" style=""text-align:right;""><td style=""white-space:nowrap""><div class=""a_print""><a href=""monthly_a1.php?prec_no=45&amp;block_no=1003&amp;year=2006&amp;month=&amp;day=&amp;view=a5"">2006</a></div></td><td class=""data_0_0"">43</td><td class=""data_0_0""> 9/27 13:00</td><td class=""data_0_0"">59</td><td class=""data_0_0""> 1/14 18:40</td><td class=""data_0_0"">74</td><td class=""data_0_0"">12/26 21:50</td><td class=""data_0_0"">124</td><td class=""data_0_0"">12/27 02:30</td><td class=""data_0_0"">178</td><td class=""data_0_0"">10/07 03:50</td><td class=""data_0_0"">205</td><td class=""data_0_0"">10/07 14:30</td><td class=""data_0_0"">205</td><td class=""data_0_0"">10/08 14:30</td></tr>"
横芝光,1003,2007,210.0,7/15 12:10,210,False,True,data_0_0,mtx,"<tr class=""mtx"" style=""text-align:right;""><td style=""white-space:nowrap""><div class=""a_print""><a href=""monthly_a1.php?prec_no=45&amp;block_no=1003&amp;year=2007&amp;month=&amp;day=&amp;view=a5"">2007</a></div></td><td class=""data_0_0"">52</td><td class=""data_0_0""> 7/15 02:50</td><td class=""data_0_0"">96</td><td class=""data_0_0""> 7/15 04:20</td><td class=""data_0_0"">109</td><td class=""data_0_0""> 7/15 04:10</td><td class=""data_0_0"">166</td><td class=""data_0_0""> 7/15 03:50</td><td class=""data_0_0"">210</td><td class=""data_0_0""> 7/15 12:10</td><td class=""data_0_0"">220</td><td class=""data_0_0""> 7/16 05:50</td><td class=""data_0_0"">226</td><td class=""data_0_0""> 7/16 13:50</td></tr>"
横芝光,1003,2008,96.5,9/20 14:10,96.5 ],False,False,data_0_0,mtx,"<tr class=""mtx"" style=""text-align:right;""><td style=""white-space:nowrap""><div class=""a_print""><a href=""monthly_a1.php?prec_no=45&amp;block_no=1003&amp;year=2008&amp;month=&amp;day=&amp;view=a5"">2008</a></div></td><td class=""data_0_0"">33.0</td><td class=""data_0_0""> 8/29 07:00</td><td class=""data_0_0"">57.0</td><td class=""data_0_0""> 9/21 17:50</td><td class=""data_0_0"">80.5</td><td class=""data_0_0""> 9/20 05:20</td><td class=""data_0_0"">93.5</td><td class=""data_0_0""> 9/20 07:50</td><td class=""data_0_0"">96.5 ]</td><td class=""data_0_0""> 9/20 14:10</td><td class=""data_0_0"">156.5 ]</td><td class=""data_0_0""> 9/21 19:50</td><td class=""data_0_0"">187.5 ]</td><td class=""data_0_0""> 9/22 14:10</td></tr>"
横芝光,1003,2009,95.5,1/31 10:40,95.5,False,True,data_0_0,mtx,"<tr class=""mtx"" style=""text-align:right;""><td style=""white-space:nowrap""><div class=""a_print""><a href=""monthly_a1.php?prec_no=45&amp;block_no=1003&amp;year=2009&amp;month=&amp;day=&amp;view=a5"">2009</a></div></td><td class=""data_0_0"">27.0</td><td class=""data_0_0""> 8/10 09:30</td><td class=""data_0_0"">46.5</td><td class=""data_0_0"">10/08 04:50</td><td class=""data_0_0"">64.0</td><td class=""data_0_0""> 1/31 09:10</td><td class=""data_0_0"">86.5</td><td class=""data_0_0""> 1/31 09:40</td><td class=""data_0_0"">95.5</td><td class=""data_0_0""> 1/31 10:40</td><td class=""data_0_0"">115.0</td><td class=""data_0_0""> 1/31 11:10</td><td class=""data_0_0"">119.0</td><td class=""data_0_0"">10/08 14:30</td></tr>"
横芝光,1003,2010,146.5,10/10 12:30,146.5,False,True,data_0_0,mtx,"<tr class=""mtx"" style=""text-align:right;""><td style=""white-space:nowrap""><div class=""a_print""><a href=""monthly_a1.php?prec_no=45&amp;block_no=1003&amp;year=2010&amp;month=&amp;day=&amp;view=a5"">2010</a></div></td><td class=""data_0_0"">41.5</td><td class=""data_0_0"">10/10 05:20</td><td class=""data_0_0"">87.5</td><td class=""data_0_0""> 9/08 19:40</td><td class=""data_0_0"">107.0</td><td class=""data_0_0""> 9/08 19:40</td><td class=""data_0_0"">121.5</td><td class=""data_0_0""> 9/09 01:30</td><td class=""data_0_0"">146.5</td><td class=""data_0_0"">10/10 12:30</td><td class=""data_0_0"">163.0</td><td class=""data_0_0""> 9/28 22:10</td><td class=""data_0_0"">163.5</td><td class=""data_0_0""> 9/28 08:30</td></tr>"
横芝光,1003,2011,122.0,10/06 06:20,122.0,False,True,data_0_0,mtx,"<tr class=""mtx"" style=""text-align:right;""><td style=""white-space:nowrap""><div class=""a_print""><a href=""monthly_a1.php?prec_no=45&amp;block_no=1003&amp;year=2011&amp;month=&amp;day=&amp;view=a5"">2011</a></div></td><td class=""data_0_0"">56.5</td><td class=""data_0_0""> 5/03 19:50</td><td class=""data_0_0"">63.5</td><td class=""data_0_0""> 5/03 21:20</td><td class=""data_0_0"">77.0</td><td class=""data_0_0"">10/06 00:30</td><td class=""data_0_0"">109.0</td><td class=""data_0_0"">10/06 02:20</td><td class=""data_0_0"">122.0</td><td class=""data_0_0"">10/06 06:20</td><td class=""data_0_0"">123.5</td><td class=""data_0_0"">10/07 06:20</td><td class=""data_0_0"">123.5</td><td class=""data_0_0"">10/08 06:20</td></tr>"
横芝光,1003,2012,88.0,10/04 09:40,88.0,False,True,data_0_0,mtx,"<tr class=""mtx"" style=""text-align:right;""><td style=""white-space:nowrap""><div class=""a_print""><a href=""monthly_a1.php?prec_no=45&amp;block_no=1003&amp;year=2012&amp;month=&amp;day=&amp;view=a5"">2012</a></div></td><td class=""data_0_0"">30.5</td><td class=""data_0_0"">10/05 01:40</td><td class=""data_0_0"">54.0</td><td class=""data_0_0""> 6/22 08:20</td><td class=""data_0_0"">56.5</td><td class=""data_0_0""> 6/22 11:00</td><td class=""data_0_0"">63.0</td><td class=""data_0_0"">10/04 06:40</td><td class=""data_0_0"">88.0</td><td class=""data_0_0"">10/04 09:40</td><td class=""data_0_0"">135.5</td><td class=""data_0_0"">10/05 03:40</td><td class=""data_0_0"">138.5</td><td class=""data_0_0"">10/05 19:10</td></tr>"
横芝光,1003,2013,267.0,10/16 12:00,267.0,False,True,data_0_0,mtx,"<tr class=""mtx"" style=""text-align:right;""><td style=""white-space:nowrap""><div class=""a_print""><a href=""monthly_a1.php?prec_no=45&amp;block_no=1003&amp;year=2013&amp;month=&amp;day=&amp;view=a5"">2013</a></div></td><td class=""data_0_0"">57.0</td><td class=""data_0_0""> 9/05 12:30</td><td class=""data_0_0"">67.0</td><td class=""data_0_0"">10/16 07:00</td><td class=""data_0_0"">111.5</td><td class=""data_0_0"">10/16 06:50</td><td class=""data_0_0"">221.5</td><td class=""data_0_0"">10/16 07:30</td><td class=""data_0_0"">267.0</td><td class=""data_0_0"">10/16 12:00</td><td class=""data_0_0"">268.0</td><td class=""data_0_0"">10/17 01:20</td><td class=""data_0_0"">268.0</td><td class=""data_0_0"">10/18 01:20</td></tr>"
横芝光,1003,2014,135.5,10/06 10:00,135.5,False,True,data_0_0,mtx,"<tr class=""mtx"" style=""text-align:right;""><td style=""white-space:nowrap""><div class=""a_print""><a href=""monthly_a1.php?prec_no=45&amp;block_no=1003&amp;year=2014&amp;month=&amp;day=&amp;view=a5"">2014</a></div></td><td class=""data_0_0"">43.5</td><td class=""data_0_0""> 8/10 05:30</td><td class=""data_0_0"">80.0</td><td class=""data_0_0""> 8/10 06:50</td><td class=""data_0_0"">102.0</td><td class=""data_0_0""> 8/10 06:50</td><td class=""data_0_0"">114.0</td><td class=""data_0_0""> 2/15 08:50</td><td class=""data_0_0"">135.5</td><td class=""data_0_0"">10/06 10:00</td><td class=""data_0_0"">169.5</td><td class=""data_0_0""> 6/08 02:10</td><td class=""data_0_0"">179.0</td><td class=""data_0_0""> 6/08 18:40</td></tr>"
横芝光,1003,2015,67.0,7/04 03:30,67.0 ],False,False,data_0_0,mtx,"<tr class=""mtx"" style=""text-align:right;""><td style=""white-space:nowrap""><div class=""a_print""><a href=""monthly_a1.php?prec_no=45&amp;block_no=1003&amp;year=2015&amp;month=&amp;day=&amp;view=a5"">2015</a></div></td><td class=""data_0_0"">25.5</td><td class=""data_0_0"">10/02 06:50</td><td class=""data_0_0"">35.0</td><td class=""data_0_0""> 7/05 06:20</td><td class=""data_0_0"">44.5</td><td class=""data_0_0""> 7/05 06:10</td><td class=""data_0_0"">53.5 ]</td><td class=""data_0_0""> 7/05 11:50</td><td class=""data_0_0"">67.0 ]</td><td class=""data_0_0""> 7/04 03:30</td><td class=""data_0_0"">111.0 ]</td><td class=""data_0_0""> 7/05 08:40</td><td class=""data_0_0"">125.5</td><td class=""data_0_0""> 7/05 11:10</td></tr>"
横芝光,1003,2016,108.0,8/17 11:30,108.0,False,True,data_0_0,mtx,"<tr class=""mtx"" style=""text-align:right;""><td style=""white-space:nowrap""><div class=""a_print""><a href=""monthly_a1.php?prec_no=45&amp;block_no=1003&amp;year=2016&amp;month=&amp;day=&amp;view=a5"">2016</a></div></td><td class=""data_0_0"">63.5</td><td class=""data_0_0""> 9/13 12:20</td><td class=""data_0_0"">85.0</td><td class=""data_0_0""> 9/13 12:20</td><td class=""data_0_0"">88.5</td><td class=""data_0_0""> 9/13 13:00</td><td class=""data_0_0"">103.5</td><td class=""data_0_0""> 8/17 05:40</td><td class=""data_0_0"">108.0</td><td class=""data_0_0""> 8/17 11:30</td><td class=""data_0_0"">116.0</td><td class=""data_0_0""> 8/18 11:30</td><td class=""data_0_0"">155.0</td><td class=""data_0_0""> 9/14 05:10</td></tr>"
横芝光,1003,2017,111.0,10/23 01:50,111.0,False,True,data_0_0,mtx,"<tr class=""mtx"" style=""text-align:right;""><td style=""white-space:nowrap""><div class=""a_print""><a href=""monthly_a1.php?prec_no=45&amp;block_no=1003&amp;year=2017&amp;month=&amp;day=&amp;view=a5"">2017</a></div></td><td class=""data_0_0"">26.5</td><td class=""data_0_0""> 8/05 00:30</td><td class=""data_0_0"">56.5</td><td class=""data_0_0""> 9/28 07:50</td><td class=""data_0_0"">75.5</td><td class=""data_0_0""> 9/28 08:50</td><td class=""data_0_0"">89.0</td><td class=""data_0_0"">10/22 17:20</td><td class=""data_0_0"">111.0</td><td class=""data_0_0"">10/23 01:50</td><td class=""data_0_0"">127.0</td><td class=""data_0_0"">10/23 04:40</td><td class=""data_0_0"">138.5</td><td class=""data_0_0"">10/23 04:50</td></tr>"
横芝光,1003,2018,78.5,10/01 02:30,78.5,False,True,data_0_0,mtx,"<tr class=""mtx"" style=""text-align:right;""><td style=""white-space:nowrap""><div class=""a_print""><a href=""monthly_a1.php?prec_no=45&amp;block_no=1003&amp;year=2018&amp;month=&amp;day=&amp;view=a5"">2018</a></div></td><td class=""data_0_0"">33.5</td><td class=""data_0_0""> 9/30 07:50</td><td class=""data_0_0"">57.0</td><td class=""data_0_0""> 9/30 08:10</td><td class=""data_0_0"">68.5</td><td class=""data_0_0""> 9/30 08:10</td><td class=""data_0_0"">68.5</td><td class=""data_0_0""> 9/30 14:10</td><td class=""data_0_0"">78.5</td><td class=""data_0_0"">10/01 02:30</td><td class=""data_0_0"">80.0</td><td class=""data_0_0"">10/01 15:20</td><td class=""data_0_0"">80.0</td><td class=""data_0_0"">10/02 15:20</td></tr>"
横芝光,1003,2019,132.5,9/10 00:30,132.5 ],False,False,data_0_0,mtx,"<tr class=""mtx"" style=""text-align:right;""><td style=""white-space:nowrap""><div class=""a_print""><a href=""monthly_a1.php?prec_no=45&amp;block_no=1003&amp;year=2019&amp;month=&amp;day=&amp;view=a5"">2019</a></div></td><td class=""data_0_0"">41.5</td><td class=""data_0_0"">10/19 07:30</td><td class=""data_0_0"">83.0</td><td class=""data_0_0""> 9/09 06:20</td><td class=""data_0_0"">120.5</td><td class=""data_0_0""> 9/09 07:10</td><td class=""data_0_0"">132.5</td><td class=""data_0_0""> 9/09 12:30</td><td class=""data_0_0"">132.5 ]</td><td class=""data_0_0""> 9/10 00:30</td><td class=""data_0_0"">171.5 ]</td><td class=""data_0_0"">11/24 11:10</td><td class=""data_0_0"">171.5 ]</td><td class=""data_0_0"">11/25 11:10</td></tr>"
横芝光,1003,2020,68.5,4/14 00:40,68.5 ],False,False,data_0_0,mtx,"<tr class=""mtx"" style=""text-align:right;""><td style=""white-space:nowrap""><div class=""a_print""><a href=""monthly_a1.php?prec_no=45&amp;block_no=1003&amp;year=2020&amp;month=&amp;day=&amp;view=a5"">2020</a></div></td><td class=""data_0_0"">29.5</td><td class=""data_0_0""> 7/04 05:50</td><td class=""data_0_0"">43.0</td><td class=""data_0_0""> 7/04 07:10</td><td class=""data_0_0"">54.5</td><td class=""data_0_0""> 7/04 07:50</td><td class=""data_0_0"">58.5</td><td class=""data_0_0""> 7/04 10:00</td><td class=""data_0_0"">68.5 ]</td><td class=""data_0_0""> 4/14 00:40</td><td class=""data_0_0"">81.5 ]</td><td class=""data_0_0"">10/10 22:50</td><td class=""data_0_0"">117.5</td><td class=""data_0_0"">10/11 00:20</td></tr>"
横芝光,1003,2021,213.5,8/08 23:50,213.5 ],False,False,data_0_0,mtx,"<tr class=""mtx"" style=""text-align:right;""><td style=""white-space:nowrap""><div class=""a_print""><a href=""monthly_a1.php?prec_no=45&amp;block_no=1003&amp;year=2021&amp;month=&amp;day=&amp;view=a5"">2021</a></div></td><td class=""data_0_0"">32.5</td><td class=""data_0_0""> 8/08 02:20</td><td class=""data_0_0"">65.0</td><td class=""data_0_0""> 8/08 13:20</td><td class=""data_0_0"">113.5</td><td class=""data_0_0""> 8/08 16:00</td><td class=""data_0_0"">152.5</td><td class=""data_0_0""> 8/08 12:40</td><td class=""data_0_0"">213.5 ]</td><td class=""data_0_0""> 8/08 23:50</td><td class=""data_0_0"">217.5 ]</td><td class=""data_0_0""> 8/09 11:20</td><td class=""data_0_0"">246.0 ]</td><td class=""data_0_0""> 7/04 03:00</td></tr>"
横芝光,1003,2022,106.0,9/25 04:00,106.0,False,True,data_0_0,mtx,"<tr class=""mtx"" style=""text-align:right;""><td style=""white-space:nowrap""><div class=""a_print""><a href=""monthly_a1.php?prec_no=45&amp;block_no=1003&amp;year=2022&amp;month=&amp;day=&amp;view=a5"">2022</a></div></td><td class=""data_0_0"">61.0</td><td class=""data_0_0""> 9/24 05:30</td><td class=""data_0_0"">100.0</td><td class=""data_0_0""> 9/24 07:00</td><td class=""data_0_0"">101.5</td><td class=""data_0_0""> 9/24 10:00</td><td class=""data_0_0"">105.5</td><td class=""data_0_0""> 9/24 16:00</td><td class=""data_0_0"">106.0</td><td class=""data_0_0""> 9/25 04:00</td><td class=""data_0_0"">106.0</td><td class=""data_0_0""> 9/26 04:00</td><td class=""data_0_0"">106.0</td><td class=""data_0_0""> 9/27 04:00</td></tr>"
横芝光,1003,2023,274.5,9/09 02:20,274.5,False,True,data_0_0,mtx,"<tr class=""mtx"" style=""text-align:right;""><td style=""white-space:nowrap""><div class=""a_print""><a href=""monthly_a1.php?prec_no=45&amp;block_no=1003&amp;year=2023&amp;month=&amp;day=&amp;view=a5"">2023</a></div></td><td class=""data_0_0"">43.0</td><td class=""data_0_0""> 9/08 12:50</td><td class=""data_0_0"">86.5</td><td class=""data_0_0""> 9/08 13:10</td><td class=""data_0_0"">153.0</td><td class=""data_0_0""> 9/08 13:10</td><td class=""data_0_0"">212.0</td><td class=""data_0_0""> 9/08 14:40</td><td class=""data_0_0"">274.5</td><td class=""data_0_0""> 9/09 02:20</td><td class=""data_0_0"">276.5</td><td class=""data_0_0""> 9/10 02:20</td><td class=""data_0_0"">277.5</td><td class=""data_0_0""> 9/09 08:10</td></tr>"
横芝光,1003,2024,99.0,6/19 02:50,99.0,False,True,data_0_0,mtx,"<tr class=""mtx"" style=""text-align:right;""><td style=""white-space:nowrap""><div class=""a_print""><a href=""monthly_a1.php?prec_no=45&amp;block_no=1003&amp;year=2024&amp;month=&amp;day=&amp;view=a5"">2024</a></div></td><td class=""data_0_0"">27.0</td><td class=""data_0_0"">11/27 03:20</td><td class=""data_0_0"">47.5</td><td class=""data_0_0""> 8/16 18:50</td><td class=""data_0_0"">60.5</td><td class=""data_0_0""> 8/16 21:10</td><td class=""data_0_0"">91.0</td><td class=""data_0_0""> 6/18 18:40</td><td class=""data_0_0"">99.0</td><td class=""data_0_0""> 6/19 02:50</td><td class=""data_0_0"">99.0</td><td class=""data_0_0""> 6/20 02:50</td><td class=""data_0_0"">128.5</td><td class=""data_0_0""> 9/01 15:50</td></tr>"
横芝光,1003,2025,92.5,9/06 04:00,92.5,False,True,data_0_0,mtx,"<tr class=""mtx"" style=""text-align:right;""><td style=""white-space:nowrap""><div class=""a_print""><a href=""monthly_a1.php?prec_no=45&amp;block_no=1003&amp;year=2025&amp;month=&amp;day=&amp;view=a5"">2025</a></div></td><td class=""data_0_0"">29.5</td><td class=""data_0_0""> 9/05 16:10</td><td class=""data_0_0"">45.0</td><td class=""data_0_0""> 9/05 16:40</td><td class=""data_0_0"">61.5</td><td class=""data_0_0""> 9/05 16:20</td><td class=""data_0_0"">91.0</td><td class=""data_0_0""> 9/05 17:40</td><td class=""data_0_0"">92.5</td><td class=""data_0_0""> 9/06 04:00</td><td class=""data_0_0"">93.5</td><td class=""data_0_0""> 9/06 13:50</td><td class=""data_0_0"">93.5</td><td class=""data_0_0""> 9/07 13:50</td></tr>"
大多喜,1004,1976,160.0,9/08 21:00,160 ],False,False,data_0_0,mtx,"<tr class=""mtx"" style=""text-align:right;""><td style=""white-space:nowrap""><div class=""a_print""><a href=""monthly_a1.php?prec_no=45&amp;block_no=1004&amp;year=1976&amp;month=&amp;day=&amp;view=a5"">1976</a></div></td><td class=""data_0_0"">76</td><td class=""data_0_0""> 9/08 06:00</td><td class=""data_0_0"">109</td><td class=""data_0_0""> 9/08 06:00</td><td class=""data_0_0"">126</td><td class=""data_0_0""> 9/08 06:00</td><td class=""data_0_0"">158</td><td class=""data_0_0""> 9/08 09:00</td><td class=""data_0_0"">160 ]</td><td class=""data_0_0""> 9/08 21:00</td><td class=""data_0_0"">162 ]</td><td class=""data_0_0""> 9/09 21:00</td><td class=""data_0_0"">187 ]</td><td class=""data_0_0""> 9/10 21:00</td></tr>"
大多喜,1004,1977,192.0,9/19 23:00,192,False,True,data_0_0,mtx,"<tr class=""mtx"" style=""text-align:right;""><td style=""white-space:nowrap""><div class=""a_print""><a href=""monthly_a1.php?prec_no=45&amp;block_no=1004&amp;year=1977&amp;month=&amp;day=&amp;view=a5"">1977</a></div></td><td class=""data_0_0"">36 ]</td><td class=""data_0_0""> 8/19 04:00</td><td class=""data_0_0"">77</td><td class=""data_0_0""> 8/19 05:00</td><td class=""data_0_0"">115</td><td class=""data_0_0""> 8/19 08:00</td><td class=""data_0_0"">135</td><td class=""data_0_0""> 8/19 13:00</td><td class=""data_0_0"">192</td><td class=""data_0_0""> 9/19 23:00</td><td class=""data_0_0"">201</td><td class=""data_0_0""> 9/20 11:00</td><td class=""data_0_0"">238</td><td class=""data_0_0""> 8/19 14:00</td></tr>"
大多喜,1004,1978,93.0,6/23 23:00,93 ],False,False,data_0_0,mtx,"<tr class=""mtx"" style=""text-align:right;""><td style=""white-space:nowrap""><div class=""a_print""><a href=""monthly_a1.php?prec_no=45&amp;block_no=1004&amp;year=1978&amp;month=&amp;day=&amp;view=a5"">1978</a></div></td><td class=""data_0_0"">17</td><td class=""data_0_0"">10/28 16:00</td><td class=""data_0_0"">45</td><td class=""data_0_0""> 5/19 06:00</td><td class=""data_0_0"">76</td><td class=""data_0_0""> 5/19 09:00</td><td class=""data_0_0"">92</td><td class=""data_0_0""> 5/19 10:00</td><td class=""data_0_0"">93 ]</td><td class=""data_0_0""> 6/23 23:00</td><td class=""data_0_0"">102</td><td class=""data_0_0""> 6/24 23:00</td><td class=""data_0_0"">105</td><td class=""data_0_0""> 6/25 23:00</td></tr>"
大多喜,1004,1979,131.0,11/11 12:00,131,False,True,data_0_0,mtx,"<tr class=""mtx"" style=""text-align:right;""><td style=""white-space:nowrap""><div class=""a_print""><a href=""monthly_a1.php?prec_no=45&amp;block_no=1004&amp;year=1979&amp;month=&amp;day=&amp;view=a5"">1979</a></div></td><td class=""data_0_0"">38</td><td class=""data_0_0"">11/28 24:00</td><td class=""data_0_0"">66</td><td class=""data_0_0"">11/29 01:00</td><td class=""data_0_0"">91</td><td class=""data_0_0""> 1/30 09:00</td><td class=""data_0_0"">112</td><td class=""data_0_0"">11/11 04:00</td><td class=""data_0_0"">131</td><td class=""data_0_0"">11/11 12:00</td><td class=""data_0_0"">148</td><td class=""data_0_0"">10/08 01:00</td><td class=""data_0_0"">155 ]</td><td class=""data_0_0""> 2/01 20:00</td></tr>"
大多喜,1004,1980,141.0,8/03 14:00,141,False,True,data_0_0,mtx,"<tr class=""mtx"" style=""text-align:right;""><td style=""white-space:nowrap""><div class=""a_print""><a href=""monthly_a1.php?prec_no=45&amp;block_no=1004&amp;year=1980&amp;month=&amp;day=&amp;view=a5"">1980</a></div></td><td class=""data_0_0"">30</td><td class=""data_0_0"">12/02 19:00</td><td class=""data_0_0"">64</td><td class=""data_0_0""> 5/01 03:00</td><td class=""data_0_0"">86</td><td class=""data_0_0""> 5/01 04:00</td><td class=""data_0_0"">99</td><td class=""data_0_0""> 5/01 09:00</td><td class=""data_0_0"">141</td><td class=""data_0_0""> 8/03 14:00</td><td class=""data_0_0"">171</td><td class=""data_0_0""> 8/04 10:00</td><td class=""data_0_0"">171 ]</td><td class=""data_0_0""> 8/05 10:00</td></tr>"
大多喜,1004,1981,182.0,10/23 04:00,182,False,True,data_0_0,mtx,"<tr class=""mtx"" style=""text-align:right;""><td style=""white-space:nowrap""><div class=""a_print""><a href=""monthly_a1.php?prec_no=45&amp;block_no=1004&amp;year=1981&amp;month=&amp;day=&amp;view=a5"">1981</a></div></td><td class=""data_0_0"">26</td><td class=""data_0_0""> 5/18 01:00</td><td class=""data_0_0"">56</td><td class=""data_0_0"">10/22 15:00</td><td class=""data_0_0"">83</td><td class=""data_0_0"">10/22 18:00</td><td class=""data_0_0"">148</td><td class=""data_0_0"">10/22 24:00</td><td class=""data_0_0"">182</td><td class=""data_0_0"">10/23 04:00</td><td class=""data_0_0"">182</td><td class=""data_0_0"">10/24 04:00</td><td class=""data_0_0"">182</td><td class=""data_0_0"">10/25 04:00</td></tr>"
大多喜,1004,1982,97.0,10/09 08:00,97,False,True,data_0_0,mtx,"<tr class=""mtx"" style=""text-align:right;""><td style=""white-space:nowrap""><div class=""a_print""><a href=""monthly_a1.php?prec_no=45&amp;block_no=1004&amp;year=1982&amp;month=&amp;day=&amp;view=a5"">1982</a></div></td><td class=""data_0_0"">32</td><td class=""data_0_0"">10/19 24:00</td><td class=""data_0_0"">57</td><td class=""data_0_0"">10/19 24:00</td><td class=""data_0_0"">80</td><td class=""data_0_0"">10/20 02:00</td><td class=""data_0_0"">89</td><td class=""data_0_0""> 7/17 15:00</td><td class=""data_0_0"">97</td><td class=""data_0_0"">10/09 08:00</td><td class=""data_0_0"">132</td><td class=""data_0_0"">10/09 17:00</td><td class=""data_0_0"">145</td><td class=""data_0_0"">10/09 09:00</td></tr>"
大多喜,1004,1983,162.0,2/17 24:00,162,False,True,data_0_0,mtx,"<tr class=""mtx"" style=""text-align:right;""><td style=""white-space:nowrap""><div class=""a_print""><a href=""monthly_a1.php?prec_no=45&amp;block_no=1004&amp;year=1983&amp;month=&amp;day=&amp;view=a5"">1983</a></div></td><td class=""data_0_0"">34</td><td class=""data_0_0""> 9/01 13:00</td><td class=""data_0_0"">57</td><td class=""data_0_0"">10/11 12:00</td><td class=""data_0_0"">83</td><td class=""data_0_0"">10/11 13:00</td><td class=""data_0_0"">119</td><td class=""data_0_0""> 8/15 14:00</td><td class=""data_0_0"">162</td><td class=""data_0_0""> 2/17 24:00</td><td class=""data_0_0"">186</td><td class=""data_0_0""> 8/17 02:00</td><td class=""data_0_0"">287</td><td class=""data_0_0""> 8/18 03:00</td></tr>"
大多喜,1004,1984,74.0,10/28 04:00,74,False,True,data_0_0,mtx,"<tr class=""mtx"" style=""text-align:right;""><td style=""white-space:nowrap""><div class=""a_print""><a href=""monthly_a1.php?prec_no=45&amp;block_no=1004&amp;year=1984&amp;month=&amp;day=&amp;view=a5"">1984</a></div></td><td class=""data_0_0"">34</td><td class=""data_0_0"">10/27 08:00</td><td class=""data_0_0"">55</td><td class=""data_0_0"">10/27 09:00</td><td class=""data_0_0"">73</td><td class=""data_0_0"">10/27 10:00</td><td class=""data_0_0"">74</td><td class=""data_0_0"">10/27 16:00</td><td class=""data_0_0"">74</td><td class=""data_0_0"">10/28 04:00</td><td class=""data_0_0"">86</td><td class=""data_0_0"">10/29 04:00</td><td class=""data_0_0"">124</td><td class=""data_0_0""> 6/29 15:00</td></tr>"
大多喜,1004,1985,181.0,2/09 23:00,181,False,True,data_0_0,mtx,"<tr class=""mtx"" style=""text-align:right;""><td style=""white-space:nowrap""><div class=""a_print""><a href=""monthly_a1.php?prec_no=45&amp;block_no=1004&amp;year=1985&amp;month=&amp;day=&amp;view=a5"">1985</a></div></td><td class=""data_0_0"">35</td><td class=""data_0_0""> 9/22 19:00</td><td class=""data_0_0"">63</td><td class=""data_0_0""> 2/09 18:00</td><td class=""data_0_0"">87</td><td class=""data_0_0""> 2/20 02:00</td><td class=""data_0_0"">141</td><td class=""data_0_0""> 2/09 18:00</td><td class=""data_0_0"">181</td><td class=""data_0_0""> 2/09 23:00</td><td class=""data_0_0"">184</td><td class=""data_0_0""> 7/01 22:00</td><td class=""data_0_0"">201</td><td class=""data_0_0""> 7/01 06:00</td></tr>"
大多喜,1004,1986,270.0,8/05 04:00,270,False,True,data_0_0,mtx,"<tr class=""mtx"" style=""text-align:right;""><td style=""white-space:nowrap""><div class=""a_print""><a href=""monthly_a1.php?prec_no=45&amp;block_no=1004&amp;year=1986&amp;month=&amp;day=&amp;view=a5"">1986</a></div></td><td class=""data_0_0"">31</td><td class=""data_0_0""> 8/04 16:00</td><td class=""data_0_0"">65</td><td class=""data_0_0""> 8/04 17:00</td><td class=""data_0_0"">112</td><td class=""data_0_0""> 8/04 21:00</td><td class=""data_0_0"">195</td><td class=""data_0_0""> 8/05 02:00</td><td class=""data_0_0"">270</td><td class=""data_0_0""> 8/05 04:00</td><td class=""data_0_0"">284</td><td class=""data_0_0""> 8/06 02:00</td><td class=""data_0_0"">284</td><td class=""data_0_0""> 8/07 02:00</td></tr>"
大多喜,1004,1987,132.0,9/17 14:00,132,False,True,data_0_0,mtx,"<tr class=""mtx"" style=""text-align:right;""><td style=""white-space:nowrap""><div class=""a_print""><a href=""monthly_a1.php?prec_no=45&amp;block_no=1004&amp;year=1987&amp;month=&amp;day=&amp;view=a5"">1987</a></div></td><td class=""data_0_0"">31</td><td class=""data_0_0""> 9/11 11:00</td><td class=""data_0_0"">46</td><td class=""data_0_0""> 9/11 13:00</td><td class=""data_0_0"">75</td><td class=""data_0_0""> 9/04 04:00</td><td class=""data_0_0"">96</td><td class=""data_0_0""> 9/17 06:00</td><td class=""data_0_0"">132</td><td class=""data_0_0""> 9/17 14:00</td><td class=""data_0_0"">133</td><td class=""data_0_0""> 9/18 12:00</td><td class=""data_0_0"">153</td><td class=""data_0_0""> 9/19 12:00</td></tr>"
大多喜,1004,1988,181.0,9/26 04:00,181,False,True,data_0_0,mtx,"<tr class=""mtx"" style=""text-align:right;""><td style=""white-space:nowrap""><div class=""a_print""><a href=""monthly_a1.php?prec_no=45&amp;block_no=1004&amp;year=1988&amp;month=&amp;day=&amp;view=a5"">1988</a></div></td><td class=""data_0_0"">45</td><td class=""data_0_0""> 9/25 20:00</td><td class=""data_0_0"">86</td><td class=""data_0_0""> 9/25 22:00</td><td class=""data_0_0"">130</td><td class=""data_0_0""> 9/25 24:00</td><td class=""data_0_0"">167</td><td class=""data_0_0""> 9/26 02:00</td><td class=""data_0_0"">181</td><td class=""data_0_0""> 9/26 04:00</td><td class=""data_0_0"">209</td><td class=""data_0_0""> 9/27 07:00</td><td class=""data_0_0"">318 ]</td><td class=""data_0_0""> 9/28 13:00</td></tr>"
大多喜,1004,1989,231.0,8/01 19:00,231,False,True,data_0_0,mtx,"<tr class=""mtx"" style=""text-align:right;""><td style=""white-space:nowrap""><div class=""a_print""><a href=""monthly_a1.php?prec_no=45&amp;block_no=1004&amp;year=1989&amp;month=&amp;day=&amp;view=a5"">1989</a></div></td><td class=""data_0_0"">42</td><td class=""data_0_0""> 8/01 09:00</td><td class=""data_0_0"">88</td><td class=""data_0_0""> 8/01 10:00</td><td class=""data_0_0"">130</td><td class=""data_0_0""> 8/01 13:00</td><td class=""data_0_0"">186</td><td class=""data_0_0""> 8/01 14:00</td><td class=""data_0_0"">231</td><td class=""data_0_0""> 8/01 19:00</td><td class=""data_0_0"">249</td><td class=""data_0_0""> 8/02 13:00</td><td class=""data_0_0"">258</td><td class=""data_0_0""> 8/02 06:00</td></tr>"
大多喜,1004,1990,209.0,10/01 01:00,209,False,True,data_0_0,mtx,"<tr class=""mtx"" style=""text-align:right;""><td style=""white-space:nowrap""><div class=""a_print""><a href=""monthly_a1.php?prec_no=45&amp;block_no=1004&amp;year=1990&amp;month=&amp;day=&amp;view=a5"">1990</a></div></td><td class=""data_0_0"">62</td><td class=""data_0_0""> 9/30 19:00</td><td class=""data_0_0"">134</td><td class=""data_0_0""> 9/30 20:00</td><td class=""data_0_0"">166</td><td class=""data_0_0""> 9/30 20:00</td><td class=""data_0_0"">193</td><td class=""data_0_0""> 9/30 20:00</td><td class=""data_0_0"">209</td><td class=""data_0_0"">10/01 01:00</td><td class=""data_0_0"">227</td><td class=""data_0_0"">11/30 17:00</td><td class=""data_0_0"">312</td><td class=""data_0_0"">11/30 21:00</td></tr>"
大多喜,1004,1991,219.0,10/12 07:00,219,False,True,data_0_0,mtx,"<tr class=""mtx"" style=""text-align:right;""><td style=""white-space:nowrap""><div class=""a_print""><a href=""monthly_a1.php?prec_no=45&amp;block_no=1004&amp;year=1991&amp;month=&amp;day=&amp;view=a5"">1991</a></div></td><td class=""data_0_0"">37</td><td class=""data_0_0"">11/08 17:00</td><td class=""data_0_0"">58</td><td class=""data_0_0""> 8/20 13:00</td><td class=""data_0_0"">88</td><td class=""data_0_0""> 8/20 13:00</td><td class=""data_0_0"">160</td><td class=""data_0_0"">10/12 01:00</td><td class=""data_0_0"">219</td><td class=""data_0_0"">10/12 07:00</td><td class=""data_0_0"">344</td><td class=""data_0_0"">10/13 10:00</td><td class=""data_0_0"">383</td><td class=""data_0_0"">10/13 14:00</td></tr>"
大多喜,1004,1992,105.0,5/10 15:00,105 ],False,False,data_0_0,mtx,"<tr class=""mtx"" style=""text-align:right;""><td style=""white-space:nowrap""><div class=""a_print""><a href=""monthly_a1.php?prec_no=45&amp;block_no=1004&amp;year=1992&amp;month=&amp;day=&amp;view=a5"">1992</a></div></td><td class=""data_0_0"">49</td><td class=""data_0_0""> 6/21 13:00</td><td class=""data_0_0"">82 ]</td><td class=""data_0_0""> 6/21 14:00</td><td class=""data_0_0"">83 ]</td><td class=""data_0_0""> 6/21 17:00</td><td class=""data_0_0"">96 ]</td><td class=""data_0_0""> 5/10 12:00</td><td class=""data_0_0"">105 ]</td><td class=""data_0_0""> 5/10 15:00</td><td class=""data_0_0"">151 ]</td><td class=""data_0_0""> 6/22 02:00</td><td class=""data_0_0"">177 ]</td><td class=""data_0_0""> 6/24 11:00</td></tr>"
大多喜,1004,1993,171.0,8/27 12:00,171,False,True,data_0_0,mtx,"<tr class=""mtx"" style=""text-align:right;""><td style=""white-space:nowrap""><div class=""a_print""><a href=""monthly_a1.php?prec_no=45&amp;block_no=1004&amp;year=1993&amp;month=&amp;day=&amp;view=a5"">1993</a></div></td><td class=""data_0_0"">32</td><td class=""data_0_0"">11/21 10:00</td><td class=""data_0_0"">72</td><td class=""data_0_0""> 8/27 09:00</td><td class=""data_0_0"">120</td><td class=""data_0_0""> 8/27 11:00</td><td class=""data_0_0"">145</td><td class=""data_0_0""> 8/27 15:00</td><td class=""data_0_0"">171</td><td class=""data_0_0""> 8/27 12:00</td><td class=""data_0_0"">197</td><td class=""data_0_0""> 8/28 10:00</td><td class=""data_0_0"">197</td><td class=""data_0_0""> 8/29 10:00</td></tr>"
大多喜,1004,1994,164.0,3/24 01:00,164,False,True,data_0_0,mtx,"<tr class=""mtx"" style=""text-align:right;""><td style=""white-space:nowrap""><div class=""a_print""><a href=""monthly_a1.php?prec_no=45&amp;block_no=1004&amp;year=1994&amp;month=&amp;day=&amp;view=a5"">1994</a></div></td><td class=""data_0_0"">31</td><td class=""data_0_0"">11/19 01:00</td><td class=""data_0_0"">55</td><td class=""data_0_0""> 2/21 13:00</td><td class=""data_0_0"">82</td><td class=""data_0_0""> 3/24 01:00</td><td class=""data_0_0"">109</td><td class=""data_0_0""> 3/24 02:00</td><td class=""data_0_0"">164</td><td class=""data_0_0""> 3/24 01:00</td><td class=""data_0_0"">176</td><td class=""data_0_0""> 3/24 21:00</td><td class=""data_0_0"">176</td><td class=""data_0_0""> 3/25 21:00</td></tr>"
大多喜,1004,1995,305.0,9/17 11:00,305,False,True,data_0_0,mtx,"<tr class=""mtx"" style=""text-align:right;""><td style=""white-space:nowrap""><div class=""a_print""><a href=""monthly_a1.php?prec_no=45&amp;block_no=1004&amp;year=1995&amp;month=&amp;day=&amp;view=a5"">1995</a></div></td><td class=""data_0_0"">33</td><td class=""data_0_0""> 9/17 11:00</td><td class=""data_0_0"">85</td><td class=""data_0_0""> 9/17 11:00</td><td class=""data_0_0"">130</td><td class=""data_0_0""> 9/17 12:00</td><td class=""data_0_0"">196</td><td class=""data_0_0""> 9/17 12:00</td><td class=""data_0_0"">305</td><td class=""data_0_0""> 9/17 11:00</td><td class=""data_0_0"">357</td><td class=""data_0_0""> 9/18 04:00</td><td class=""data_0_0"">368</td><td class=""data_0_0""> 9/17 23:00</td></tr>"
大多喜,1004,1996,365.0,9/22 24:00,365,False,True,data_0_0,mtx,"<tr class=""mtx"" style=""text-align:right;""><td style=""white-space:nowrap""><div class=""a_print""><a href=""monthly_a1.php?prec_no=45&amp;block_no=1004&amp;year=1996&amp;month=&amp;day=&amp;view=a5"">1996</a></div></td><td class=""data_0_0"">58</td><td class=""data_0_0""> 9/22 14:00</td><td class=""data_0_0"">131</td><td class=""data_0_0""> 9/22 14:00</td><td class=""data_0_0"">209</td><td class=""data_0_0""> 9/22 15:00</td><td class=""data_0_0"">324</td><td class=""data_0_0""> 9/22 16:00</td><td class=""data_0_0"">365</td><td class=""data_0_0""> 9/22 24:00</td><td class=""data_0_0"">365</td><td class=""data_0_0""> 9/23 24:00</td><td class=""data_0_0"">386</td><td class=""data_0_0""> 7/11 11:00</td></tr>"
大多喜,1004,1997,107.0,9/17 05:00,107,False,True,data_0_0,mtx,"<tr class=""mtx"" style=""text-align:right;""><td style=""white-space:nowrap""><div class=""a_print""><a href=""monthly_a1.php?prec_no=45&amp;block_no=1004&amp;year=1997&amp;month=&amp;day=&amp;view=a5"">1997</a></div></td><td class=""data_0_0"">23</td><td class=""data_0_0""> 7/12 15:00</td><td class=""data_0_0"">48</td><td class=""data_0_0""> 7/12 15:00</td><td class=""data_0_0"">69</td><td class=""data_0_0""> 3/30 04:00</td><td class=""data_0_0"">90</td><td class=""data_0_0""> 5/25 03:00</td><td class=""data_0_0"">107</td><td class=""data_0_0""> 9/17 05:00</td><td class=""data_0_0"">121</td><td class=""data_0_0""> 9/17 12:00</td><td class=""data_0_0"">156</td><td class=""data_0_0""> 9/19 06:00</td></tr>"
大多喜,1004,1998,109.0,7/17 03:00,109,False,True,data_0_0,mtx,"<tr class=""mtx"" style=""text-align:right;""><td style=""white-space:nowrap""><div class=""a_print""><a href=""monthly_a1.php?prec_no=45&amp;block_no=1004&amp;year=1998&amp;month=&amp;day=&amp;view=a5"">1998</a></div></td><td class=""data_0_0"">29</td><td class=""data_0_0""> 5/17 10:00</td><td class=""data_0_0"">61</td><td class=""data_0_0""> 7/16 07:00</td><td class=""data_0_0"">88</td><td class=""data_0_0""> 7/16 10:00</td><td class=""data_0_0"">98</td><td class=""data_0_0""> 7/16 15:00</td><td class=""data_0_0"">109</td><td class=""data_0_0""> 7/17 03:00</td><td class=""data_0_0"">138</td><td class=""data_0_0""> 7/18 03:00</td><td class=""data_0_0"">140</td><td class=""data_0_0""> 7/25 20:00</td></tr>"
大多喜,1004,1999,143.0,10/28 10:00,143 ],False,False,data_0_0,mtx,"<tr class=""mtx"" style=""text-align:right;""><td style=""white-space:nowrap""><div class=""a_print""><a href=""monthly_a1.php?prec_no=45&amp;block_no=1004&amp;year=1999&amp;month=&amp;day=&amp;view=a5"">1999</a></div></td><td class=""data_0_0"">32 ]</td><td class=""data_0_0"">10/27 21:00</td><td class=""data_0_0"">54 ]</td><td class=""data_0_0"">10/27 18:00</td><td class=""data_0_0"">97 ]</td><td class=""data_0_0"">10/27 21:00</td><td class=""data_0_0"">143</td><td class=""data_0_0"">10/27 22:00</td><td class=""data_0_0"">143 ]</td><td class=""data_0_0"">10/28 10:00</td><td class=""data_0_0"">151 ]</td><td class=""data_0_0""> 4/25 13:00</td><td class=""data_0_0"">152 ]</td><td class=""data_0_0""> 4/13 14:00</td></tr>"
大多喜,1004,2000,250.0,7/08 13:00,250,False,True,data_0_0,mtx,"<tr class=""mtx"" style=""text-align:right;""><td style=""white-space:nowrap""><div class=""a_print""><a href=""monthly_a1.php?prec_no=45&amp;block_no=1004&amp;year=2000&amp;month=&amp;day=&amp;view=a5"">2000</a></div></td><td class=""data_0_0"">43</td><td class=""data_0_0""> 7/07 22:00</td><td class=""data_0_0"">98</td><td class=""data_0_0""> 7/07 23:00</td><td class=""data_0_0"">124</td><td class=""data_0_0""> 7/07 23:00</td><td class=""data_0_0"">215</td><td class=""data_0_0""> 7/08 07:00</td><td class=""data_0_0"">250</td><td class=""data_0_0""> 7/08 13:00</td><td class=""data_0_0"">250</td><td class=""data_0_0""> 7/09 13:00</td><td class=""data_0_0"">250</td><td class=""data_0_0""> 7/10 13:00</td></tr>"
大多喜,1004,2001,206.0,8/12 03:00,206,False,True,data_0_0,mtx,"<tr class=""mtx"" style=""text-align:right;""><td style=""white-space:nowrap""><div class=""a_print""><a href=""monthly_a1.php?prec_no=45&amp;block_no=1004&amp;year=2001&amp;month=&amp;day=&amp;view=a5"">2001</a></div></td><td class=""data_0_0"">69</td><td class=""data_0_0""> 8/11 09:00</td><td class=""data_0_0"">149</td><td class=""data_0_0""> 8/11 09:00</td><td class=""data_0_0"">189</td><td class=""data_0_0""> 8/11 10:00</td><td class=""data_0_0"">195</td><td class=""data_0_0""> 8/11 15:00</td><td class=""data_0_0"">206</td><td class=""data_0_0""> 8/12 03:00</td><td class=""data_0_0"">212</td><td class=""data_0_0""> 8/13 03:00</td><td class=""data_0_0"">219</td><td class=""data_0_0"">10/11 09:00</td></tr>"
大多喜,1004,2002,168.0,9/07 02:00,168,False,True,data_0_0,mtx,"<tr class=""mtx"" style=""text-align:right;""><td style=""white-space:nowrap""><div class=""a_print""><a href=""monthly_a1.php?prec_no=45&amp;block_no=1004&amp;year=2002&amp;month=&amp;day=&amp;view=a5"">2002</a></div></td><td class=""data_0_0"">55</td><td class=""data_0_0""> 1/21 18:00</td><td class=""data_0_0"">77</td><td class=""data_0_0""> 1/21 18:00</td><td class=""data_0_0"">84</td><td class=""data_0_0""> 1/21 20:00</td><td class=""data_0_0"">119</td><td class=""data_0_0""> 1/27 07:00</td><td class=""data_0_0"">168</td><td class=""data_0_0""> 9/07 02:00</td><td class=""data_0_0"">192</td><td class=""data_0_0""> 9/07 23:00</td><td class=""data_0_0"">195</td><td class=""data_0_0""> 9/08 08:00</td></tr>"
大多喜,1004,2003,158.0,8/15 22:30,158,False,True,data_1t_0,mtx,"<tr class=""mtx"" style=""text-align:right;""><td style=""white-space:nowrap""><div class=""a_print""><a href=""monthly_a1.php?prec_no=45&amp;block_no=1004&amp;year=2003&amp;month=&amp;day=&amp;view=a5"">2003</a></div></td><td class=""data_1t_0"">37</td><td class=""data_1t_0"">11/25 16:00</td><td class=""data_1t_0"">81</td><td class=""data_1t_0"">11/25 16:50</td><td class=""data_1t_0"">109</td><td class=""data_1t_0"">11/25 16:50</td><td class=""data_1t_0"">132</td><td class=""data_1t_0"">11/25 19:20</td><td class=""data_1t_0"">158</td><td class=""data_1t_0""> 8/15 22:30</td><td class=""data_1t_0"">232</td><td class=""data_1t_0""> 8/16 13:30</td><td class=""data_1t_0"">254</td><td class=""data_1t_0""> 8/16 21:50</td></tr>"
大多喜,1004,2004,349.0,10/09 16:30,349,False,True,data_0_0,mtx,"<tr class=""mtx"" style=""text-align:right;""><td style=""white-space:nowrap""><div class=""a_print""><a href=""monthly_a1.php?prec_no=45&amp;block_no=1004&amp;year=2004&amp;month=&amp;day=&amp;view=a5"">2004</a></div></td><td class=""data_0_0"">55</td><td class=""data_0_0"">10/09 01:50</td><td class=""data_0_0"">121</td><td class=""data_0_0"">10/09 02:00</td><td class=""data_0_0"">210</td><td class=""data_0_0"">10/09 04:20</td><td class=""data_0_0"">271</td><td class=""data_0_0"">10/09 07:10</td><td class=""data_0_0"">349</td><td class=""data_0_0"">10/09 16:30</td><td class=""data_0_0"">357</td><td class=""data_0_0"">10/10 11:50</td><td class=""data_0_0"">366</td><td class=""data_0_0"">10/11 11:50</td></tr>"
大多喜,1004,2005,308.0,8/26 10:20,308,False,True,data_0_0,mtx,"<tr class=""mtx"" style=""text-align:right;""><td style=""white-space:nowrap""><div class=""a_print""><a href=""monthly_a1.php?prec_no=45&amp;block_no=1004&amp;year=2005&amp;month=&amp;day=&amp;view=a5"">2005</a></div></td><td class=""data_0_0"">46</td><td class=""data_0_0""> 8/25 23:50</td><td class=""data_0_0"">109</td><td class=""data_0_0""> 8/26 04:50</td><td class=""data_0_0"">197</td><td class=""data_0_0""> 8/26 04:50</td><td class=""data_0_0"">264</td><td class=""data_0_0""> 8/26 08:30</td><td class=""data_0_0"">308</td><td class=""data_0_0""> 8/26 10:20</td><td class=""data_0_0"">340</td><td class=""data_0_0""> 8/27 03:10</td><td class=""data_0_0"">343</td><td class=""data_0_0""> 8/27 02:50</td></tr>"
大多喜,1004,2006,227.0,10/06 22:30,227,False,True,data_0_0,mtx,"<tr class=""mtx"" style=""text-align:right;""><td style=""white-space:nowrap""><div class=""a_print""><a href=""monthly_a1.php?prec_no=45&amp;block_no=1004&amp;year=2006&amp;month=&amp;day=&amp;view=a5"">2006</a></div></td><td class=""data_0_0"">54</td><td class=""data_0_0""> 9/27 12:20</td><td class=""data_0_0"">77</td><td class=""data_0_0"">12/26 20:30</td><td class=""data_0_0"">112</td><td class=""data_0_0"">12/26 20:40</td><td class=""data_0_0"">180</td><td class=""data_0_0"">12/27 02:10</td><td class=""data_0_0"">227</td><td class=""data_0_0"">10/06 22:30</td><td class=""data_0_0"">265</td><td class=""data_0_0"">10/07 05:40</td><td class=""data_0_0"">269</td><td class=""data_0_0"">10/07 06:30</td></tr>"
大多喜,1004,2007,229.0,7/15 12:40,229,False,True,data_0_0,mtx,"<tr class=""mtx"" style=""text-align:right;""><td style=""white-space:nowrap""><div class=""a_print""><a href=""monthly_a1.php?prec_no=45&amp;block_no=1004&amp;year=2007&amp;month=&amp;day=&amp;view=a5"">2007</a></div></td><td class=""data_0_0"">36</td><td class=""data_0_0""> 7/14 22:20</td><td class=""data_0_0"">68</td><td class=""data_0_0""> 7/14 22:20</td><td class=""data_0_0"">120</td><td class=""data_0_0""> 7/14 22:50</td><td class=""data_0_0"">162</td><td class=""data_0_0""> 7/15 00:20</td><td class=""data_0_0"">229</td><td class=""data_0_0""> 7/15 12:40</td><td class=""data_0_0"">246</td><td class=""data_0_0""> 7/16 05:50</td><td class=""data_0_0"">272</td><td class=""data_0_0""> 7/15 15:20</td></tr>"
大多喜,1004,2008,125.0,4/08 22:40,125.0,False,True,data_0_0,mtx,"<tr class=""mtx"" style=""text-align:right;""><td style=""white-space:nowrap""><div class=""a_print""><a href=""monthly_a1.php?prec_no=45&amp;block_no=1004&amp;year=2008&amp;month=&amp;day=&amp;view=a5"">2008</a></div></td><td class=""data_0_0"">40.0</td><td class=""data_0_0""> 8/30 20:10</td><td class=""data_0_0"">56.5</td><td class=""data_0_0""> 8/30 22:00</td><td class=""data_0_0"">73.5</td><td class=""data_0_0"">10/08 07:10</td><td class=""data_0_0"">100.0</td><td class=""data_0_0""> 4/08 10:40</td><td class=""data_0_0"">125.0</td><td class=""data_0_0""> 4/08 22:40</td><td class=""data_0_0"">146.0</td><td class=""data_0_0""> 6/23 03:00</td><td class=""data_0_0"">148.5</td><td class=""data_0_0""> 6/23 16:40</td></tr>"
大多喜,1004,2009,130.5,1/31 09:40,130.5,False,True,data_0_0,mtx,"<tr class=""mtx"" style=""text-align:right;""><td style=""white-space:nowrap""><div class=""a_print""><a href=""monthly_a1.php?prec_no=45&amp;block_no=1004&amp;year=2009&amp;month=&amp;day=&amp;view=a5"">2009</a></div></td><td class=""data_0_0"">31.5</td><td class=""data_0_0""> 8/10 16:20</td><td class=""data_0_0"">67.5</td><td class=""data_0_0""> 1/31 07:20</td><td class=""data_0_0"">101.0</td><td class=""data_0_0""> 1/31 07:50</td><td class=""data_0_0"">125.0</td><td class=""data_0_0""> 1/31 10:30</td><td class=""data_0_0"">130.5</td><td class=""data_0_0""> 1/31 09:40</td><td class=""data_0_0"">145.5</td><td class=""data_0_0""> 9/01 07:10</td><td class=""data_0_0"">152.5</td><td class=""data_0_0""> 5/31 04:30</td></tr>"
大多喜,1004,2010,199.0,9/28 06:10,199.0,False,True,data_0_0,mtx,"<tr class=""mtx"" style=""text-align:right;""><td style=""white-space:nowrap""><div class=""a_print""><a href=""monthly_a1.php?prec_no=45&amp;block_no=1004&amp;year=2010&amp;month=&amp;day=&amp;view=a5"">2010</a></div></td><td class=""data_0_0"">40.5</td><td class=""data_0_0"">12/03 03:50</td><td class=""data_0_0"">71.5</td><td class=""data_0_0""> 9/28 05:50</td><td class=""data_0_0"">105.5</td><td class=""data_0_0""> 9/28 06:20</td><td class=""data_0_0"">133.0</td><td class=""data_0_0""> 9/28 09:30</td><td class=""data_0_0"">199.0</td><td class=""data_0_0""> 9/28 06:10</td><td class=""data_0_0"">255.0</td><td class=""data_0_0""> 9/28 21:40</td><td class=""data_0_0"">256.0</td><td class=""data_0_0""> 9/28 10:50</td></tr>"
大多喜,1004,2011,137.5,10/06 02:40,137.5,False,True,data_0_0,mtx,"<tr class=""mtx"" style=""text-align:right;""><td style=""white-space:nowrap""><div class=""a_print""><a href=""monthly_a1.php?prec_no=45&amp;block_no=1004&amp;year=2011&amp;month=&amp;day=&amp;view=a5"">2011</a></div></td><td class=""data_0_0"">35.0</td><td class=""data_0_0"">12/03 10:50</td><td class=""data_0_0"">82.0</td><td class=""data_0_0"">12/03 11:10</td><td class=""data_0_0"">92.5</td><td class=""data_0_0"">12/03 11:10</td><td class=""data_0_0"">125.0</td><td class=""data_0_0"">10/05 22:20</td><td class=""data_0_0"">137.5</td><td class=""data_0_0"">10/06 02:40</td><td class=""data_0_0"">166.5</td><td class=""data_0_0""> 9/21 23:20</td><td class=""data_0_0"">167.5</td><td class=""data_0_0""> 9/22 23:20</td></tr>"
大多喜,1004,2012,134.0,5/03 15:40,134.0,False,True,data_0_0,mtx,"<tr class=""mtx"" style=""text-align:right;""><td style=""white-space:nowrap""><div class=""a_print""><a href=""monthly_a1.php?prec_no=45&amp;block_no=1004&amp;year=2012&amp;month=&amp;day=&amp;view=a5"">2012</a></div></td><td class=""data_0_0"">37.0</td><td class=""data_0_0"">10/18 00:30</td><td class=""data_0_0"">64.0</td><td class=""data_0_0""> 6/19 23:00</td><td class=""data_0_0"">101.5</td><td class=""data_0_0""> 6/20 00:40</td><td class=""data_0_0"">104.5</td><td class=""data_0_0""> 6/20 05:40</td><td class=""data_0_0"">134.0</td><td class=""data_0_0""> 5/03 15:40</td><td class=""data_0_0"">149.5</td><td class=""data_0_0""> 5/04 00:10</td><td class=""data_0_0"">153.5</td><td class=""data_0_0""> 5/04 05:10</td></tr>"
大多喜,1004,2013,314.5,10/16 11:20,314.5,False,True,data_0_0,mtx,"<tr class=""mtx"" style=""text-align:right;""><td style=""white-space:nowrap""><div class=""a_print""><a href=""monthly_a1.php?prec_no=45&amp;block_no=1004&amp;year=2013&amp;month=&amp;day=&amp;view=a5"">2013</a></div></td><td class=""data_0_0"">36.0</td><td class=""data_0_0"">10/16 05:20</td><td class=""data_0_0"">90.5</td><td class=""data_0_0"">10/16 06:20</td><td class=""data_0_0"">164.5</td><td class=""data_0_0"">10/16 06:10</td><td class=""data_0_0"">258.0</td><td class=""data_0_0"">10/16 06:40</td><td class=""data_0_0"">314.5</td><td class=""data_0_0"">10/16 11:20</td><td class=""data_0_0"">316.5</td><td class=""data_0_0"">10/16 18:30</td><td class=""data_0_0"">316.5</td><td class=""data_0_0"">10/17 18:30</td></tr>"
大多喜,1004,2014,210.5,6/07 08:30,210.5 ],False,False,data_0_0,mtx,"<tr class=""mtx"" style=""text-align:right;""><td style=""white-space:nowrap""><div class=""a_print""><a href=""monthly_a1.php?prec_no=45&amp;block_no=1004&amp;year=2014&amp;month=&amp;day=&amp;view=a5"">2014</a></div></td><td class=""data_0_0"">36.0</td><td class=""data_0_0""> 8/10 02:50</td><td class=""data_0_0"">58.5</td><td class=""data_0_0""> 8/10 04:50</td><td class=""data_0_0"">90.5</td><td class=""data_0_0""> 8/10 05:00</td><td class=""data_0_0"">138.5</td><td class=""data_0_0""> 6/07 03:40</td><td class=""data_0_0"">210.5 ]</td><td class=""data_0_0""> 6/07 08:30</td><td class=""data_0_0"">275.0 ]</td><td class=""data_0_0""> 6/07 18:00</td><td class=""data_0_0"">283.5 ]</td><td class=""data_0_0""> 6/08 11:40</td></tr>"
大多喜,1004,2015,171.0,9/10 12:30,171.0,False,True,data_0_0,mtx,"<tr class=""mtx"" style=""text-align:right;""><td style=""white-space:nowrap""><div class=""a_print""><a href=""monthly_a1.php?prec_no=45&amp;block_no=1004&amp;year=2015&amp;month=&amp;day=&amp;view=a5"">2015</a></div></td><td class=""data_0_0"">37.5</td><td class=""data_0_0""> 9/10 01:20</td><td class=""data_0_0"">63.0</td><td class=""data_0_0""> 9/10 11:30</td><td class=""data_0_0"">73.0</td><td class=""data_0_0""> 9/10 12:30</td><td class=""data_0_0"">129.5</td><td class=""data_0_0""> 9/10 12:10</td><td class=""data_0_0"">171.0</td><td class=""data_0_0""> 9/10 12:30</td><td class=""data_0_0"">222.0</td><td class=""data_0_0""> 9/10 12:20</td><td class=""data_0_0"">269.5</td><td class=""data_0_0""> 9/10 19:10</td></tr>"
大多喜,1004,2016,120.5,9/23 04:10,120.5,False,True,data_0_0,mtx,"<tr class=""mtx"" style=""text-align:right;""><td style=""white-space:nowrap""><div class=""a_print""><a href=""monthly_a1.php?prec_no=45&amp;block_no=1004&amp;year=2016&amp;month=&amp;day=&amp;view=a5"">2016</a></div></td><td class=""data_0_0"">56.0</td><td class=""data_0_0""> 8/17 23:40</td><td class=""data_0_0"">84.0</td><td class=""data_0_0""> 9/22 12:50</td><td class=""data_0_0"">114.5</td><td class=""data_0_0""> 9/22 13:10</td><td class=""data_0_0"">118.0</td><td class=""data_0_0""> 9/22 16:10</td><td class=""data_0_0"">120.5</td><td class=""data_0_0""> 9/23 04:10</td><td class=""data_0_0"">183.5</td><td class=""data_0_0""> 8/18 12:40</td><td class=""data_0_0"">216.0</td><td class=""data_0_0""> 9/22 16:20</td></tr>"
大多喜,1004,2017,237.0,10/23 01:40,237.0,False,True,data_0_0,mtx,"<tr class=""mtx"" style=""text-align:right;""><td style=""white-space:nowrap""><div class=""a_print""><a href=""monthly_a1.php?prec_no=45&amp;block_no=1004&amp;year=2017&amp;month=&amp;day=&amp;view=a5"">2017</a></div></td><td class=""data_0_0"">89.5</td><td class=""data_0_0""> 9/28 07:30</td><td class=""data_0_0"">123.0</td><td class=""data_0_0""> 9/28 07:20</td><td class=""data_0_0"">167.0</td><td class=""data_0_0""> 9/28 08:30</td><td class=""data_0_0"">185.0</td><td class=""data_0_0""> 9/28 11:00</td><td class=""data_0_0"">237.0</td><td class=""data_0_0"">10/23 01:40</td><td class=""data_0_0"">261.0</td><td class=""data_0_0"">10/23 10:00</td><td class=""data_0_0"">265.5</td><td class=""data_0_0"">10/23 10:10</td></tr>"
大多喜,1004,2018,116.5,10/01 01:50,116.5,False,True,data_0_0,mtx,"<tr class=""mtx"" style=""text-align:right;""><td style=""white-space:nowrap""><div class=""a_print""><a href=""monthly_a1.php?prec_no=45&amp;block_no=1004&amp;year=2018&amp;month=&amp;day=&amp;view=a5"">2018</a></div></td><td class=""data_0_0"">30.0</td><td class=""data_0_0""> 9/30 07:20</td><td class=""data_0_0"">68.0</td><td class=""data_0_0""> 9/30 07:20</td><td class=""data_0_0"">83.0</td><td class=""data_0_0""> 9/30 07:50</td><td class=""data_0_0"">85.5</td><td class=""data_0_0""> 9/30 11:30</td><td class=""data_0_0"">116.5</td><td class=""data_0_0"">10/01 01:50</td><td class=""data_0_0"">121.0</td><td class=""data_0_0"">10/01 14:00</td><td class=""data_0_0"">121.0</td><td class=""data_0_0"">10/02 14:00</td></tr>"
大多喜,1004,2019,276.5,10/25 23:30,276.5,False,True,data_0_0,mtx,"<tr class=""mtx"" style=""text-align:right;""><td style=""white-space:nowrap""><div class=""a_print""><a href=""monthly_a1.php?prec_no=45&amp;block_no=1004&amp;year=2019&amp;month=&amp;day=&amp;view=a5"">2019</a></div></td><td class=""data_0_0"">53.5</td><td class=""data_0_0"">10/25 10:20</td><td class=""data_0_0"">131.5</td><td class=""data_0_0"">10/25 12:20</td><td class=""data_0_0"">209.5</td><td class=""data_0_0"">10/25 12:40</td><td class=""data_0_0"">271.5</td><td class=""data_0_0"">10/25 16:00</td><td class=""data_0_0"">276.5</td><td class=""data_0_0"">10/25 23:30</td><td class=""data_0_0"">276.5 ]</td><td class=""data_0_0"">10/26 23:30</td><td class=""data_0_0"">276.5 ]</td><td class=""data_0_0"">10/27 23:30</td></tr>"
大多喜,1004,2020,139.5,1/29 02:10,139.5,False,True,data_0_0,mtx,"<tr class=""mtx"" style=""text-align:right;""><td style=""white-space:nowrap""><div class=""a_print""><a href=""monthly_a1.php?prec_no=45&amp;block_no=1004&amp;year=2020&amp;month=&amp;day=&amp;view=a5"">2020</a></div></td><td class=""data_0_0"">33.0</td><td class=""data_0_0""> 7/04 06:40</td><td class=""data_0_0"">58.0</td><td class=""data_0_0""> 7/04 07:00</td><td class=""data_0_0"">90.5</td><td class=""data_0_0""> 1/29 02:00</td><td class=""data_0_0"">112.0</td><td class=""data_0_0""> 1/29 02:00</td><td class=""data_0_0"">139.5</td><td class=""data_0_0""> 1/29 02:10</td><td class=""data_0_0"">180.5</td><td class=""data_0_0"">10/10 21:20</td><td class=""data_0_0"">214.0</td><td class=""data_0_0"">10/11 02:30</td></tr>"
大多喜,1004,2021,228.5,8/08 23:10,228.5,False,True,data_0_0,mtx,"<tr class=""mtx"" style=""text-align:right;""><td style=""white-space:nowrap""><div class=""a_print""><a href=""monthly_a1.php?prec_no=45&amp;block_no=1004&amp;year=2021&amp;month=&amp;day=&amp;view=a5"">2021</a></div></td><td class=""data_0_0"">43.0</td><td class=""data_0_0""> 8/08 10:20</td><td class=""data_0_0"">103.5</td><td class=""data_0_0""> 8/08 12:20</td><td class=""data_0_0"">158.0</td><td class=""data_0_0""> 8/08 13:20</td><td class=""data_0_0"">204.5</td><td class=""data_0_0""> 8/08 16:40</td><td class=""data_0_0"">228.5</td><td class=""data_0_0""> 8/08 23:10</td><td class=""data_0_0"">231.5 ]</td><td class=""data_0_0""> 8/09 15:50</td><td class=""data_0_0"">298.0 ]</td><td class=""data_0_0""> 7/04 01:40</td></tr>"
大多喜,1004,2022,115.0,9/19 06:10,115.0,False,True,data_0_0,mtx,"<tr class=""mtx"" style=""text-align:right;""><td style=""white-space:nowrap""><div class=""a_print""><a href=""monthly_a1.php?prec_no=45&amp;block_no=1004&amp;year=2022&amp;month=&amp;day=&amp;view=a5"">2022</a></div></td><td class=""data_0_0"">39.5</td><td class=""data_0_0""> 8/04 20:50</td><td class=""data_0_0"">67.0</td><td class=""data_0_0""> 9/18 13:40</td><td class=""data_0_0"">91.5</td><td class=""data_0_0""> 8/04 21:10</td><td class=""data_0_0"">109.5</td><td class=""data_0_0""> 9/18 22:00</td><td class=""data_0_0"">115.0</td><td class=""data_0_0""> 9/19 06:10</td><td class=""data_0_0"">134.5</td><td class=""data_0_0""> 4/05 06:00</td><td class=""data_0_0"">141.5</td><td class=""data_0_0""> 9/21 10:00</td></tr>"
大多喜,1004,2023,352.0,9/08 22:40,352.0,False,True,data_0_0,mtx,"<tr class=""mtx"" style=""text-align:right;""><td style=""white-space:nowrap""><div class=""a_print""><a href=""monthly_a1.php?prec_no=45&amp;block_no=1004&amp;year=2023&amp;month=&amp;day=&amp;view=a5"">2023</a></div></td><td class=""data_0_0"">107.5</td><td class=""data_0_0""> 9/08 11:20</td><td class=""data_0_0"">191.0</td><td class=""data_0_0""> 9/08 11:30</td><td class=""data_0_0"">262.5</td><td class=""data_0_0""> 9/08 11:30</td><td class=""data_0_0"">328.0</td><td class=""data_0_0""> 9/08 13:00</td><td class=""data_0_0"">352.0</td><td class=""data_0_0""> 9/08 22:40</td><td class=""data_0_0"">377.0</td><td class=""data_0_0""> 9/09 17:30</td><td class=""data_0_0"">380.0</td><td class=""data_0_0""> 9/09 19:40</td></tr>"
大多喜,1004,2024,171.5,8/17 03:00,171.5,False,True,data_0_0,mtx,"<tr class=""mtx"" style=""text-align:right;""><td style=""white-space:nowrap""><div class=""a_print""><a href=""monthly_a1.php?prec_no=45&amp;block_no=1004&amp;year=2024&amp;month=&amp;day=&amp;view=a5"">2024</a></div></td><td class=""data_0_0"">33.5</td><td class=""data_0_0""> 3/12 19:00</td><td class=""data_0_0"">67.0</td><td class=""data_0_0""> 8/16 18:20</td><td class=""data_0_0"">116.5</td><td class=""data_0_0""> 8/16 19:00</td><td class=""data_0_0"">148.5</td><td class=""data_0_0""> 8/16 23:10</td><td class=""data_0_0"">171.5</td><td class=""data_0_0""> 8/17 03:00</td><td class=""data_0_0"">171.5</td><td class=""data_0_0""> 8/18 03:00</td><td class=""data_0_0"">171.5</td><td class=""data_0_0""> 8/19 03:00</td></tr>"
大多喜,1004,2025,160.5,9/06 02:40,160.5,False,True,data_0_0,mtx,"<tr class=""mtx"" style=""text-align:right;""><td style=""white-space:nowrap""><div class=""a_print""><a href=""monthly_a1.php?prec_no=45&amp;block_no=1004&amp;year=2025&amp;month=&amp;day=&amp;view=a5"">2025</a></div></td><td class=""data_0_0"">63.0</td><td class=""data_0_0""> 9/05 16:20</td><td class=""data_0_0"">81.5</td><td class=""data_0_0""> 9/05 16:40</td><td class=""data_0_0"">103.5</td><td class=""data_0_0""> 9/05 16:20</td><td class=""data_0_0"">155.0</td><td class=""data_0_0""> 9/05 17:30</td><td class=""data_0_0"">160.5</td><td class=""data_0_0""> 9/06 02:40</td><td class=""data_0_0"">164.0</td><td class=""data_0_0""> 9/06 10:20</td><td class=""data_0_0"">164.0</td><td class=""data_0_0""> 9/07 10:20</td></tr>"
船橋,1236,1978,87.0,7/09 17:00,87 ],False,False,data_0_0,mtx,"<tr class=""mtx"" style=""text-align:right;""><td style=""white-space:nowrap""><div class=""a_print""><a href=""monthly_a1.php?prec_no=45&amp;block_no=1236&amp;year=1978&amp;month=&amp;day=&amp;view=a5"">1978</a></div></td><td class=""data_0_0"">70 ]</td><td class=""data_0_0""> 7/08 18:00</td><td class=""data_0_0"">86 ]</td><td class=""data_0_0""> 7/08 20:00</td><td class=""data_0_0"">87 ]</td><td class=""data_0_0""> 7/08 23:00</td><td class=""data_0_0"">87 ]</td><td class=""data_0_0""> 7/09 05:00</td><td class=""data_0_0"">87 ]</td><td class=""data_0_0""> 7/09 17:00</td><td class=""data_0_0"">87 ]</td><td class=""data_0_0""> 7/10 17:00</td><td class=""data_0_0"">116 ]</td><td class=""data_0_0""> 7/11 17:00</td></tr>"
船橋,1236,1979,95.0,10/07 16:00,95,False,True,data_0_0,mtx,"<tr class=""mtx"" style=""text-align:right;""><td style=""white-space:nowrap""><div class=""a_print""><a href=""monthly_a1.php?prec_no=45&amp;block_no=1236&amp;year=1979&amp;month=&amp;day=&amp;view=a5"">1979</a></div></td><td class=""data_0_0"">25</td><td class=""data_0_0""> 3/24 23:00</td><td class=""data_0_0"">35</td><td class=""data_0_0""> 3/24 23:00</td><td class=""data_0_0"">47</td><td class=""data_0_0"">10/07 13:00</td><td class=""data_0_0"">75</td><td class=""data_0_0"">10/07 14:00</td><td class=""data_0_0"">95</td><td class=""data_0_0"">10/07 16:00</td><td class=""data_0_0"">108</td><td class=""data_0_0"">10/08 01:00</td><td class=""data_0_0"">109</td><td class=""data_0_0"">10/09 01:00</td></tr>"
船橋,1236,1980,60.0,10/15 15:00,60,False,True,data_0_0,mtx,"<tr class=""mtx"" style=""text-align:right;""><td style=""white-space:nowrap""><div class=""a_print""><a href=""monthly_a1.php?prec_no=45&amp;block_no=1236&amp;year=1980&amp;month=&amp;day=&amp;view=a5"">1980</a></div></td><td class=""data_0_0"">30</td><td class=""data_0_0""> 7/09 10:00</td><td class=""data_0_0"">52</td><td class=""data_0_0""> 7/09 12:00</td><td class=""data_0_0"">58</td><td class=""data_0_0""> 7/09 15:00</td><td class=""data_0_0"">60</td><td class=""data_0_0"">10/15 03:00</td><td class=""data_0_0"">60</td><td class=""data_0_0"">10/15 15:00</td><td class=""data_0_0"">76</td><td class=""data_0_0""> 7/10 05:00</td><td class=""data_0_0"">87</td><td class=""data_0_0""> 7/10 01:00</td></tr>"
船橋,1236,1981,176.0,10/23 07:00,176,False,True,data_0_0,mtx,"<tr class=""mtx"" style=""text-align:right;""><td style=""white-space:nowrap""><div class=""a_print""><a href=""monthly_a1.php?prec_no=45&amp;block_no=1236&amp;year=1981&amp;month=&amp;day=&amp;view=a5"">1981</a></div></td><td class=""data_0_0"">47</td><td class=""data_0_0"">10/22 24:00</td><td class=""data_0_0"">88</td><td class=""data_0_0"">10/22 24:00</td><td class=""data_0_0"">125</td><td class=""data_0_0"">10/22 24:00</td><td class=""data_0_0"">163</td><td class=""data_0_0"">10/23 01:00</td><td class=""data_0_0"">176</td><td class=""data_0_0"">10/23 07:00</td><td class=""data_0_0"">176</td><td class=""data_0_0"">10/24 07:00</td><td class=""data_0_0"">176</td><td class=""data_0_0"">10/25 07:00</td></tr>"
船橋,1236,1982,145.0,9/12 16:00,145,False,True,data_0_0,mtx,"<tr class=""mtx"" style=""text-align:right;""><td style=""white-space:nowrap""><div class=""a_print""><a href=""monthly_a1.php?prec_no=45&amp;block_no=1236&amp;year=1982&amp;month=&amp;day=&amp;view=a5"">1982</a></div></td><td class=""data_0_0"">21</td><td class=""data_0_0""> 8/31 15:00</td><td class=""data_0_0"">50</td><td class=""data_0_0""> 9/12 15:00</td><td class=""data_0_0"">93</td><td class=""data_0_0""> 9/12 15:00</td><td class=""data_0_0"">117</td><td class=""data_0_0""> 9/12 17:00</td><td class=""data_0_0"">145</td><td class=""data_0_0""> 9/12 16:00</td><td class=""data_0_0"">181</td><td class=""data_0_0""> 9/12 17:00</td><td class=""data_0_0"">205 ]</td><td class=""data_0_0""> 9/13 12:00</td></tr>"
船橋,1236,1983,85.0,9/29 07:00,85,False,True,data_0_0,mtx,"<tr class=""mtx"" style=""text-align:right;""><td style=""white-space:nowrap""><div class=""a_print""><a href=""monthly_a1.php?prec_no=45&amp;block_no=1236&amp;year=1983&amp;month=&amp;day=&amp;view=a5"">1983</a></div></td><td class=""data_0_0"">21</td><td class=""data_0_0""> 6/10 20:00</td><td class=""data_0_0"">37</td><td class=""data_0_0""> 9/01 13:00</td><td class=""data_0_0"">48</td><td class=""data_0_0""> 9/29 01:00</td><td class=""data_0_0"">66</td><td class=""data_0_0""> 9/29 03:00</td><td class=""data_0_0"">85</td><td class=""data_0_0""> 9/29 07:00</td><td class=""data_0_0"">112</td><td class=""data_0_0""> 9/29 09:00</td><td class=""data_0_0"">115</td><td class=""data_0_0""> 9/29 06:00</td></tr>"
船橋,1236,1984,110.0,6/23 19:00,110,False,True,data_0_0,mtx,"<tr class=""mtx"" style=""text-align:right;""><td style=""white-space:nowrap""><div class=""a_print""><a href=""monthly_a1.php?prec_no=45&amp;block_no=1236&amp;year=1984&amp;month=&amp;day=&amp;view=a5"">1984</a></div></td><td class=""data_0_0"">32</td><td class=""data_0_0""> 7/11 23:00</td><td class=""data_0_0"">44</td><td class=""data_0_0""> 7/12 01:00</td><td class=""data_0_0"">83</td><td class=""data_0_0""> 6/23 07:00</td><td class=""data_0_0"">106</td><td class=""data_0_0""> 6/23 11:00</td><td class=""data_0_0"">110</td><td class=""data_0_0""> 6/23 19:00</td><td class=""data_0_0"">111</td><td class=""data_0_0""> 6/24 01:00</td><td class=""data_0_0"">116</td><td class=""data_0_0""> 6/25 19:00</td></tr>"
船橋,1236,1985,114.0,7/01 07:00,114,False,True,data_0_0,mtx,"<tr class=""mtx"" style=""text-align:right;""><td style=""white-space:nowrap""><div class=""a_print""><a href=""monthly_a1.php?prec_no=45&amp;block_no=1236&amp;year=1985&amp;month=&amp;day=&amp;view=a5"">1985</a></div></td><td class=""data_0_0"">24</td><td class=""data_0_0""> 7/20 18:00</td><td class=""data_0_0"">40</td><td class=""data_0_0""> 6/30 12:00</td><td class=""data_0_0"">50</td><td class=""data_0_0""> 6/30 15:00</td><td class=""data_0_0"">82</td><td class=""data_0_0""> 6/30 19:00</td><td class=""data_0_0"">114</td><td class=""data_0_0""> 7/01 07:00</td><td class=""data_0_0"">130</td><td class=""data_0_0""> 7/01 20:00</td><td class=""data_0_0"">151</td><td class=""data_0_0""> 7/01 07:00</td></tr>"
船橋,1236,1986,208.0,8/05 05:00,208,False,True,data_0_0,mtx,"<tr class=""mtx"" style=""text-align:right;""><td style=""white-space:nowrap""><div class=""a_print""><a href=""monthly_a1.php?prec_no=45&amp;block_no=1236&amp;year=1986&amp;month=&amp;day=&amp;view=a5"">1986</a></div></td><td class=""data_0_0"">61</td><td class=""data_0_0""> 8/02 13:00</td><td class=""data_0_0"">67</td><td class=""data_0_0""> 8/02 15:00</td><td class=""data_0_0"">114</td><td class=""data_0_0""> 8/04 23:00</td><td class=""data_0_0"">169</td><td class=""data_0_0""> 8/04 23:00</td><td class=""data_0_0"">208</td><td class=""data_0_0""> 8/05 05:00</td><td class=""data_0_0"">210</td><td class=""data_0_0""> 8/06 02:00</td><td class=""data_0_0"">277</td><td class=""data_0_0""> 8/05 12:00</td></tr>"
船橋,1236,1987,110.0,9/04 15:00,110,False,True,data_0_0,mtx,"<tr class=""mtx"" style=""text-align:right;""><td style=""white-space:nowrap""><div class=""a_print""><a href=""monthly_a1.php?prec_no=45&amp;block_no=1236&amp;year=1987&amp;month=&amp;day=&amp;view=a5"">1987</a></div></td><td class=""data_0_0"">25</td><td class=""data_0_0""> 8/22 24:00</td><td class=""data_0_0"">40</td><td class=""data_0_0""> 9/04 14:00</td><td class=""data_0_0"">52</td><td class=""data_0_0""> 9/04 14:00</td><td class=""data_0_0"">94</td><td class=""data_0_0""> 9/04 14:00</td><td class=""data_0_0"">110</td><td class=""data_0_0""> 9/04 15:00</td><td class=""data_0_0"">118</td><td class=""data_0_0""> 9/05 05:00</td><td class=""data_0_0"">124</td><td class=""data_0_0""> 9/06 17:00</td></tr>"
船橋,1236,1988,88.0,8/11 23:00,88,False,True,data_0_0,mtx,"<tr class=""mtx"" style=""text-align:right;""><td style=""white-space:nowrap""><div class=""a_print""><a href=""monthly_a1.php?prec_no=45&amp;block_no=1236&amp;year=1988&amp;month=&amp;day=&amp;view=a5"">1988</a></div></td><td class=""data_0_0"">17</td><td class=""data_0_0""> 3/12 07:00</td><td class=""data_0_0"">30</td><td class=""data_0_0""> 6/30 20:00</td><td class=""data_0_0"">48</td><td class=""data_0_0""> 7/16 05:00</td><td class=""data_0_0"">61</td><td class=""data_0_0""> 6/30 21:00</td><td class=""data_0_0"">88</td><td class=""data_0_0""> 8/11 23:00</td><td class=""data_0_0"">114</td><td class=""data_0_0""> 8/12 11:00</td><td class=""data_0_0"">117</td><td class=""data_0_0""> 8/13 04:00</td></tr>"
船橋,1236,1989,146.0,8/27 11:00,146,False,True,data_0_0,mtx,"<tr class=""mtx"" style=""text-align:right;""><td style=""white-space:nowrap""><div class=""a_print""><a href=""monthly_a1.php?prec_no=45&amp;block_no=1236&amp;year=1989&amp;month=&amp;day=&amp;view=a5"">1989</a></div></td><td class=""data_0_0"">48</td><td class=""data_0_0""> 8/26 16:00</td><td class=""data_0_0"">109</td><td class=""data_0_0""> 8/26 16:00</td><td class=""data_0_0"">138</td><td class=""data_0_0""> 8/26 17:00</td><td class=""data_0_0"">138</td><td class=""data_0_0""> 8/26 23:00</td><td class=""data_0_0"">146</td><td class=""data_0_0""> 8/27 11:00</td><td class=""data_0_0"">159</td><td class=""data_0_0""> 8/28 11:00</td><td class=""data_0_0"">159</td><td class=""data_0_0""> 8/29 11:00</td></tr>"
船橋,1236,1990,83.0,11/30 21:00,83,False,True,data_0_0,mtx,"<tr class=""mtx"" style=""text-align:right;""><td style=""white-space:nowrap""><div class=""a_print""><a href=""monthly_a1.php?prec_no=45&amp;block_no=1236&amp;year=1990&amp;month=&amp;day=&amp;view=a5"">1990</a></div></td><td class=""data_0_0"">31</td><td class=""data_0_0""> 8/26 22:00</td><td class=""data_0_0"">35</td><td class=""data_0_0""> 8/26 24:00</td><td class=""data_0_0"">54</td><td class=""data_0_0""> 9/30 20:00</td><td class=""data_0_0"">74</td><td class=""data_0_0""> 9/30 20:00</td><td class=""data_0_0"">83</td><td class=""data_0_0"">11/30 21:00</td><td class=""data_0_0"">103</td><td class=""data_0_0"">11/30 21:00</td><td class=""data_0_0"">131</td><td class=""data_0_0"">11/30 24:00</td></tr>"
船橋,1236,1991,213.0,9/19 20:00,213,False,True,data_0_0,mtx,"<tr class=""mtx"" style=""text-align:right;""><td style=""white-space:nowrap""><div class=""a_print""><a href=""monthly_a1.php?prec_no=45&amp;block_no=1236&amp;year=1991&amp;month=&amp;day=&amp;view=a5"">1991</a></div></td><td class=""data_0_0"">40</td><td class=""data_0_0""> 9/08 10:00</td><td class=""data_0_0"">82</td><td class=""data_0_0""> 9/08 10:00</td><td class=""data_0_0"">100</td><td class=""data_0_0""> 9/08 13:00</td><td class=""data_0_0"">144</td><td class=""data_0_0""> 9/19 18:00</td><td class=""data_0_0"">213</td><td class=""data_0_0""> 9/19 20:00</td><td class=""data_0_0"">236</td><td class=""data_0_0""> 9/20 12:00</td><td class=""data_0_0"">237</td><td class=""data_0_0""> 9/21 12:00</td></tr>"
船橋,1236,1992,138.0,10/09 19:00,138,False,True,data_0_0,mtx,"<tr class=""mtx"" style=""text-align:right;""><td style=""white-space:nowrap""><div class=""a_print""><a href=""monthly_a1.php?prec_no=45&amp;block_no=1236&amp;year=1992&amp;month=&amp;day=&amp;view=a5"">1992</a></div></td><td class=""data_0_0"">35</td><td class=""data_0_0"">10/09 07:00</td><td class=""data_0_0"">73</td><td class=""data_0_0"">10/09 07:00</td><td class=""data_0_0"">107</td><td class=""data_0_0"">10/09 07:00</td><td class=""data_0_0"">137</td><td class=""data_0_0"">10/09 08:00</td><td class=""data_0_0"">138</td><td class=""data_0_0"">10/09 19:00</td><td class=""data_0_0"">138</td><td class=""data_0_0"">10/10 19:00</td><td class=""data_0_0"">138</td><td class=""data_0_0"">10/11 19:00</td></tr>"
船橋,1236,1993,178.0,8/27 16:00,178 ],False,False,data_0_0,mtx,"<tr class=""mtx"" style=""text-align:right;""><td style=""white-space:nowrap""><div class=""a_print""><a href=""monthly_a1.php?prec_no=45&amp;block_no=1236&amp;year=1993&amp;month=&amp;day=&amp;view=a5"">1993</a></div></td><td class=""data_0_0"">34 ]</td><td class=""data_0_0""> 6/21 15:00</td><td class=""data_0_0"">71 ]</td><td class=""data_0_0""> 8/27 14:00</td><td class=""data_0_0"">117 ]</td><td class=""data_0_0""> 8/27 16:00</td><td class=""data_0_0"">169 ]</td><td class=""data_0_0""> 8/27 18:00</td><td class=""data_0_0"">178 ]</td><td class=""data_0_0""> 8/27 16:00</td><td class=""data_0_0"">194 ]</td><td class=""data_0_0""> 8/28 14:00</td><td class=""data_0_0"">194 ]</td><td class=""data_0_0""> 8/29 14:00</td></tr>"
船橋,1236,1994,89.0,9/14 18:00,89,False,True,data_0_0,mtx,"<tr class=""mtx"" style=""text-align:right;""><td style=""white-space:nowrap""><div class=""a_print""><a href=""monthly_a1.php?prec_no=45&amp;block_no=1236&amp;year=1994&amp;month=&amp;day=&amp;view=a5"">1994</a></div></td><td class=""data_0_0"">49</td><td class=""data_0_0""> 9/02 17:00</td><td class=""data_0_0"">49</td><td class=""data_0_0""> 9/02 19:00</td><td class=""data_0_0"">49</td><td class=""data_0_0""> 9/02 22:00</td><td class=""data_0_0"">71</td><td class=""data_0_0""> 9/14 07:00</td><td class=""data_0_0"">89</td><td class=""data_0_0""> 9/14 18:00</td><td class=""data_0_0"">127</td><td class=""data_0_0""> 9/15 15:00</td><td class=""data_0_0"">142</td><td class=""data_0_0""> 9/16 17:00</td></tr>"
船橋,1236,1995,118.0,9/17 14:00,118,False,True,data_0_0,mtx,"<tr class=""mtx"" style=""text-align:right;""><td style=""white-space:nowrap""><div class=""a_print""><a href=""monthly_a1.php?prec_no=45&amp;block_no=1236&amp;year=1995&amp;month=&amp;day=&amp;view=a5"">1995</a></div></td><td class=""data_0_0"">25</td><td class=""data_0_0""> 9/15 08:00</td><td class=""data_0_0"">42</td><td class=""data_0_0""> 6/04 02:00</td><td class=""data_0_0"">44</td><td class=""data_0_0"">10/02 07:00</td><td class=""data_0_0"">81</td><td class=""data_0_0""> 9/17 05:00</td><td class=""data_0_0"">118</td><td class=""data_0_0""> 9/17 14:00</td><td class=""data_0_0"">149</td><td class=""data_0_0""> 9/17 06:00</td><td class=""data_0_0"">178</td><td class=""data_0_0""> 9/17 23:00</td></tr>"
船橋,1236,1996,102.0,9/23 01:00,102,False,True,data_0_0,mtx,"<tr class=""mtx"" style=""text-align:right;""><td style=""white-space:nowrap""><div class=""a_print""><a href=""monthly_a1.php?prec_no=45&amp;block_no=1236&amp;year=1996&amp;month=&amp;day=&amp;view=a5"">1996</a></div></td><td class=""data_0_0"">15</td><td class=""data_0_0""> 7/09 07:00</td><td class=""data_0_0"">33</td><td class=""data_0_0""> 9/22 16:00</td><td class=""data_0_0"">56</td><td class=""data_0_0""> 9/22 16:00</td><td class=""data_0_0"">89</td><td class=""data_0_0""> 9/22 17:00</td><td class=""data_0_0"">102</td><td class=""data_0_0""> 9/23 01:00</td><td class=""data_0_0"">157</td><td class=""data_0_0""> 7/10 17:00</td><td class=""data_0_0"">181</td><td class=""data_0_0""> 7/10 23:00</td></tr>"
船橋,1236,1997,75.0,7/18 09:00,75,False,True,data_0_0,mtx,"<tr class=""mtx"" style=""text-align:right;""><td style=""white-space:nowrap""><div class=""a_print""><a href=""monthly_a1.php?prec_no=45&amp;block_no=1236&amp;year=1997&amp;month=&amp;day=&amp;view=a5"">1997</a></div></td><td class=""data_0_0"">47</td><td class=""data_0_0""> 7/17 19:00</td><td class=""data_0_0"">68</td><td class=""data_0_0""> 7/17 21:00</td><td class=""data_0_0"">71</td><td class=""data_0_0""> 7/17 24:00</td><td class=""data_0_0"">74</td><td class=""data_0_0""> 7/18 05:00</td><td class=""data_0_0"">75</td><td class=""data_0_0""> 7/18 09:00</td><td class=""data_0_0"">75</td><td class=""data_0_0""> 7/19 09:00</td><td class=""data_0_0"">75</td><td class=""data_0_0""> 7/20 09:00</td></tr>"
船橋,1236,1998,48.0,7/23 06:00,48,False,True,data_0_0,mtx,"<tr class=""mtx"" style=""text-align:right;""><td style=""white-space:nowrap""><div class=""a_print""><a href=""monthly_a1.php?prec_no=45&amp;block_no=1236&amp;year=1998&amp;month=&amp;day=&amp;view=a5"">1998</a></div></td><td class=""data_0_0"">18</td><td class=""data_0_0""> 7/10 08:00</td><td class=""data_0_0"">30</td><td class=""data_0_0""> 7/23 01:00</td><td class=""data_0_0"">35</td><td class=""data_0_0""> 7/23 03:00</td><td class=""data_0_0"">47</td><td class=""data_0_0""> 7/23 03:00</td><td class=""data_0_0"">48</td><td class=""data_0_0""> 7/23 06:00</td><td class=""data_0_0"">63</td><td class=""data_0_0""> 7/24 15:00</td><td class=""data_0_0"">64</td><td class=""data_0_0""> 7/25 06:00</td></tr>"
船橋,1236,1999,116.0,8/14 18:00,116 ],True,False,data_2t_0,mtx,"<tr class=""mtx"" style=""text-align:right;""><td style=""white-space:nowrap""><div class=""a_print""><a href=""monthly_a1.php?prec_no=45&amp;block_no=1236&amp;year=1999&amp;month=&amp;day=&amp;view=a5"">1999</a></div></td><td class=""data_2t_0"">22 ]</td><td class=""data_2t_0""> 8/14 12:00</td><td class=""data_2t_0"">38 ]</td><td class=""data_2t_0""> 8/14 12:00</td><td class=""data_2t_0"">60 ]</td><td class=""data_2t_0""> 8/14 13:00</td><td class=""data_2t_0"">85 ]</td><td class=""data_2t_0""> 8/14 13:00</td><td class=""data_2t_0"">116 ]</td><td class=""data_2t_0""> 8/14 18:00</td><td class=""data_2t_0"">116 ]</td><td class=""data_2t_0""> 8/15 18:00</td><td class=""data_2t_0"">116 ]</td><td class=""data_2t_0""> 8/16 18:00</td></tr>"
船橋,1236,2000,184.0,7/08 16:00,184,False,True,data_0_0,mtx,"<tr class=""mtx"" style=""text-align:right;""><td style=""white-space:nowrap""><div class=""a_print""><a href=""monthly_a1.php?prec_no=45&amp;block_no=1236&amp;year=2000&amp;month=&amp;day=&amp;view=a5"">2000</a></div></td><td class=""data_0_0"">35</td><td class=""data_0_0""> 7/07 24:00</td><td class=""data_0_0"">68</td><td class=""data_0_0""> 7/07 24:00</td><td class=""data_0_0"">89</td><td class=""data_0_0""> 7/08 05:00</td><td class=""data_0_0"">172</td><td class=""data_0_0""> 7/08 08:00</td><td class=""data_0_0"">184</td><td class=""data_0_0""> 7/08 16:00</td><td class=""data_0_0"">184</td><td class=""data_0_0""> 7/09 16:00</td><td class=""data_0_0"">184</td><td class=""data_0_0""> 7/10 16:00</td></tr>"
船橋,1236,2001,221.0,10/11 04:00,221,False,True,data_0_0,mtx,"<tr class=""mtx"" style=""text-align:right;""><td style=""white-space:nowrap""><div class=""a_print""><a href=""monthly_a1.php?prec_no=45&amp;block_no=1236&amp;year=2001&amp;month=&amp;day=&amp;view=a5"">2001</a></div></td><td class=""data_0_0"">42</td><td class=""data_0_0"">10/29 01:00</td><td class=""data_0_0"">76</td><td class=""data_0_0"">10/10 20:00</td><td class=""data_0_0"">140</td><td class=""data_0_0"">10/10 20:00</td><td class=""data_0_0"">201</td><td class=""data_0_0"">10/10 21:00</td><td class=""data_0_0"">221</td><td class=""data_0_0"">10/11 04:00</td><td class=""data_0_0"">222</td><td class=""data_0_0"">10/10 24:00</td><td class=""data_0_0"">232</td><td class=""data_0_0"">10/11 12:00</td></tr>"
船橋,1236,2002,69.0,9/07 01:00,69,False,True,data_0_0,mtx,"<tr class=""mtx"" style=""text-align:right;""><td style=""white-space:nowrap""><div class=""a_print""><a href=""monthly_a1.php?prec_no=45&amp;block_no=1236&amp;year=2002&amp;month=&amp;day=&amp;view=a5"">2002</a></div></td><td class=""data_0_0"">31</td><td class=""data_0_0""> 7/16 12:00</td><td class=""data_0_0"">46</td><td class=""data_0_0""> 7/16 13:00</td><td class=""data_0_0"">47</td><td class=""data_0_0""> 7/16 15:00</td><td class=""data_0_0"">48</td><td class=""data_0_0""> 6/18 20:00</td><td class=""data_0_0"">69</td><td class=""data_0_0""> 9/07 01:00</td><td class=""data_0_0"">96</td><td class=""data_0_0""> 9/08 03:00</td><td class=""data_0_0"">100</td><td class=""data_0_0""> 9/09 01:00</td></tr>"
船橋,1236,2003,179.0,8/15 20:50,179,False,True,data_1t_0,mtx,"<tr class=""mtx"" style=""text-align:right;""><td style=""white-space:nowrap""><div class=""a_print""><a href=""monthly_a1.php?prec_no=45&amp;block_no=1236&amp;year=2003&amp;month=&amp;day=&amp;view=a5"">2003</a></div></td><td class=""data_1t_0"">34</td><td class=""data_1t_0"">10/13 15:00</td><td class=""data_1t_0"">47</td><td class=""data_1t_0""> 8/15 09:30</td><td class=""data_1t_0"">71</td><td class=""data_1t_0""> 8/15 08:50</td><td class=""data_1t_0"">136</td><td class=""data_1t_0""> 8/15 10:10</td><td class=""data_1t_0"">179</td><td class=""data_1t_0""> 8/15 20:50</td><td class=""data_1t_0"">216</td><td class=""data_1t_0""> 8/16 12:50</td><td class=""data_1t_0"">244</td><td class=""data_1t_0""> 8/17 02:50</td></tr>"
船橋,1236,2004,162.0,10/09 18:50,162,False,True,data_0_0,mtx,"<tr class=""mtx"" style=""text-align:right;""><td style=""white-space:nowrap""><div class=""a_print""><a href=""monthly_a1.php?prec_no=45&amp;block_no=1236&amp;year=2004&amp;month=&amp;day=&amp;view=a5"">2004</a></div></td><td class=""data_0_0"">26</td><td class=""data_0_0""> 9/04 20:50</td><td class=""data_0_0"">53</td><td class=""data_0_0""> 9/04 21:20</td><td class=""data_0_0"">76</td><td class=""data_0_0"">10/09 04:40</td><td class=""data_0_0"">116</td><td class=""data_0_0"">10/09 07:40</td><td class=""data_0_0"">162</td><td class=""data_0_0"">10/09 18:50</td><td class=""data_0_0"">170</td><td class=""data_0_0"">10/10 13:40</td><td class=""data_0_0"">181</td><td class=""data_0_0"">10/11 14:40</td></tr>"
船橋,1236,2005,101.0,8/26 04:50,101,False,True,data_0_0,mtx,"<tr class=""mtx"" style=""text-align:right;""><td style=""white-space:nowrap""><div class=""a_print""><a href=""monthly_a1.php?prec_no=45&amp;block_no=1236&amp;year=2005&amp;month=&amp;day=&amp;view=a5"">2005</a></div></td><td class=""data_0_0"">36</td><td class=""data_0_0""> 7/06 05:30</td><td class=""data_0_0"">43</td><td class=""data_0_0""> 7/06 07:10</td><td class=""data_0_0"">56</td><td class=""data_0_0""> 8/26 04:50</td><td class=""data_0_0"">74</td><td class=""data_0_0""> 8/26 05:20</td><td class=""data_0_0"">101</td><td class=""data_0_0""> 8/26 04:50</td><td class=""data_0_0"">105</td><td class=""data_0_0""> 8/26 05:20</td><td class=""data_0_0"">123</td><td class=""data_0_0""> 7/06 21:10</td></tr>"
船橋,1236,2006,165.0,12/27 09:30,165,False,True,data_0_0,mtx,"<tr class=""mtx"" style=""text-align:right;""><td style=""white-space:nowrap""><div class=""a_print""><a href=""monthly_a1.php?prec_no=45&amp;block_no=1236&amp;year=2006&amp;month=&amp;day=&amp;view=a5"">2006</a></div></td><td class=""data_0_0"">23</td><td class=""data_0_0""> 9/26 22:00</td><td class=""data_0_0"">50</td><td class=""data_0_0"">12/27 01:40</td><td class=""data_0_0"">85</td><td class=""data_0_0"">12/27 01:50</td><td class=""data_0_0"">146</td><td class=""data_0_0"">12/27 01:50</td><td class=""data_0_0"">165</td><td class=""data_0_0"">12/27 09:30</td><td class=""data_0_0"">180</td><td class=""data_0_0"">10/07 12:10</td><td class=""data_0_0"">180</td><td class=""data_0_0"">10/08 12:10</td></tr>"
船橋,1236,2007,108.0,10/28 01:10,108,False,True,data_0_0,mtx,"<tr class=""mtx"" style=""text-align:right;""><td style=""white-space:nowrap""><div class=""a_print""><a href=""monthly_a1.php?prec_no=45&amp;block_no=1236&amp;year=2007&amp;month=&amp;day=&amp;view=a5"">2007</a></div></td><td class=""data_0_0"">21</td><td class=""data_0_0""> 9/12 06:20</td><td class=""data_0_0"">38</td><td class=""data_0_0"">10/27 18:10</td><td class=""data_0_0"">61</td><td class=""data_0_0"">10/27 18:40</td><td class=""data_0_0"">92</td><td class=""data_0_0"">10/27 18:50</td><td class=""data_0_0"">108</td><td class=""data_0_0"">10/28 01:10</td><td class=""data_0_0"">118</td><td class=""data_0_0"">10/28 08:30</td><td class=""data_0_0"">125</td><td class=""data_0_0""> 9/07 21:00</td></tr>"
船橋,1236,2008,81.5,5/20 16:50,81.5,False,True,data_0_0,mtx,"<tr class=""mtx"" style=""text-align:right;""><td style=""white-space:nowrap""><div class=""a_print""><a href=""monthly_a1.php?prec_no=45&amp;block_no=1236&amp;year=2008&amp;month=&amp;day=&amp;view=a5"">2008</a></div></td><td class=""data_0_0"">35.0</td><td class=""data_0_0""> 8/30 22:30</td><td class=""data_0_0"">56.5</td><td class=""data_0_0""> 5/20 07:00</td><td class=""data_0_0"">71.5</td><td class=""data_0_0""> 5/20 07:10</td><td class=""data_0_0"">80.0</td><td class=""data_0_0""> 5/20 11:50</td><td class=""data_0_0"">81.5</td><td class=""data_0_0""> 5/20 16:50</td><td class=""data_0_0"">106.5</td><td class=""data_0_0""> 6/23 02:50</td><td class=""data_0_0"">110.5</td><td class=""data_0_0""> 6/24 00:10</td></tr>"
船橋,1236,2009,131.0,8/10 14:00,131.0,False,True,data_0_0,mtx,"<tr class=""mtx"" style=""text-align:right;""><td style=""white-space:nowrap""><div class=""a_print""><a href=""monthly_a1.php?prec_no=45&amp;block_no=1236&amp;year=2009&amp;month=&amp;day=&amp;view=a5"">2009</a></div></td><td class=""data_0_0"">38.0</td><td class=""data_0_0""> 8/10 13:00</td><td class=""data_0_0"">60.5</td><td class=""data_0_0""> 8/10 08:50</td><td class=""data_0_0"">92.5</td><td class=""data_0_0""> 8/10 13:00</td><td class=""data_0_0"">121.0</td><td class=""data_0_0""> 8/10 13:30</td><td class=""data_0_0"">131.0</td><td class=""data_0_0""> 8/10 14:00</td><td class=""data_0_0"">131.0</td><td class=""data_0_0""> 8/11 14:00</td><td class=""data_0_0"">149.5</td><td class=""data_0_0""> 8/10 18:50</td></tr>"
船橋,1236,2010,167.5,9/09 09:30,167.5,False,True,data_0_0,mtx,"<tr class=""mtx"" style=""text-align:right;""><td style=""white-space:nowrap""><div class=""a_print""><a href=""monthly_a1.php?prec_no=45&amp;block_no=1236&amp;year=2010&amp;month=&amp;day=&amp;view=a5"">2010</a></div></td><td class=""data_0_0"">40.0</td><td class=""data_0_0""> 9/08 18:10</td><td class=""data_0_0"">98.0</td><td class=""data_0_0""> 9/08 18:20</td><td class=""data_0_0"">148.0</td><td class=""data_0_0""> 9/08 18:30</td><td class=""data_0_0"">162.0</td><td class=""data_0_0""> 9/09 00:10</td><td class=""data_0_0"">167.5</td><td class=""data_0_0""> 9/09 09:30</td><td class=""data_0_0"">167.5</td><td class=""data_0_0""> 9/10 09:30</td><td class=""data_0_0"">167.5</td><td class=""data_0_0""> 9/11 09:30</td></tr>"
船橋,1236,2011,99.5,9/21 18:50,99.5,False,True,data_0_0,mtx,"<tr class=""mtx"" style=""text-align:right;""><td style=""white-space:nowrap""><div class=""a_print""><a href=""monthly_a1.php?prec_no=45&amp;block_no=1236&amp;year=2011&amp;month=&amp;day=&amp;view=a5"">2011</a></div></td><td class=""data_0_0"">23.0</td><td class=""data_0_0""> 9/11 11:00</td><td class=""data_0_0"">39.0</td><td class=""data_0_0"">10/22 07:10</td><td class=""data_0_0"">59.0</td><td class=""data_0_0""> 2/18 08:30</td><td class=""data_0_0"">71.5</td><td class=""data_0_0"">10/06 00:20</td><td class=""data_0_0"">99.5</td><td class=""data_0_0""> 9/21 18:50</td><td class=""data_0_0"">108.5</td><td class=""data_0_0""> 9/22 03:10</td><td class=""data_0_0"">109.0</td><td class=""data_0_0""> 9/23 03:10</td></tr>"
船橋,1236,2012,63.0,6/20 13:20,63.0,False,True,data_0_0,mtx,"<tr class=""mtx"" style=""text-align:right;""><td style=""white-space:nowrap""><div class=""a_print""><a href=""monthly_a1.php?prec_no=45&amp;block_no=1236&amp;year=2012&amp;month=&amp;day=&amp;view=a5"">2012</a></div></td><td class=""data_0_0"">38.5</td><td class=""data_0_0""> 6/22 07:00</td><td class=""data_0_0"">56.0</td><td class=""data_0_0""> 6/22 07:40</td><td class=""data_0_0"">62.0</td><td class=""data_0_0""> 6/20 00:10</td><td class=""data_0_0"">63.0</td><td class=""data_0_0""> 6/20 01:20</td><td class=""data_0_0"">63.0</td><td class=""data_0_0""> 6/20 13:20</td><td class=""data_0_0"">63.5</td><td class=""data_0_0""> 5/04 11:50</td><td class=""data_0_0"">123.0</td><td class=""data_0_0""> 6/22 13:20</td></tr>"
船橋,1236,2013,285.0,10/16 13:30,285.0,False,True,data_0_0,mtx,"<tr class=""mtx"" style=""text-align:right;""><td style=""white-space:nowrap""><div class=""a_print""><a href=""monthly_a1.php?prec_no=45&amp;block_no=1236&amp;year=2013&amp;month=&amp;day=&amp;view=a5"">2013</a></div></td><td class=""data_0_0"">56.5</td><td class=""data_0_0"">10/16 06:00</td><td class=""data_0_0"">131.0</td><td class=""data_0_0"">10/16 06:20</td><td class=""data_0_0"">201.5</td><td class=""data_0_0"">10/16 07:10</td><td class=""data_0_0"">249.0</td><td class=""data_0_0"">10/16 07:40</td><td class=""data_0_0"">285.0</td><td class=""data_0_0"">10/16 13:30</td><td class=""data_0_0"">285.0</td><td class=""data_0_0"">10/17 13:30</td><td class=""data_0_0"">285.0</td><td class=""data_0_0"">10/18 13:30</td></tr>"
船橋,1236,2014,222.5,10/06 11:10,222.5,False,True,data_0_0,mtx,"<tr class=""mtx"" style=""text-align:right;""><td style=""white-space:nowrap""><div class=""a_print""><a href=""monthly_a1.php?prec_no=45&amp;block_no=1236&amp;year=2014&amp;month=&amp;day=&amp;view=a5"">2014</a></div></td><td class=""data_0_0"">40.5</td><td class=""data_0_0""> 9/11 13:30</td><td class=""data_0_0"">78.0</td><td class=""data_0_0"">10/06 11:00</td><td class=""data_0_0"">109.0</td><td class=""data_0_0"">10/06 11:10</td><td class=""data_0_0"">142.5</td><td class=""data_0_0"">10/06 11:00</td><td class=""data_0_0"">222.5</td><td class=""data_0_0"">10/06 11:10</td><td class=""data_0_0"">250.0</td><td class=""data_0_0"">10/07 04:10</td><td class=""data_0_0"">250.5</td><td class=""data_0_0"">10/08 03:20</td></tr>"
船橋,1236,2015,149.5,9/10 11:40,149.5,False,True,data_0_0,mtx,"<tr class=""mtx"" style=""text-align:right;""><td style=""white-space:nowrap""><div class=""a_print""><a href=""monthly_a1.php?prec_no=45&amp;block_no=1236&amp;year=2015&amp;month=&amp;day=&amp;view=a5"">2015</a></div></td><td class=""data_0_0"">32.0</td><td class=""data_0_0""> 7/04 00:10</td><td class=""data_0_0"">52.0</td><td class=""data_0_0""> 9/10 07:20</td><td class=""data_0_0"">75.5</td><td class=""data_0_0""> 9/10 07:40</td><td class=""data_0_0"">97.0</td><td class=""data_0_0""> 9/10 13:00</td><td class=""data_0_0"">149.5</td><td class=""data_0_0""> 9/10 11:40</td><td class=""data_0_0"">188.0</td><td class=""data_0_0""> 9/10 09:40</td><td class=""data_0_0"">229.0</td><td class=""data_0_0""> 9/10 16:50</td></tr>"
船橋,1236,2016,95.0,8/23 00:10,95.0,False,True,data_0_0,mtx,"<tr class=""mtx"" style=""text-align:right;""><td style=""white-space:nowrap""><div class=""a_print""><a href=""monthly_a1.php?prec_no=45&amp;block_no=1236&amp;year=2016&amp;month=&amp;day=&amp;view=a5"">2016</a></div></td><td class=""data_0_0"">46.0</td><td class=""data_0_0""> 8/02 05:20</td><td class=""data_0_0"">51.5</td><td class=""data_0_0""> 8/02 06:20</td><td class=""data_0_0"">61.5</td><td class=""data_0_0""> 8/22 13:10</td><td class=""data_0_0"">93.5</td><td class=""data_0_0""> 8/22 18:50</td><td class=""data_0_0"">95.0</td><td class=""data_0_0""> 8/23 00:10</td><td class=""data_0_0"">98.5</td><td class=""data_0_0""> 9/21 15:30</td><td class=""data_0_0"">158.0</td><td class=""data_0_0""> 8/22 20:40</td></tr>"
船橋,1236,2017,131.0,10/23 06:50,131.0,False,True,data_0_0,mtx,"<tr class=""mtx"" style=""text-align:right;""><td style=""white-space:nowrap""><div class=""a_print""><a href=""monthly_a1.php?prec_no=45&amp;block_no=1236&amp;year=2017&amp;month=&amp;day=&amp;view=a5"">2017</a></div></td><td class=""data_0_0"">27.5</td><td class=""data_0_0""> 9/28 06:20</td><td class=""data_0_0"">58.5</td><td class=""data_0_0""> 7/04 23:50</td><td class=""data_0_0"">65.5</td><td class=""data_0_0""> 7/05 01:10</td><td class=""data_0_0"">104.0</td><td class=""data_0_0"">10/29 20:50</td><td class=""data_0_0"">131.0</td><td class=""data_0_0"">10/23 06:50</td><td class=""data_0_0"">160.5</td><td class=""data_0_0"">10/23 06:50</td><td class=""data_0_0"">165.0</td><td class=""data_0_0"">10/23 07:10</td></tr>"
船橋,1236,2018,54.0,5/14 14:40,54.0,False,True,data_0_0,mtx,"<tr class=""mtx"" style=""text-align:right;""><td style=""white-space:nowrap""><div class=""a_print""><a href=""monthly_a1.php?prec_no=45&amp;block_no=1236&amp;year=2018&amp;month=&amp;day=&amp;view=a5"">2018</a></div></td><td class=""data_0_0"">19.0</td><td class=""data_0_0""> 5/13 20:40</td><td class=""data_0_0"">36.0</td><td class=""data_0_0""> 5/13 21:00</td><td class=""data_0_0"">51.5</td><td class=""data_0_0""> 5/13 21:00</td><td class=""data_0_0"">54.0</td><td class=""data_0_0""> 5/14 02:40</td><td class=""data_0_0"">54.0</td><td class=""data_0_0""> 5/14 14:40</td><td class=""data_0_0"">69.5</td><td class=""data_0_0""> 5/09 14:50</td><td class=""data_0_0"">74.5</td><td class=""data_0_0""> 5/10 14:50</td></tr>"
船橋,1236,2019,147.0,10/26 03:20,147.0,False,True,data_0_0,mtx,"<tr class=""mtx"" style=""text-align:right;""><td style=""white-space:nowrap""><div class=""a_print""><a href=""monthly_a1.php?prec_no=45&amp;block_no=1236&amp;year=2019&amp;month=&amp;day=&amp;view=a5"">2019</a></div></td><td class=""data_0_0"">34.5</td><td class=""data_0_0""> 9/09 04:50</td><td class=""data_0_0"">82.5</td><td class=""data_0_0""> 9/09 05:30</td><td class=""data_0_0"">112.5</td><td class=""data_0_0""> 9/09 06:20</td><td class=""data_0_0"">146.5</td><td class=""data_0_0"">10/25 16:20</td><td class=""data_0_0"">147.0</td><td class=""data_0_0"">10/26 03:20</td><td class=""data_0_0"">147.0</td><td class=""data_0_0"">10/27 03:20</td><td class=""data_0_0"">147.0 ]</td><td class=""data_0_0"">10/28 03:20</td></tr>"
船橋,1236,2020,77.5,4/19 02:20,77.5,False,True,data_0_0,mtx,"<tr class=""mtx"" style=""text-align:right;""><td style=""white-space:nowrap""><div class=""a_print""><a href=""monthly_a1.php?prec_no=45&amp;block_no=1236&amp;year=2020&amp;month=&amp;day=&amp;view=a5"">2020</a></div></td><td class=""data_0_0"">47.5</td><td class=""data_0_0""> 8/22 19:10</td><td class=""data_0_0"">49.5</td><td class=""data_0_0""> 8/22 21:10</td><td class=""data_0_0"">55.0</td><td class=""data_0_0""> 1/29 03:50</td><td class=""data_0_0"">75.5</td><td class=""data_0_0""> 4/18 15:40</td><td class=""data_0_0"">77.5</td><td class=""data_0_0""> 4/19 02:20</td><td class=""data_0_0"">94.5</td><td class=""data_0_0"">10/10 21:40</td><td class=""data_0_0"">127.0</td><td class=""data_0_0"">10/10 22:40</td></tr>"
船橋,1236,2021,116.5,7/03 09:00,116.5,False,True,data_0_0,mtx,"<tr class=""mtx"" style=""text-align:right;""><td style=""white-space:nowrap""><div class=""a_print""><a href=""monthly_a1.php?prec_no=45&amp;block_no=1236&amp;year=2021&amp;month=&amp;day=&amp;view=a5"">2021</a></div></td><td class=""data_0_0"">43.0</td><td class=""data_0_0""> 8/31 23:10</td><td class=""data_0_0"">49.5</td><td class=""data_0_0""> 8/31 23:20</td><td class=""data_0_0"">53.0</td><td class=""data_0_0""> 7/03 08:50</td><td class=""data_0_0"">84.0</td><td class=""data_0_0"">10/01 17:30</td><td class=""data_0_0"">116.5</td><td class=""data_0_0""> 7/03 09:00</td><td class=""data_0_0"">155.5</td><td class=""data_0_0""> 7/03 07:20</td><td class=""data_0_0"">181.5</td><td class=""data_0_0""> 7/04 02:50</td></tr>"
船橋,1236,2022,84.0,9/19 04:20,84.0,False,True,data_0_0,mtx,"<tr class=""mtx"" style=""text-align:right;""><td style=""white-space:nowrap""><div class=""a_print""><a href=""monthly_a1.php?prec_no=45&amp;block_no=1236&amp;year=2022&amp;month=&amp;day=&amp;view=a5"">2022</a></div></td><td class=""data_0_0"">36.0</td><td class=""data_0_0""> 9/24 02:50</td><td class=""data_0_0"">55.5</td><td class=""data_0_0""> 9/18 16:50</td><td class=""data_0_0"">70.0</td><td class=""data_0_0""> 9/18 17:00</td><td class=""data_0_0"">76.0</td><td class=""data_0_0""> 9/24 07:20</td><td class=""data_0_0"">84.0</td><td class=""data_0_0""> 9/19 04:20</td><td class=""data_0_0"">99.0</td><td class=""data_0_0""> 9/20 11:30</td><td class=""data_0_0"">128.5</td><td class=""data_0_0""> 7/15 20:00</td></tr>"
船橋,1236,2023,193.5,6/03 10:00,193.5,False,True,data_0_0,mtx,"<tr class=""mtx"" style=""text-align:right;""><td style=""white-space:nowrap""><div class=""a_print""><a href=""monthly_a1.php?prec_no=45&amp;block_no=1236&amp;year=2023&amp;month=&amp;day=&amp;view=a5"">2023</a></div></td><td class=""data_0_0"">47.0</td><td class=""data_0_0""> 6/03 02:20</td><td class=""data_0_0"">68.0</td><td class=""data_0_0""> 6/03 04:20</td><td class=""data_0_0"">110.0</td><td class=""data_0_0""> 9/08 11:30</td><td class=""data_0_0"">138.5</td><td class=""data_0_0""> 9/08 15:40</td><td class=""data_0_0"">193.5</td><td class=""data_0_0""> 6/03 10:00</td><td class=""data_0_0"">235.0</td><td class=""data_0_0""> 6/04 01:10</td><td class=""data_0_0"">235.0</td><td class=""data_0_0""> 6/05 01:10</td></tr>"
船橋,1236,2024,98.0,6/29 04:00,98.0,False,True,data_0_0,mtx,"<tr class=""mtx"" style=""text-align:right;""><td style=""white-space:nowrap""><div class=""a_print""><a href=""monthly_a1.php?prec_no=45&amp;block_no=1236&amp;year=2024&amp;month=&amp;day=&amp;view=a5"">2024</a></div></td><td class=""data_0_0"">31.0</td><td class=""data_0_0""> 8/29 22:30</td><td class=""data_0_0"">45.5</td><td class=""data_0_0""> 8/30 00:20</td><td class=""data_0_0"">61.0</td><td class=""data_0_0""> 6/28 14:10</td><td class=""data_0_0"">85.0</td><td class=""data_0_0""> 6/18 17:10</td><td class=""data_0_0"">98.0</td><td class=""data_0_0""> 6/29 04:00</td><td class=""data_0_0"">119.0</td><td class=""data_0_0""> 8/31 21:10</td><td class=""data_0_0"">128.5</td><td class=""data_0_0""> 9/01 21:10</td></tr>"
船橋,1236,2025,106.0,9/05 19:10,106.0,False,True,data_0_0,mtx,"<tr class=""mtx"" style=""text-align:right;""><td style=""white-space:nowrap""><div class=""a_print""><a href=""monthly_a1.php?prec_no=45&amp;block_no=1236&amp;year=2025&amp;month=&amp;day=&amp;view=a5"">2025</a></div></td><td class=""data_0_0"">40.0</td><td class=""data_0_0""> 9/05 13:50</td><td class=""data_0_0"">64.0</td><td class=""data_0_0""> 9/05 15:20</td><td class=""data_0_0"">83.0</td><td class=""data_0_0""> 9/05 16:00</td><td class=""data_0_0"">102.0</td><td class=""data_0_0""> 9/05 16:30</td><td class=""data_0_0"">106.0</td><td class=""data_0_0""> 9/05 19:10</td><td class=""data_0_0"">130.0</td><td class=""data_0_0""> 9/06 07:50</td><td class=""data_0_0"">130.0</td><td class=""data_0_0""> 9/07 07:50</td></tr>"
牛久,1238,1978,66.0,6/24 06:00,66 ],False,False,data_0_0,mtx,"<tr class=""mtx"" style=""text-align:right;""><td style=""white-space:nowrap""><div class=""a_print""><a href=""monthly_a1.php?prec_no=45&amp;block_no=1238&amp;year=1978&amp;month=&amp;day=&amp;view=a5"">1978</a></div></td><td class=""data_0_0"">23 ]</td><td class=""data_0_0""> 8/30 15:00</td><td class=""data_0_0"">31 ]</td><td class=""data_0_0""> 5/19 06:00</td><td class=""data_0_0"">47 ]</td><td class=""data_0_0""> 6/23 12:00</td><td class=""data_0_0"">58 ]</td><td class=""data_0_0""> 6/23 13:00</td><td class=""data_0_0"">66 ]</td><td class=""data_0_0""> 6/24 06:00</td><td class=""data_0_0"">78 ]</td><td class=""data_0_0""> 6/24 23:00</td><td class=""data_0_0"">79 ]</td><td class=""data_0_0""> 6/25 24:00</td></tr>"
牛久,1238,1979,77.0,7/28 14:00,77 ],False,False,data_0_0,mtx,"<tr class=""mtx"" style=""text-align:right;""><td style=""white-space:nowrap""><div class=""a_print""><a href=""monthly_a1.php?prec_no=45&amp;block_no=1238&amp;year=1979&amp;month=&amp;day=&amp;view=a5"">1979</a></div></td><td class=""data_0_0"">57 ]</td><td class=""data_0_0""> 7/27 16:00</td><td class=""data_0_0"">75 ]</td><td class=""data_0_0""> 7/27 18:00</td><td class=""data_0_0"">76 ]</td><td class=""data_0_0""> 7/27 20:00</td><td class=""data_0_0"">76 ]</td><td class=""data_0_0""> 7/28 02:00</td><td class=""data_0_0"">77 ]</td><td class=""data_0_0""> 7/28 14:00</td><td class=""data_0_0"">77 ]</td><td class=""data_0_0""> 7/29 14:00</td><td class=""data_0_0"">90 ]</td><td class=""data_0_0""> 7/20 24:00</td></tr>"
牛久,1238,1980,135.0,8/03 14:00,135 ],False,False,data_0_0,mtx,"<tr class=""mtx"" style=""text-align:right;""><td style=""white-space:nowrap""><div class=""a_print""><a href=""monthly_a1.php?prec_no=45&amp;block_no=1238&amp;year=1980&amp;month=&amp;day=&amp;view=a5"">1980</a></div></td><td class=""data_0_0"">35</td><td class=""data_0_0""> 9/08 11:00</td><td class=""data_0_0"">63</td><td class=""data_0_0""> 9/08 13:00</td><td class=""data_0_0"">72</td><td class=""data_0_0"">10/14 23:00</td><td class=""data_0_0"">98 ]</td><td class=""data_0_0""> 8/03 14:00</td><td class=""data_0_0"">135 ]</td><td class=""data_0_0""> 8/03 14:00</td><td class=""data_0_0"">157 ]</td><td class=""data_0_0""> 8/04 11:00</td><td class=""data_0_0"">157 ]</td><td class=""data_0_0""> 8/05 11:00</td></tr>"
牛久,1238,1981,173.0,10/23 06:00,173,False,True,data_0_0,mtx,"<tr class=""mtx"" style=""text-align:right;""><td style=""white-space:nowrap""><div class=""a_print""><a href=""monthly_a1.php?prec_no=45&amp;block_no=1238&amp;year=1981&amp;month=&amp;day=&amp;view=a5"">1981</a></div></td><td class=""data_0_0"">32</td><td class=""data_0_0"">10/22 21:00</td><td class=""data_0_0"">71</td><td class=""data_0_0"">10/22 22:00</td><td class=""data_0_0"">106</td><td class=""data_0_0"">10/22 24:00</td><td class=""data_0_0"">156</td><td class=""data_0_0"">10/22 24:00</td><td class=""data_0_0"">173</td><td class=""data_0_0"">10/23 06:00</td><td class=""data_0_0"">173</td><td class=""data_0_0"">10/24 06:00</td><td class=""data_0_0"">173</td><td class=""data_0_0"">10/25 06:00</td></tr>"
牛久,1238,1982,110.0,9/12 17:00,110,False,True,data_0_0,mtx,"<tr class=""mtx"" style=""text-align:right;""><td style=""white-space:nowrap""><div class=""a_print""><a href=""monthly_a1.php?prec_no=45&amp;block_no=1238&amp;year=1982&amp;month=&amp;day=&amp;view=a5"">1982</a></div></td><td class=""data_0_0"">26</td><td class=""data_0_0""> 9/10 22:00</td><td class=""data_0_0"">42</td><td class=""data_0_0""> 9/12 16:00</td><td class=""data_0_0"">64</td><td class=""data_0_0""> 9/12 16:00</td><td class=""data_0_0"">90</td><td class=""data_0_0""> 9/12 17:00</td><td class=""data_0_0"">110</td><td class=""data_0_0""> 9/12 17:00</td><td class=""data_0_0"">204</td><td class=""data_0_0""> 9/12 17:00</td><td class=""data_0_0"">227</td><td class=""data_0_0""> 9/13 11:00</td></tr>"
牛久,1238,1983,105.0,2/18 01:00,105,False,True,data_0_0,mtx,"<tr class=""mtx"" style=""text-align:right;""><td style=""white-space:nowrap""><div class=""a_print""><a href=""monthly_a1.php?prec_no=45&amp;block_no=1238&amp;year=1983&amp;month=&amp;day=&amp;view=a5"">1983</a></div></td><td class=""data_0_0"">24</td><td class=""data_0_0""> 6/10 16:00</td><td class=""data_0_0"">38</td><td class=""data_0_0""> 8/15 13:00</td><td class=""data_0_0"">63</td><td class=""data_0_0""> 8/15 12:00</td><td class=""data_0_0"">83</td><td class=""data_0_0""> 8/15 15:00</td><td class=""data_0_0"">105</td><td class=""data_0_0""> 2/18 01:00</td><td class=""data_0_0"">139</td><td class=""data_0_0""> 8/17 06:00</td><td class=""data_0_0"">185</td><td class=""data_0_0""> 8/18 06:00</td></tr>"
牛久,1238,1984,91.0,9/17 07:00,91,False,True,data_0_0,mtx,"<tr class=""mtx"" style=""text-align:right;""><td style=""white-space:nowrap""><div class=""a_print""><a href=""monthly_a1.php?prec_no=45&amp;block_no=1238&amp;year=1984&amp;month=&amp;day=&amp;view=a5"">1984</a></div></td><td class=""data_0_0"">39</td><td class=""data_0_0""> 9/16 21:00</td><td class=""data_0_0"">64</td><td class=""data_0_0""> 9/16 23:00</td><td class=""data_0_0"">65</td><td class=""data_0_0""> 9/16 23:00</td><td class=""data_0_0"">90</td><td class=""data_0_0""> 9/16 23:00</td><td class=""data_0_0"">91</td><td class=""data_0_0""> 9/17 07:00</td><td class=""data_0_0"">91</td><td class=""data_0_0""> 9/18 07:00</td><td class=""data_0_0"">104</td><td class=""data_0_0""> 9/19 11:00</td></tr>"
牛久,1238,1985,150.0,7/01 08:00,150 ],False,False,data_0_0,mtx,"<tr class=""mtx"" style=""text-align:right;""><td style=""white-space:nowrap""><div class=""a_print""><a href=""monthly_a1.php?prec_no=45&amp;block_no=1238&amp;year=1985&amp;month=&amp;day=&amp;view=a5"">1985</a></div></td><td class=""data_0_0"">26</td><td class=""data_0_0""> 8/13 14:00</td><td class=""data_0_0"">50</td><td class=""data_0_0""> 7/01 05:00</td><td class=""data_0_0"">73</td><td class=""data_0_0""> 6/30 14:00</td><td class=""data_0_0"">84 ]</td><td class=""data_0_0""> 6/30 20:00</td><td class=""data_0_0"">150 ]</td><td class=""data_0_0""> 7/01 08:00</td><td class=""data_0_0"">168 ]</td><td class=""data_0_0""> 7/01 22:00</td><td class=""data_0_0"">194 ]</td><td class=""data_0_0""> 7/01 06:00</td></tr>"
牛久,1238,1986,219.0,8/05 04:00,219,False,True,data_0_0,mtx,"<tr class=""mtx"" style=""text-align:right;""><td style=""white-space:nowrap""><div class=""a_print""><a href=""monthly_a1.php?prec_no=45&amp;block_no=1238&amp;year=1986&amp;month=&amp;day=&amp;view=a5"">1986</a></div></td><td class=""data_0_0"">16</td><td class=""data_0_0""> 8/04 22:00</td><td class=""data_0_0"">44</td><td class=""data_0_0""> 8/04 24:00</td><td class=""data_0_0"">82</td><td class=""data_0_0""> 8/05 01:00</td><td class=""data_0_0"">142</td><td class=""data_0_0""> 8/05 02:00</td><td class=""data_0_0"">219</td><td class=""data_0_0""> 8/05 04:00</td><td class=""data_0_0"">222</td><td class=""data_0_0""> 8/06 03:00</td><td class=""data_0_0"">224</td><td class=""data_0_0""> 8/05 09:00</td></tr>"
牛久,1238,1987,98.0,9/17 14:00,98,False,True,data_0_0,mtx,"<tr class=""mtx"" style=""text-align:right;""><td style=""white-space:nowrap""><div class=""a_print""><a href=""monthly_a1.php?prec_no=45&amp;block_no=1238&amp;year=1987&amp;month=&amp;day=&amp;view=a5"">1987</a></div></td><td class=""data_0_0"">29</td><td class=""data_0_0""> 7/09 16:00</td><td class=""data_0_0"">38</td><td class=""data_0_0""> 7/09 17:00</td><td class=""data_0_0"">52</td><td class=""data_0_0""> 6/29 08:00</td><td class=""data_0_0"">73</td><td class=""data_0_0""> 9/04 09:00</td><td class=""data_0_0"">98</td><td class=""data_0_0""> 9/17 14:00</td><td class=""data_0_0"">98</td><td class=""data_0_0""> 9/18 14:00</td><td class=""data_0_0"">117</td><td class=""data_0_0""> 9/19 14:00</td></tr>"
牛久,1238,1988,192.0,8/11 22:00,192,False,True,data_0_0,mtx,"<tr class=""mtx"" style=""text-align:right;""><td style=""white-space:nowrap""><div class=""a_print""><a href=""monthly_a1.php?prec_no=45&amp;block_no=1238&amp;year=1988&amp;month=&amp;day=&amp;view=a5"">1988</a></div></td><td class=""data_0_0"">36</td><td class=""data_0_0""> 8/17 18:00</td><td class=""data_0_0"">56</td><td class=""data_0_0""> 8/11 10:00</td><td class=""data_0_0"">94</td><td class=""data_0_0""> 8/11 19:00</td><td class=""data_0_0"">152</td><td class=""data_0_0""> 8/11 19:00</td><td class=""data_0_0"">192</td><td class=""data_0_0""> 8/11 22:00</td><td class=""data_0_0"">233</td><td class=""data_0_0""> 8/12 10:00</td><td class=""data_0_0"">240</td><td class=""data_0_0""> 8/13 03:00</td></tr>"
牛久,1238,1989,250.0,8/01 20:00,250,False,True,data_0_0,mtx,"<tr class=""mtx"" style=""text-align:right;""><td style=""white-space:nowrap""><div class=""a_print""><a href=""monthly_a1.php?prec_no=45&amp;block_no=1238&amp;year=1989&amp;month=&amp;day=&amp;view=a5"">1989</a></div></td><td class=""data_0_0"">45</td><td class=""data_0_0""> 9/20 06:00</td><td class=""data_0_0"">83</td><td class=""data_0_0""> 8/01 08:00</td><td class=""data_0_0"">140</td><td class=""data_0_0""> 8/01 11:00</td><td class=""data_0_0"">207</td><td class=""data_0_0""> 8/01 14:00</td><td class=""data_0_0"">250</td><td class=""data_0_0""> 8/01 20:00</td><td class=""data_0_0"">265</td><td class=""data_0_0""> 8/02 15:00</td><td class=""data_0_0"">269</td><td class=""data_0_0""> 8/02 11:00</td></tr>"
牛久,1238,1990,141.0,10/01 03:00,141,False,True,data_0_0,mtx,"<tr class=""mtx"" style=""text-align:right;""><td style=""white-space:nowrap""><div class=""a_print""><a href=""monthly_a1.php?prec_no=45&amp;block_no=1238&amp;year=1990&amp;month=&amp;day=&amp;view=a5"">1990</a></div></td><td class=""data_0_0"">31</td><td class=""data_0_0""> 9/30 19:00</td><td class=""data_0_0"">70</td><td class=""data_0_0""> 9/30 20:00</td><td class=""data_0_0"">97</td><td class=""data_0_0""> 9/30 20:00</td><td class=""data_0_0"">129</td><td class=""data_0_0""> 9/30 20:00</td><td class=""data_0_0"">141</td><td class=""data_0_0"">10/01 03:00</td><td class=""data_0_0"">163</td><td class=""data_0_0"">11/30 22:00</td><td class=""data_0_0"">210</td><td class=""data_0_0"">11/30 21:00</td></tr>"
牛久,1238,1991,148.0,9/08 22:00,148,False,True,data_0_0,mtx,"<tr class=""mtx"" style=""text-align:right;""><td style=""white-space:nowrap""><div class=""a_print""><a href=""monthly_a1.php?prec_no=45&amp;block_no=1238&amp;year=1991&amp;month=&amp;day=&amp;view=a5"">1991</a></div></td><td class=""data_0_0"">44</td><td class=""data_0_0""> 9/08 10:00</td><td class=""data_0_0"">107</td><td class=""data_0_0""> 9/08 10:00</td><td class=""data_0_0"">120</td><td class=""data_0_0""> 9/08 10:00</td><td class=""data_0_0"">148</td><td class=""data_0_0""> 9/08 10:00</td><td class=""data_0_0"">148</td><td class=""data_0_0""> 9/08 22:00</td><td class=""data_0_0"">220</td><td class=""data_0_0"">10/13 11:00</td><td class=""data_0_0"">254</td><td class=""data_0_0"">10/13 14:00</td></tr>"
牛久,1238,1992,123.0,6/24 14:00,123,False,True,data_0_0,mtx,"<tr class=""mtx"" style=""text-align:right;""><td style=""white-space:nowrap""><div class=""a_print""><a href=""monthly_a1.php?prec_no=45&amp;block_no=1238&amp;year=1992&amp;month=&amp;day=&amp;view=a5"">1992</a></div></td><td class=""data_0_0"">44</td><td class=""data_0_0""> 5/30 22:00</td><td class=""data_0_0"">60</td><td class=""data_0_0""> 5/30 23:00</td><td class=""data_0_0"">85</td><td class=""data_0_0""> 5/30 22:00</td><td class=""data_0_0"">117</td><td class=""data_0_0""> 5/30 23:00</td><td class=""data_0_0"">123</td><td class=""data_0_0""> 6/24 14:00</td><td class=""data_0_0"">124</td><td class=""data_0_0""> 6/25 13:00</td><td class=""data_0_0"">125</td><td class=""data_0_0""> 6/25 03:00</td></tr>"
牛久,1238,1993,153.0,8/27 15:00,153,False,True,data_0_0,mtx,"<tr class=""mtx"" style=""text-align:right;""><td style=""white-space:nowrap""><div class=""a_print""><a href=""monthly_a1.php?prec_no=45&amp;block_no=1238&amp;year=1993&amp;month=&amp;day=&amp;view=a5"">1993</a></div></td><td class=""data_0_0"">24</td><td class=""data_0_0""> 8/27 11:00</td><td class=""data_0_0"">55</td><td class=""data_0_0""> 8/27 12:00</td><td class=""data_0_0"">103</td><td class=""data_0_0""> 8/27 12:00</td><td class=""data_0_0"">137</td><td class=""data_0_0""> 8/27 16:00</td><td class=""data_0_0"">153</td><td class=""data_0_0""> 8/27 15:00</td><td class=""data_0_0"">169</td><td class=""data_0_0""> 8/28 12:00</td><td class=""data_0_0"">169</td><td class=""data_0_0""> 8/29 12:00</td></tr>"
牛久,1238,1994,92.0,3/24 01:00,92,False,True,data_0_0,mtx,"<tr class=""mtx"" style=""text-align:right;""><td style=""white-space:nowrap""><div class=""a_print""><a href=""monthly_a1.php?prec_no=45&amp;block_no=1238&amp;year=1994&amp;month=&amp;day=&amp;view=a5"">1994</a></div></td><td class=""data_0_0"">27</td><td class=""data_0_0""> 9/17 18:00</td><td class=""data_0_0"">46</td><td class=""data_0_0""> 9/16 20:00</td><td class=""data_0_0"">61</td><td class=""data_0_0""> 9/16 20:00</td><td class=""data_0_0"">69</td><td class=""data_0_0""> 2/21 17:00</td><td class=""data_0_0"">92</td><td class=""data_0_0""> 3/24 01:00</td><td class=""data_0_0"">128</td><td class=""data_0_0""> 9/18 03:00</td><td class=""data_0_0"">171</td><td class=""data_0_0""> 9/18 03:00</td></tr>"
牛久,1238,1995,253.0,9/17 14:00,253,False,True,data_0_0,mtx,"<tr class=""mtx"" style=""text-align:right;""><td style=""white-space:nowrap""><div class=""a_print""><a href=""monthly_a1.php?prec_no=45&amp;block_no=1238&amp;year=1995&amp;month=&amp;day=&amp;view=a5"">1995</a></div></td><td class=""data_0_0"">33</td><td class=""data_0_0""> 7/17 24:00</td><td class=""data_0_0"">55</td><td class=""data_0_0""> 9/17 11:00</td><td class=""data_0_0"">93</td><td class=""data_0_0""> 9/17 12:00</td><td class=""data_0_0"">167</td><td class=""data_0_0""> 9/17 12:00</td><td class=""data_0_0"">253</td><td class=""data_0_0""> 9/17 14:00</td><td class=""data_0_0"">276</td><td class=""data_0_0""> 9/18 05:00</td><td class=""data_0_0"">291</td><td class=""data_0_0""> 9/17 23:00</td></tr>"
牛久,1238,1996,321.0,9/22 24:00,321,False,True,data_0_0,mtx,"<tr class=""mtx"" style=""text-align:right;""><td style=""white-space:nowrap""><div class=""a_print""><a href=""monthly_a1.php?prec_no=45&amp;block_no=1238&amp;year=1996&amp;month=&amp;day=&amp;view=a5"">1996</a></div></td><td class=""data_0_0"">38</td><td class=""data_0_0""> 9/22 12:00</td><td class=""data_0_0"">105</td><td class=""data_0_0""> 9/22 12:00</td><td class=""data_0_0"">191</td><td class=""data_0_0""> 9/22 14:00</td><td class=""data_0_0"">298</td><td class=""data_0_0""> 9/22 16:00</td><td class=""data_0_0"">321</td><td class=""data_0_0""> 9/22 24:00</td><td class=""data_0_0"">343</td><td class=""data_0_0""> 7/10 17:00</td><td class=""data_0_0"">393</td><td class=""data_0_0""> 7/11 12:00</td></tr>"
牛久,1238,1997,92.0,5/25 09:00,92,False,True,data_0_0,mtx,"<tr class=""mtx"" style=""text-align:right;""><td style=""white-space:nowrap""><div class=""a_print""><a href=""monthly_a1.php?prec_no=45&amp;block_no=1238&amp;year=1997&amp;month=&amp;day=&amp;view=a5"">1997</a></div></td><td class=""data_0_0"">32</td><td class=""data_0_0""> 7/26 21:00</td><td class=""data_0_0"">42</td><td class=""data_0_0""> 5/25 03:00</td><td class=""data_0_0"">60</td><td class=""data_0_0""> 5/25 03:00</td><td class=""data_0_0"">78</td><td class=""data_0_0""> 5/25 04:00</td><td class=""data_0_0"">92</td><td class=""data_0_0""> 5/25 09:00</td><td class=""data_0_0"">94</td><td class=""data_0_0""> 4/07 08:00</td><td class=""data_0_0"">100</td><td class=""data_0_0""> 4/08 03:00</td></tr>"
牛久,1238,1998,124.0,9/16 21:00,124,False,True,data_0_0,mtx,"<tr class=""mtx"" style=""text-align:right;""><td style=""white-space:nowrap""><div class=""a_print""><a href=""monthly_a1.php?prec_no=45&amp;block_no=1238&amp;year=1998&amp;month=&amp;day=&amp;view=a5"">1998</a></div></td><td class=""data_0_0"">27</td><td class=""data_0_0""> 9/16 01:00</td><td class=""data_0_0"">73</td><td class=""data_0_0""> 9/16 03:00</td><td class=""data_0_0"">109</td><td class=""data_0_0""> 9/16 04:00</td><td class=""data_0_0"">123</td><td class=""data_0_0""> 9/16 10:00</td><td class=""data_0_0"">124</td><td class=""data_0_0""> 9/16 21:00</td><td class=""data_0_0"">137</td><td class=""data_0_0""> 9/16 24:00</td><td class=""data_0_0"">137</td><td class=""data_0_0""> 9/18 01:00</td></tr>"
牛久,1238,1999,157.0,7/14 02:00,157,False,True,data_0_0,mtx,"<tr class=""mtx"" style=""text-align:right;""><td style=""white-space:nowrap""><div class=""a_print""><a href=""monthly_a1.php?prec_no=45&amp;block_no=1238&amp;year=1999&amp;month=&amp;day=&amp;view=a5"">1999</a></div></td><td class=""data_0_0"">45</td><td class=""data_0_0"">10/27 20:00</td><td class=""data_0_0"">89</td><td class=""data_0_0"">10/27 21:00</td><td class=""data_0_0"">110</td><td class=""data_0_0"">10/27 21:00</td><td class=""data_0_0"">130</td><td class=""data_0_0"">10/27 21:00</td><td class=""data_0_0"">157</td><td class=""data_0_0""> 7/14 02:00</td><td class=""data_0_0"">164</td><td class=""data_0_0""> 7/14 09:00</td><td class=""data_0_0"">190</td><td class=""data_0_0""> 7/14 01:00</td></tr>"
牛久,1238,2000,249.0,7/08 14:00,249,False,True,data_0_0,mtx,"<tr class=""mtx"" style=""text-align:right;""><td style=""white-space:nowrap""><div class=""a_print""><a href=""monthly_a1.php?prec_no=45&amp;block_no=1238&amp;year=2000&amp;month=&amp;day=&amp;view=a5"">2000</a></div></td><td class=""data_0_0"">49</td><td class=""data_0_0""> 7/07 22:00</td><td class=""data_0_0"">97</td><td class=""data_0_0""> 7/07 23:00</td><td class=""data_0_0"">134</td><td class=""data_0_0""> 7/08 02:00</td><td class=""data_0_0"">229</td><td class=""data_0_0""> 7/08 07:00</td><td class=""data_0_0"">249</td><td class=""data_0_0""> 7/08 14:00</td><td class=""data_0_0"">251</td><td class=""data_0_0""> 7/09 03:00</td><td class=""data_0_0"">251</td><td class=""data_0_0""> 7/10 03:00</td></tr>"
牛久,1238,2001,124.0,10/11 02:00,124,False,True,data_0_0,mtx,"<tr class=""mtx"" style=""text-align:right;""><td style=""white-space:nowrap""><div class=""a_print""><a href=""monthly_a1.php?prec_no=45&amp;block_no=1238&amp;year=2001&amp;month=&amp;day=&amp;view=a5"">2001</a></div></td><td class=""data_0_0"">38</td><td class=""data_0_0""> 8/26 12:00</td><td class=""data_0_0"">60</td><td class=""data_0_0""> 8/26 14:00</td><td class=""data_0_0"">86</td><td class=""data_0_0"">10/10 20:00</td><td class=""data_0_0"">115</td><td class=""data_0_0"">10/10 21:00</td><td class=""data_0_0"">124</td><td class=""data_0_0"">10/11 02:00</td><td class=""data_0_0"">148</td><td class=""data_0_0""> 9/11 18:00</td><td class=""data_0_0"">163</td><td class=""data_0_0""> 9/11 16:00</td></tr>"
牛久,1238,2002,101.0,9/07 02:00,101 ],False,False,data_0_0,mtx,"<tr class=""mtx"" style=""text-align:right;""><td style=""white-space:nowrap""><div class=""a_print""><a href=""monthly_a1.php?prec_no=45&amp;block_no=1238&amp;year=2002&amp;month=&amp;day=&amp;view=a5"">2002</a></div></td><td class=""data_0_0"">37</td><td class=""data_0_0""> 9/07 15:00</td><td class=""data_0_0"">52</td><td class=""data_0_0""> 9/07 17:00</td><td class=""data_0_0"">54</td><td class=""data_0_0""> 9/07 19:00</td><td class=""data_0_0"">72 ]</td><td class=""data_0_0""> 9/08 01:00</td><td class=""data_0_0"">101 ]</td><td class=""data_0_0""> 9/07 02:00</td><td class=""data_0_0"">173 ]</td><td class=""data_0_0""> 9/08 02:00</td><td class=""data_0_0"">177 ]</td><td class=""data_0_0""> 9/08 24:00</td></tr>"
牛久,1238,2003,181.0,8/15 21:50,181,False,True,data_1t_0,mtx,"<tr class=""mtx"" style=""text-align:right;""><td style=""white-space:nowrap""><div class=""a_print""><a href=""monthly_a1.php?prec_no=45&amp;block_no=1238&amp;year=2003&amp;month=&amp;day=&amp;view=a5"">2003</a></div></td><td class=""data_1t_0"">29</td><td class=""data_1t_0""> 7/31 14:20</td><td class=""data_1t_0"">43</td><td class=""data_1t_0""> 8/15 10:30</td><td class=""data_1t_0"">70</td><td class=""data_1t_0""> 8/15 13:30</td><td class=""data_1t_0"">123</td><td class=""data_1t_0""> 8/15 14:50</td><td class=""data_1t_0"">181</td><td class=""data_1t_0""> 8/15 21:50</td><td class=""data_1t_0"">242</td><td class=""data_1t_0""> 8/16 13:20</td><td class=""data_1t_0"">260</td><td class=""data_1t_0""> 8/16 21:30</td></tr>"
牛久,1238,2004,209.0,10/09 17:30,209,False,True,data_0_0,mtx,"<tr class=""mtx"" style=""text-align:right;""><td style=""white-space:nowrap""><div class=""a_print""><a href=""monthly_a1.php?prec_no=45&amp;block_no=1238&amp;year=2004&amp;month=&amp;day=&amp;view=a5"">2004</a></div></td><td class=""data_0_0"">30</td><td class=""data_0_0"">10/09 04:00</td><td class=""data_0_0"">69</td><td class=""data_0_0"">10/09 02:10</td><td class=""data_0_0"">114</td><td class=""data_0_0"">10/09 04:30</td><td class=""data_0_0"">141</td><td class=""data_0_0"">10/09 07:00</td><td class=""data_0_0"">209</td><td class=""data_0_0"">10/09 17:30</td><td class=""data_0_0"">217</td><td class=""data_0_0"">10/10 11:50</td><td class=""data_0_0"">224</td><td class=""data_0_0"">10/11 11:50</td></tr>"
牛久,1238,2005,153.0,8/26 06:40,153,False,True,data_0_0,mtx,"<tr class=""mtx"" style=""text-align:right;""><td style=""white-space:nowrap""><div class=""a_print""><a href=""monthly_a1.php?prec_no=45&amp;block_no=1238&amp;year=2005&amp;month=&amp;day=&amp;view=a5"">2005</a></div></td><td class=""data_0_0"">28</td><td class=""data_0_0""> 8/26 00:10</td><td class=""data_0_0"">54</td><td class=""data_0_0""> 8/26 01:30</td><td class=""data_0_0"">95</td><td class=""data_0_0""> 8/26 04:40</td><td class=""data_0_0"">117</td><td class=""data_0_0""> 8/26 06:10</td><td class=""data_0_0"">153</td><td class=""data_0_0""> 8/26 06:40</td><td class=""data_0_0"">167</td><td class=""data_0_0""> 8/27 03:00</td><td class=""data_0_0"">172</td><td class=""data_0_0""> 8/26 22:30</td></tr>"
牛久,1238,2006,190.0,10/06 22:50,190,False,True,data_0_0,mtx,"<tr class=""mtx"" style=""text-align:right;""><td style=""white-space:nowrap""><div class=""a_print""><a href=""monthly_a1.php?prec_no=45&amp;block_no=1238&amp;year=2006&amp;month=&amp;day=&amp;view=a5"">2006</a></div></td><td class=""data_0_0"">33</td><td class=""data_0_0""> 1/14 18:00</td><td class=""data_0_0"">59</td><td class=""data_0_0"">12/26 20:40</td><td class=""data_0_0"">92</td><td class=""data_0_0""> 9/26 23:20</td><td class=""data_0_0"">143</td><td class=""data_0_0"">12/27 01:30</td><td class=""data_0_0"">190</td><td class=""data_0_0"">10/06 22:50</td><td class=""data_0_0"">215</td><td class=""data_0_0"">10/07 07:00</td><td class=""data_0_0"">216</td><td class=""data_0_0"">10/07 13:50</td></tr>"
牛久,1238,2007,158.0,7/15 12:50,158,False,True,data_0_0,mtx,"<tr class=""mtx"" style=""text-align:right;""><td style=""white-space:nowrap""><div class=""a_print""><a href=""monthly_a1.php?prec_no=45&amp;block_no=1238&amp;year=2007&amp;month=&amp;day=&amp;view=a5"">2007</a></div></td><td class=""data_0_0"">36</td><td class=""data_0_0""> 9/12 06:00</td><td class=""data_0_0"">72</td><td class=""data_0_0""> 9/12 06:50</td><td class=""data_0_0"">80</td><td class=""data_0_0""> 9/12 08:40</td><td class=""data_0_0"">119</td><td class=""data_0_0"">10/27 18:50</td><td class=""data_0_0"">158</td><td class=""data_0_0""> 7/15 12:50</td><td class=""data_0_0"">168</td><td class=""data_0_0""> 7/16 06:50</td><td class=""data_0_0"">176</td><td class=""data_0_0""> 7/17 09:40</td></tr>"
牛久,1238,2008,106.0,4/08 19:20,106.0,False,True,data_0_0,mtx,"<tr class=""mtx"" style=""text-align:right;""><td style=""white-space:nowrap""><div class=""a_print""><a href=""monthly_a1.php?prec_no=45&amp;block_no=1238&amp;year=2008&amp;month=&amp;day=&amp;view=a5"">2008</a></div></td><td class=""data_0_0"">44.5</td><td class=""data_0_0""> 8/29 06:30</td><td class=""data_0_0"">68.5</td><td class=""data_0_0""> 8/29 07:40</td><td class=""data_0_0"">69.0</td><td class=""data_0_0""> 9/20 03:50</td><td class=""data_0_0"">89.5</td><td class=""data_0_0""> 4/08 13:20</td><td class=""data_0_0"">106.0</td><td class=""data_0_0""> 4/08 19:20</td><td class=""data_0_0"">129.5</td><td class=""data_0_0""> 8/31 04:40</td><td class=""data_0_0"">143.5</td><td class=""data_0_0""> 8/31 03:20</td></tr>"
牛久,1238,2009,187.5,8/11 00:20,187.5,False,True,data_0_0,mtx,"<tr class=""mtx"" style=""text-align:right;""><td style=""white-space:nowrap""><div class=""a_print""><a href=""monthly_a1.php?prec_no=45&amp;block_no=1238&amp;year=2009&amp;month=&amp;day=&amp;view=a5"">2009</a></div></td><td class=""data_0_0"">64.5</td><td class=""data_0_0""> 8/10 15:40</td><td class=""data_0_0"">96.5</td><td class=""data_0_0""> 8/10 16:20</td><td class=""data_0_0"">101.5</td><td class=""data_0_0""> 8/10 17:50</td><td class=""data_0_0"">182.5</td><td class=""data_0_0""> 8/10 16:40</td><td class=""data_0_0"">187.5</td><td class=""data_0_0""> 8/11 00:20</td><td class=""data_0_0"">195.5</td><td class=""data_0_0""> 8/12 00:20</td><td class=""data_0_0"">195.5</td><td class=""data_0_0""> 8/13 00:20</td></tr>"
牛久,1238,2010,161.5,10/10 12:30,161.5,False,True,data_0_0,mtx,"<tr class=""mtx"" style=""text-align:right;""><td style=""white-space:nowrap""><div class=""a_print""><a href=""monthly_a1.php?prec_no=45&amp;block_no=1238&amp;year=2010&amp;month=&amp;day=&amp;view=a5"">2010</a></div></td><td class=""data_0_0"">49.5</td><td class=""data_0_0"">11/01 05:10</td><td class=""data_0_0"">75.0</td><td class=""data_0_0"">10/10 07:10</td><td class=""data_0_0"">96.0</td><td class=""data_0_0"">10/10 08:50</td><td class=""data_0_0"">107.0</td><td class=""data_0_0"">10/10 10:30</td><td class=""data_0_0"">161.5</td><td class=""data_0_0"">10/10 12:30</td><td class=""data_0_0"">165.5</td><td class=""data_0_0"">10/11 08:20</td><td class=""data_0_0"">166.0</td><td class=""data_0_0"">10/12 08:20</td></tr>"
牛久,1238,2011,131.5,9/21 18:10,131.5,False,True,data_0_0,mtx,"<tr class=""mtx"" style=""text-align:right;""><td style=""white-space:nowrap""><div class=""a_print""><a href=""monthly_a1.php?prec_no=45&amp;block_no=1238&amp;year=2011&amp;month=&amp;day=&amp;view=a5"">2011</a></div></td><td class=""data_0_0"">84.5</td><td class=""data_0_0""> 8/26 18:10</td><td class=""data_0_0"">108.5</td><td class=""data_0_0""> 8/26 20:00</td><td class=""data_0_0"">109.5</td><td class=""data_0_0""> 8/26 23:00</td><td class=""data_0_0"">110.0</td><td class=""data_0_0""> 8/27 05:00</td><td class=""data_0_0"">131.5</td><td class=""data_0_0""> 9/21 18:10</td><td class=""data_0_0"">155.0</td><td class=""data_0_0""> 9/21 23:50</td><td class=""data_0_0"">162.0</td><td class=""data_0_0""> 9/22 23:50</td></tr>"
牛久,1238,2012,73.5,5/03 14:00,73.5,False,True,data_0_0,mtx,"<tr class=""mtx"" style=""text-align:right;""><td style=""white-space:nowrap""><div class=""a_print""><a href=""monthly_a1.php?prec_no=45&amp;block_no=1238&amp;year=2012&amp;month=&amp;day=&amp;view=a5"">2012</a></div></td><td class=""data_0_0"">28.0</td><td class=""data_0_0""> 8/06 13:50</td><td class=""data_0_0"">63.5</td><td class=""data_0_0""> 8/06 14:50</td><td class=""data_0_0"">69.0</td><td class=""data_0_0""> 8/06 17:40</td><td class=""data_0_0"">69.0</td><td class=""data_0_0""> 8/06 23:40</td><td class=""data_0_0"">73.5</td><td class=""data_0_0""> 5/03 14:00</td><td class=""data_0_0"">89.5</td><td class=""data_0_0"">10/19 15:40</td><td class=""data_0_0"">92.5</td><td class=""data_0_0""> 5/04 05:30</td></tr>"
牛久,1238,2013,279.5,10/16 13:30,279.5,False,True,data_0_0,mtx,"<tr class=""mtx"" style=""text-align:right;""><td style=""white-space:nowrap""><div class=""a_print""><a href=""monthly_a1.php?prec_no=45&amp;block_no=1238&amp;year=2013&amp;month=&amp;day=&amp;view=a5"">2013</a></div></td><td class=""data_0_0"">39.0</td><td class=""data_0_0"">10/16 05:20</td><td class=""data_0_0"">95.0</td><td class=""data_0_0"">10/16 05:20</td><td class=""data_0_0"">158.5</td><td class=""data_0_0"">10/16 05:50</td><td class=""data_0_0"">237.5</td><td class=""data_0_0"">10/16 07:10</td><td class=""data_0_0"">279.5</td><td class=""data_0_0"">10/16 13:30</td><td class=""data_0_0"">280.0</td><td class=""data_0_0"">10/17 12:30</td><td class=""data_0_0"">280.0</td><td class=""data_0_0"">10/18 12:30</td></tr>"
牛久,1238,2014,144.0,10/06 09:30,144.0 ],False,False,data_0_0,mtx,"<tr class=""mtx"" style=""text-align:right;""><td style=""white-space:nowrap""><div class=""a_print""><a href=""monthly_a1.php?prec_no=45&amp;block_no=1238&amp;year=2014&amp;month=&amp;day=&amp;view=a5"">2014</a></div></td><td class=""data_0_0"">31.5</td><td class=""data_0_0""> 6/25 11:10</td><td class=""data_0_0"">51.5</td><td class=""data_0_0""> 6/07 00:40</td><td class=""data_0_0"">78.5</td><td class=""data_0_0""> 6/07 01:40</td><td class=""data_0_0"">109.0</td><td class=""data_0_0""> 6/07 02:50</td><td class=""data_0_0"">144.0 ]</td><td class=""data_0_0"">10/06 09:30</td><td class=""data_0_0"">174.0 ]</td><td class=""data_0_0"">10/07 04:20</td><td class=""data_0_0"">181.0 ]</td><td class=""data_0_0""> 6/08 12:00</td></tr>"
牛久,1238,2015,196.0,9/10 12:10,196.0,False,True,data_0_0,mtx,"<tr class=""mtx"" style=""text-align:right;""><td style=""white-space:nowrap""><div class=""a_print""><a href=""monthly_a1.php?prec_no=45&amp;block_no=1238&amp;year=2015&amp;month=&amp;day=&amp;view=a5"">2015</a></div></td><td class=""data_0_0"">48.0</td><td class=""data_0_0""> 9/10 03:40</td><td class=""data_0_0"">93.0</td><td class=""data_0_0""> 9/10 03:30</td><td class=""data_0_0"">109.5</td><td class=""data_0_0""> 9/10 06:20</td><td class=""data_0_0"">156.5</td><td class=""data_0_0""> 9/10 12:10</td><td class=""data_0_0"">196.0</td><td class=""data_0_0""> 9/10 12:10</td><td class=""data_0_0"">229.5</td><td class=""data_0_0""> 9/10 12:40</td><td class=""data_0_0"">289.0</td><td class=""data_0_0""> 9/10 16:00</td></tr>"
牛久,1238,2016,101.5,7/15 20:00,101.5,False,True,data_0_0,mtx,"<tr class=""mtx"" style=""text-align:right;""><td style=""white-space:nowrap""><div class=""a_print""><a href=""monthly_a1.php?prec_no=45&amp;block_no=1238&amp;year=2016&amp;month=&amp;day=&amp;view=a5"">2016</a></div></td><td class=""data_0_0"">79.0</td><td class=""data_0_0""> 7/15 12:50</td><td class=""data_0_0"">87.5</td><td class=""data_0_0""> 7/15 14:40</td><td class=""data_0_0"">87.5</td><td class=""data_0_0""> 7/15 17:40</td><td class=""data_0_0"">91.5</td><td class=""data_0_0""> 8/22 17:30</td><td class=""data_0_0"">101.5</td><td class=""data_0_0""> 7/15 20:00</td><td class=""data_0_0"">104.0</td><td class=""data_0_0""> 9/21 12:00</td><td class=""data_0_0"">129.0</td><td class=""data_0_0""> 9/22 18:00</td></tr>"
牛久,1238,2017,192.0,10/23 04:00,192.0,False,True,data_0_0,mtx,"<tr class=""mtx"" style=""text-align:right;""><td style=""white-space:nowrap""><div class=""a_print""><a href=""monthly_a1.php?prec_no=45&amp;block_no=1238&amp;year=2017&amp;month=&amp;day=&amp;view=a5"">2017</a></div></td><td class=""data_0_0"">53.0</td><td class=""data_0_0""> 9/28 07:00</td><td class=""data_0_0"">85.0</td><td class=""data_0_0""> 9/28 07:20</td><td class=""data_0_0"">107.0</td><td class=""data_0_0""> 9/28 10:00</td><td class=""data_0_0"">122.5</td><td class=""data_0_0""> 9/28 11:10</td><td class=""data_0_0"">192.0</td><td class=""data_0_0"">10/23 04:00</td><td class=""data_0_0"">233.0</td><td class=""data_0_0"">10/23 09:40</td><td class=""data_0_0"">240.0</td><td class=""data_0_0"">10/23 13:20</td></tr>"
牛久,1238,2018,93.5,10/01 02:40,93.5,False,True,data_0_0,mtx,"<tr class=""mtx"" style=""text-align:right;""><td style=""white-space:nowrap""><div class=""a_print""><a href=""monthly_a1.php?prec_no=45&amp;block_no=1238&amp;year=2018&amp;month=&amp;day=&amp;view=a5"">2018</a></div></td><td class=""data_0_0"">30.0</td><td class=""data_0_0""> 9/30 07:10</td><td class=""data_0_0"">44.5</td><td class=""data_0_0""> 9/30 07:30</td><td class=""data_0_0"">57.5</td><td class=""data_0_0""> 9/30 08:00</td><td class=""data_0_0"">67.0</td><td class=""data_0_0""> 9/30 15:30</td><td class=""data_0_0"">93.5</td><td class=""data_0_0"">10/01 02:40</td><td class=""data_0_0"">99.5</td><td class=""data_0_0""> 3/10 07:40</td><td class=""data_0_0"">101.0</td><td class=""data_0_0""> 3/11 00:20</td></tr>"
牛久,1238,2019,285.0,10/26 03:20,285.0,False,True,data_0_0,mtx,"<tr class=""mtx"" style=""text-align:right;""><td style=""white-space:nowrap""><div class=""a_print""><a href=""monthly_a1.php?prec_no=45&amp;block_no=1238&amp;year=2019&amp;month=&amp;day=&amp;view=a5"">2019</a></div></td><td class=""data_0_0"">64.0</td><td class=""data_0_0"">10/25 11:00</td><td class=""data_0_0"">139.5</td><td class=""data_0_0"">10/25 12:50</td><td class=""data_0_0"">219.5</td><td class=""data_0_0"">10/25 13:50</td><td class=""data_0_0"">283.5</td><td class=""data_0_0"">10/25 15:50</td><td class=""data_0_0"">285.0</td><td class=""data_0_0"">10/26 03:20</td><td class=""data_0_0"">285.0 ]</td><td class=""data_0_0"">10/27 03:20</td><td class=""data_0_0"">285.0 ]</td><td class=""data_0_0"">10/28 03:20</td></tr>"
牛久,1238,2020,97.0,1/29 03:40,97.0,False,True,data_0_0,mtx,"<tr class=""mtx"" style=""text-align:right;""><td style=""white-space:nowrap""><div class=""a_print""><a href=""monthly_a1.php?prec_no=45&amp;block_no=1238&amp;year=2020&amp;month=&amp;day=&amp;view=a5"">2020</a></div></td><td class=""data_0_0"">27.0</td><td class=""data_0_0""> 4/13 11:40</td><td class=""data_0_0"">43.5</td><td class=""data_0_0""> 4/13 12:30</td><td class=""data_0_0"">62.5</td><td class=""data_0_0""> 1/29 02:30</td><td class=""data_0_0"">77.5</td><td class=""data_0_0""> 1/29 02:30</td><td class=""data_0_0"">97.0</td><td class=""data_0_0""> 1/29 03:40</td><td class=""data_0_0"">118.0</td><td class=""data_0_0"">10/10 21:50</td><td class=""data_0_0"">153.5</td><td class=""data_0_0"">10/10 23:50</td></tr>"
牛久,1238,2021,158.5,7/03 10:00,158.5,False,True,data_0_0,mtx,"<tr class=""mtx"" style=""text-align:right;""><td style=""white-space:nowrap""><div class=""a_print""><a href=""monthly_a1.php?prec_no=45&amp;block_no=1238&amp;year=2021&amp;month=&amp;day=&amp;view=a5"">2021</a></div></td><td class=""data_0_0"">33.0</td><td class=""data_0_0""> 7/03 09:00</td><td class=""data_0_0"">61.0</td><td class=""data_0_0""> 7/03 06:10</td><td class=""data_0_0"">107.0</td><td class=""data_0_0""> 7/03 09:20</td><td class=""data_0_0"">130.0</td><td class=""data_0_0""> 7/03 13:40</td><td class=""data_0_0"">158.5</td><td class=""data_0_0""> 7/03 10:00</td><td class=""data_0_0"">228.0</td><td class=""data_0_0""> 7/03 18:50</td><td class=""data_0_0"">290.5</td><td class=""data_0_0""> 7/04 02:00</td></tr>"
牛久,1238,2022,119.0,9/19 10:20,119.0,False,True,data_0_0,mtx,"<tr class=""mtx"" style=""text-align:right;""><td style=""white-space:nowrap""><div class=""a_print""><a href=""monthly_a1.php?prec_no=45&amp;block_no=1238&amp;year=2022&amp;month=&amp;day=&amp;view=a5"">2022</a></div></td><td class=""data_0_0"">36.0</td><td class=""data_0_0""> 9/18 11:30</td><td class=""data_0_0"">56.5</td><td class=""data_0_0""> 9/18 13:40</td><td class=""data_0_0"">100.5</td><td class=""data_0_0""> 9/18 16:20</td><td class=""data_0_0"">115.5</td><td class=""data_0_0""> 9/18 22:20</td><td class=""data_0_0"">119.0</td><td class=""data_0_0""> 9/19 10:20</td><td class=""data_0_0"">122.5</td><td class=""data_0_0""> 9/20 10:20</td><td class=""data_0_0"">126.5</td><td class=""data_0_0""> 9/21 10:20</td></tr>"
牛久,1238,2023,271.0,9/09 01:50,271.0,False,True,data_0_0,mtx,"<tr class=""mtx"" style=""text-align:right;""><td style=""white-space:nowrap""><div class=""a_print""><a href=""monthly_a1.php?prec_no=45&amp;block_no=1238&amp;year=2023&amp;month=&amp;day=&amp;view=a5"">2023</a></div></td><td class=""data_0_0"">65.5</td><td class=""data_0_0""> 8/01 13:50</td><td class=""data_0_0"">112.0</td><td class=""data_0_0""> 9/08 11:50</td><td class=""data_0_0"">191.5</td><td class=""data_0_0""> 9/08 12:00</td><td class=""data_0_0"">246.0</td><td class=""data_0_0""> 9/08 13:10</td><td class=""data_0_0"">271.0</td><td class=""data_0_0""> 9/09 01:50</td><td class=""data_0_0"">295.5</td><td class=""data_0_0""> 9/09 17:50</td><td class=""data_0_0"">297.0</td><td class=""data_0_0""> 9/09 07:40</td></tr>"
牛久,1238,2024,126.5,6/19 02:00,126.5,False,True,data_0_0,mtx,"<tr class=""mtx"" style=""text-align:right;""><td style=""white-space:nowrap""><div class=""a_print""><a href=""monthly_a1.php?prec_no=45&amp;block_no=1238&amp;year=2024&amp;month=&amp;day=&amp;view=a5"">2024</a></div></td><td class=""data_0_0"">33.5</td><td class=""data_0_0""> 8/31 13:30</td><td class=""data_0_0"">53.0</td><td class=""data_0_0""> 9/27 12:40</td><td class=""data_0_0"">71.0</td><td class=""data_0_0""> 6/18 18:00</td><td class=""data_0_0"">113.5</td><td class=""data_0_0""> 6/18 18:30</td><td class=""data_0_0"">126.5</td><td class=""data_0_0""> 6/19 02:00</td><td class=""data_0_0"">126.5</td><td class=""data_0_0""> 6/20 02:00</td><td class=""data_0_0"">139.0</td><td class=""data_0_0""> 6/18 20:40</td></tr>"
牛久,1238,2025,127.0,9/06 03:00,127.0,False,True,data_0_0,mtx,"<tr class=""mtx"" style=""text-align:right;""><td style=""white-space:nowrap""><div class=""a_print""><a href=""monthly_a1.php?prec_no=45&amp;block_no=1238&amp;year=2025&amp;month=&amp;day=&amp;view=a5"">2025</a></div></td><td class=""data_0_0"">52.0</td><td class=""data_0_0""> 9/11 16:40</td><td class=""data_0_0"">75.5</td><td class=""data_0_0""> 9/05 17:00</td><td class=""data_0_0"">89.0</td><td class=""data_0_0""> 9/05 16:50</td><td class=""data_0_0"">121.0</td><td class=""data_0_0""> 9/05 17:00</td><td class=""data_0_0"">127.0</td><td class=""data_0_0""> 9/06 03:00</td><td class=""data_0_0"">129.0</td><td class=""data_0_0""> 9/06 09:00</td><td class=""data_0_0"">129.0</td><td class=""data_0_0""> 9/07 09:00</td></tr>"
坂畑,1241,1978,101.0,6/23 22:00,101 ],False,False,data_0_0,mtx,"<tr class=""mtx"" style=""text-align:right;""><td style=""white-space:nowrap""><div class=""a_print""><a href=""monthly_a1.php?prec_no=45&amp;block_no=1241&amp;year=1978&amp;month=&amp;day=&amp;view=a5"">1978</a></div></td><td class=""data_0_0"">17 ]</td><td class=""data_0_0"">10/20 06:00</td><td class=""data_0_0"">39 ]</td><td class=""data_0_0""> 5/19 06:00</td><td class=""data_0_0"">61 ]</td><td class=""data_0_0""> 6/23 13:00</td><td class=""data_0_0"">88 ]</td><td class=""data_0_0""> 6/23 12:00</td><td class=""data_0_0"">101 ]</td><td class=""data_0_0""> 6/23 22:00</td><td class=""data_0_0"">106 ]</td><td class=""data_0_0""> 6/24 22:00</td><td class=""data_0_0"">108 ]</td><td class=""data_0_0""> 6/25 22:00</td></tr>"
坂畑,1241,1979,138.0,10/07 24:00,138,False,True,data_0_0,mtx,"<tr class=""mtx"" style=""text-align:right;""><td style=""white-space:nowrap""><div class=""a_print""><a href=""monthly_a1.php?prec_no=45&amp;block_no=1241&amp;year=1979&amp;month=&amp;day=&amp;view=a5"">1979</a></div></td><td class=""data_0_0"">43</td><td class=""data_0_0"">11/28 23:00</td><td class=""data_0_0"">96</td><td class=""data_0_0"">11/28 24:00</td><td class=""data_0_0"">115</td><td class=""data_0_0"">11/29 01:00</td><td class=""data_0_0"">120</td><td class=""data_0_0"">11/29 05:00</td><td class=""data_0_0"">138</td><td class=""data_0_0"">10/07 24:00</td><td class=""data_0_0"">165</td><td class=""data_0_0"">10/08 04:00</td><td class=""data_0_0"">166</td><td class=""data_0_0"">10/08 22:00</td></tr>"
坂畑,1241,1980,142.0,8/03 14:00,142,False,True,data_0_0,mtx,"<tr class=""mtx"" style=""text-align:right;""><td style=""white-space:nowrap""><div class=""a_print""><a href=""monthly_a1.php?prec_no=45&amp;block_no=1241&amp;year=1980&amp;month=&amp;day=&amp;view=a5"">1980</a></div></td><td class=""data_0_0"">55</td><td class=""data_0_0""> 7/25 03:00</td><td class=""data_0_0"">68</td><td class=""data_0_0""> 7/25 04:00</td><td class=""data_0_0"">78</td><td class=""data_0_0"">10/14 23:00</td><td class=""data_0_0"">104</td><td class=""data_0_0""> 8/03 13:00</td><td class=""data_0_0"">142</td><td class=""data_0_0""> 8/03 14:00</td><td class=""data_0_0"">163</td><td class=""data_0_0""> 8/04 10:00</td><td class=""data_0_0"">164</td><td class=""data_0_0""> 8/05 10:00</td></tr>"
坂畑,1241,1981,169.0,10/23 05:00,169,False,True,data_0_0,mtx,"<tr class=""mtx"" style=""text-align:right;""><td style=""white-space:nowrap""><div class=""a_print""><a href=""monthly_a1.php?prec_no=45&amp;block_no=1241&amp;year=1981&amp;month=&amp;day=&amp;view=a5"">1981</a></div></td><td class=""data_0_0"">33</td><td class=""data_0_0""> 4/20 06:00</td><td class=""data_0_0"">61</td><td class=""data_0_0""> 4/20 06:00</td><td class=""data_0_0"">87</td><td class=""data_0_0"">10/22 24:00</td><td class=""data_0_0"">145</td><td class=""data_0_0"">10/22 24:00</td><td class=""data_0_0"">169</td><td class=""data_0_0"">10/23 05:00</td><td class=""data_0_0"">170</td><td class=""data_0_0"">10/24 05:00</td><td class=""data_0_0"">170</td><td class=""data_0_0"">10/25 05:00</td></tr>"
坂畑,1241,1982,119.0,9/12 16:00,119,False,True,data_0_0,mtx,"<tr class=""mtx"" style=""text-align:right;""><td style=""white-space:nowrap""><div class=""a_print""><a href=""monthly_a1.php?prec_no=45&amp;block_no=1241&amp;year=1982&amp;month=&amp;day=&amp;view=a5"">1982</a></div></td><td class=""data_0_0"">32</td><td class=""data_0_0""> 4/15 20:00</td><td class=""data_0_0"">56</td><td class=""data_0_0""> 4/15 20:00</td><td class=""data_0_0"">87</td><td class=""data_0_0""> 4/15 20:00</td><td class=""data_0_0"">100</td><td class=""data_0_0""> 4/15 21:00</td><td class=""data_0_0"">119</td><td class=""data_0_0""> 9/12 16:00</td><td class=""data_0_0"">194</td><td class=""data_0_0""> 9/12 19:00</td><td class=""data_0_0"">233</td><td class=""data_0_0""> 9/13 10:00</td></tr>"
坂畑,1241,1983,136.0,8/16 02:00,136,False,True,data_0_0,mtx,"<tr class=""mtx"" style=""text-align:right;""><td style=""white-space:nowrap""><div class=""a_print""><a href=""monthly_a1.php?prec_no=45&amp;block_no=1241&amp;year=1983&amp;month=&amp;day=&amp;view=a5"">1983</a></div></td><td class=""data_0_0"">31</td><td class=""data_0_0"">10/11 10:00</td><td class=""data_0_0"">65</td><td class=""data_0_0"">10/11 11:00</td><td class=""data_0_0"">86</td><td class=""data_0_0"">10/11 13:00</td><td class=""data_0_0"">112</td><td class=""data_0_0""> 8/15 15:00</td><td class=""data_0_0"">136</td><td class=""data_0_0""> 8/16 02:00</td><td class=""data_0_0"">172</td><td class=""data_0_0""> 8/17 08:00</td><td class=""data_0_0"">272</td><td class=""data_0_0""> 8/18 03:00</td></tr>"
坂畑,1241,1984,67.0,6/27 16:00,67 ],False,False,data_0_0,mtx,"<tr class=""mtx"" style=""text-align:right;""><td style=""white-space:nowrap""><div class=""a_print""><a href=""monthly_a1.php?prec_no=45&amp;block_no=1241&amp;year=1984&amp;month=&amp;day=&amp;view=a5"">1984</a></div></td><td class=""data_0_0"">21 ]</td><td class=""data_0_0""> 8/21 14:00</td><td class=""data_0_0"">39 ]</td><td class=""data_0_0""> 6/27 02:00</td><td class=""data_0_0"">53 ]</td><td class=""data_0_0""> 2/26 18:00</td><td class=""data_0_0"">60 ]</td><td class=""data_0_0""> 6/27 06:00</td><td class=""data_0_0"">67 ]</td><td class=""data_0_0""> 6/27 16:00</td><td class=""data_0_0"">67 ]</td><td class=""data_0_0""> 6/28 16:00</td><td class=""data_0_0"">113 ]</td><td class=""data_0_0""> 6/29 16:00</td></tr>"
坂畑,1241,1985,160.0,7/01 07:00,160,False,True,data_0_0,mtx,"<tr class=""mtx"" style=""text-align:right;""><td style=""white-space:nowrap""><div class=""a_print""><a href=""monthly_a1.php?prec_no=45&amp;block_no=1241&amp;year=1985&amp;month=&amp;day=&amp;view=a5"">1985</a></div></td><td class=""data_0_0"">29</td><td class=""data_0_0""> 4/23 09:00</td><td class=""data_0_0"">63</td><td class=""data_0_0""> 7/01 05:00</td><td class=""data_0_0"">79</td><td class=""data_0_0""> 8/30 24:00</td><td class=""data_0_0"">111</td><td class=""data_0_0""> 2/09 18:00</td><td class=""data_0_0"">160</td><td class=""data_0_0""> 7/01 07:00</td><td class=""data_0_0"">197</td><td class=""data_0_0""> 7/01 22:00</td><td class=""data_0_0"">214</td><td class=""data_0_0""> 7/01 06:00</td></tr>"
坂畑,1241,1986,227.0,8/05 03:00,227,False,True,data_0_0,mtx,"<tr class=""mtx"" style=""text-align:right;""><td style=""white-space:nowrap""><div class=""a_print""><a href=""monthly_a1.php?prec_no=45&amp;block_no=1241&amp;year=1986&amp;month=&amp;day=&amp;view=a5"">1986</a></div></td><td class=""data_0_0"">29</td><td class=""data_0_0""> 5/11 23:00</td><td class=""data_0_0"">55</td><td class=""data_0_0""> 8/04 19:00</td><td class=""data_0_0"">101</td><td class=""data_0_0""> 8/04 22:00</td><td class=""data_0_0"">167</td><td class=""data_0_0""> 8/05 02:00</td><td class=""data_0_0"">227</td><td class=""data_0_0""> 8/05 03:00</td><td class=""data_0_0"">232</td><td class=""data_0_0""> 8/06 02:00</td><td class=""data_0_0"">232</td><td class=""data_0_0""> 8/07 02:00</td></tr>"
坂畑,1241,1987,144.0,9/17 13:00,144,False,True,data_0_0,mtx,"<tr class=""mtx"" style=""text-align:right;""><td style=""white-space:nowrap""><div class=""a_print""><a href=""monthly_a1.php?prec_no=45&amp;block_no=1241&amp;year=1987&amp;month=&amp;day=&amp;view=a5"">1987</a></div></td><td class=""data_0_0"">18</td><td class=""data_0_0""> 9/04 02:00</td><td class=""data_0_0"">41</td><td class=""data_0_0""> 9/16 23:00</td><td class=""data_0_0"">69</td><td class=""data_0_0""> 9/17 01:00</td><td class=""data_0_0"">112</td><td class=""data_0_0""> 9/17 06:00</td><td class=""data_0_0"">144</td><td class=""data_0_0""> 9/17 13:00</td><td class=""data_0_0"">145</td><td class=""data_0_0""> 9/18 08:00</td><td class=""data_0_0"">184</td><td class=""data_0_0""> 9/19 08:00</td></tr>"
坂畑,1241,1988,176.0,8/11 21:00,176,False,True,data_0_0,mtx,"<tr class=""mtx"" style=""text-align:right;""><td style=""white-space:nowrap""><div class=""a_print""><a href=""monthly_a1.php?prec_no=45&amp;block_no=1241&amp;year=1988&amp;month=&amp;day=&amp;view=a5"">1988</a></div></td><td class=""data_0_0"">36</td><td class=""data_0_0""> 9/25 22:00</td><td class=""data_0_0"">73</td><td class=""data_0_0""> 8/11 09:00</td><td class=""data_0_0"">91</td><td class=""data_0_0""> 9/25 24:00</td><td class=""data_0_0"">138</td><td class=""data_0_0""> 9/26 01:00</td><td class=""data_0_0"">176</td><td class=""data_0_0""> 8/11 21:00</td><td class=""data_0_0"">211</td><td class=""data_0_0""> 8/12 10:00</td><td class=""data_0_0"">271</td><td class=""data_0_0""> 9/28 14:00</td></tr>"
坂畑,1241,1989,374.0,8/01 20:00,374,False,True,data_0_0,mtx,"<tr class=""mtx"" style=""text-align:right;""><td style=""white-space:nowrap""><div class=""a_print""><a href=""monthly_a1.php?prec_no=45&amp;block_no=1241&amp;year=1989&amp;month=&amp;day=&amp;view=a5"">1989</a></div></td><td class=""data_0_0"">71</td><td class=""data_0_0""> 8/01 09:00</td><td class=""data_0_0"">153</td><td class=""data_0_0""> 8/01 10:00</td><td class=""data_0_0"">236</td><td class=""data_0_0""> 8/01 12:00</td><td class=""data_0_0"">312</td><td class=""data_0_0""> 8/01 14:00</td><td class=""data_0_0"">374</td><td class=""data_0_0""> 8/01 20:00</td><td class=""data_0_0"">384</td><td class=""data_0_0""> 8/02 10:00</td><td class=""data_0_0"">387</td><td class=""data_0_0""> 8/02 11:00</td></tr>"
坂畑,1241,1990,176.0,10/01 01:00,176,False,True,data_0_0,mtx,"<tr class=""mtx"" style=""text-align:right;""><td style=""white-space:nowrap""><div class=""a_print""><a href=""monthly_a1.php?prec_no=45&amp;block_no=1241&amp;year=1990&amp;month=&amp;day=&amp;view=a5"">1990</a></div></td><td class=""data_0_0"">42</td><td class=""data_0_0""> 9/30 18:00</td><td class=""data_0_0"">94</td><td class=""data_0_0""> 9/30 19:00</td><td class=""data_0_0"">125</td><td class=""data_0_0""> 9/30 20:00</td><td class=""data_0_0"">160</td><td class=""data_0_0""> 9/30 20:00</td><td class=""data_0_0"">176</td><td class=""data_0_0"">10/01 01:00</td><td class=""data_0_0"">203</td><td class=""data_0_0"">11/30 17:00</td><td class=""data_0_0"">270</td><td class=""data_0_0"">11/30 20:00</td></tr>"
坂畑,1241,1991,160.0,9/19 21:00,160,False,True,data_0_0,mtx,"<tr class=""mtx"" style=""text-align:right;""><td style=""white-space:nowrap""><div class=""a_print""><a href=""monthly_a1.php?prec_no=45&amp;block_no=1241&amp;year=1991&amp;month=&amp;day=&amp;view=a5"">1991</a></div></td><td class=""data_0_0"">19</td><td class=""data_0_0"">10/13 08:00</td><td class=""data_0_0"">49</td><td class=""data_0_0"">10/13 10:00</td><td class=""data_0_0"">79</td><td class=""data_0_0"">10/13 11:00</td><td class=""data_0_0"">118</td><td class=""data_0_0"">10/13 11:00</td><td class=""data_0_0"">160</td><td class=""data_0_0""> 9/19 21:00</td><td class=""data_0_0"">284</td><td class=""data_0_0"">10/13 11:00</td><td class=""data_0_0"">321</td><td class=""data_0_0"">10/13 13:00</td></tr>"
坂畑,1241,1992,106.0,6/24 12:00,106,False,True,data_0_0,mtx,"<tr class=""mtx"" style=""text-align:right;""><td style=""white-space:nowrap""><div class=""a_print""><a href=""monthly_a1.php?prec_no=45&amp;block_no=1241&amp;year=1992&amp;month=&amp;day=&amp;view=a5"">1992</a></div></td><td class=""data_0_0"">32</td><td class=""data_0_0""> 4/30 14:00</td><td class=""data_0_0"">68</td><td class=""data_0_0""> 4/30 14:00</td><td class=""data_0_0"">75</td><td class=""data_0_0""> 4/30 15:00</td><td class=""data_0_0"">84</td><td class=""data_0_0""> 6/24 04:00</td><td class=""data_0_0"">106</td><td class=""data_0_0""> 6/24 12:00</td><td class=""data_0_0"">108</td><td class=""data_0_0""> 6/25 05:00</td><td class=""data_0_0"">116</td><td class=""data_0_0""> 6/24 12:00</td></tr>"
坂畑,1241,1993,171.0,8/27 20:00,171,False,True,data_0_0,mtx,"<tr class=""mtx"" style=""text-align:right;""><td style=""white-space:nowrap""><div class=""a_print""><a href=""monthly_a1.php?prec_no=45&amp;block_no=1241&amp;year=1993&amp;month=&amp;day=&amp;view=a5"">1993</a></div></td><td class=""data_0_0"">24</td><td class=""data_0_0"">12/11 01:00</td><td class=""data_0_0"">58</td><td class=""data_0_0""> 8/27 09:00</td><td class=""data_0_0"">103</td><td class=""data_0_0""> 8/27 11:00</td><td class=""data_0_0"">142</td><td class=""data_0_0""> 8/27 14:00</td><td class=""data_0_0"">171</td><td class=""data_0_0""> 8/27 20:00</td><td class=""data_0_0"">204</td><td class=""data_0_0""> 8/28 10:00</td><td class=""data_0_0"">204</td><td class=""data_0_0""> 8/29 10:00</td></tr>"
坂畑,1241,1994,141.0,3/24 01:00,141,False,True,data_0_0,mtx,"<tr class=""mtx"" style=""text-align:right;""><td style=""white-space:nowrap""><div class=""a_print""><a href=""monthly_a1.php?prec_no=45&amp;block_no=1241&amp;year=1994&amp;month=&amp;day=&amp;view=a5"">1994</a></div></td><td class=""data_0_0"">19</td><td class=""data_0_0""> 9/23 01:00</td><td class=""data_0_0"">38</td><td class=""data_0_0""> 3/23 23:00</td><td class=""data_0_0"">64</td><td class=""data_0_0""> 3/23 24:00</td><td class=""data_0_0"">96</td><td class=""data_0_0""> 3/24 01:00</td><td class=""data_0_0"">141</td><td class=""data_0_0""> 3/24 01:00</td><td class=""data_0_0"">152</td><td class=""data_0_0""> 3/24 21:00</td><td class=""data_0_0"">153</td><td class=""data_0_0""> 3/25 21:00</td></tr>"
坂畑,1241,1995,240.0,9/17 14:00,240,False,True,data_0_0,mtx,"<tr class=""mtx"" style=""text-align:right;""><td style=""white-space:nowrap""><div class=""a_print""><a href=""monthly_a1.php?prec_no=45&amp;block_no=1241&amp;year=1995&amp;month=&amp;day=&amp;view=a5"">1995</a></div></td><td class=""data_0_0"">36</td><td class=""data_0_0""> 6/04 03:00</td><td class=""data_0_0"">62</td><td class=""data_0_0""> 6/04 03:00</td><td class=""data_0_0"">93</td><td class=""data_0_0""> 9/17 11:00</td><td class=""data_0_0"">157</td><td class=""data_0_0""> 9/17 11:00</td><td class=""data_0_0"">240</td><td class=""data_0_0""> 9/17 14:00</td><td class=""data_0_0"">271</td><td class=""data_0_0""> 9/18 04:00</td><td class=""data_0_0"">285</td><td class=""data_0_0""> 9/18 09:00</td></tr>"
坂畑,1241,1996,363.0,9/22 24:00,363,False,True,data_0_0,mtx,"<tr class=""mtx"" style=""text-align:right;""><td style=""white-space:nowrap""><div class=""a_print""><a href=""monthly_a1.php?prec_no=45&amp;block_no=1241&amp;year=1996&amp;month=&amp;day=&amp;view=a5"">1996</a></div></td><td class=""data_0_0"">45</td><td class=""data_0_0""> 9/22 12:00</td><td class=""data_0_0"">116</td><td class=""data_0_0""> 9/22 13:00</td><td class=""data_0_0"">210</td><td class=""data_0_0""> 9/22 14:00</td><td class=""data_0_0"">332</td><td class=""data_0_0""> 9/22 16:00</td><td class=""data_0_0"">363</td><td class=""data_0_0""> 9/22 24:00</td><td class=""data_0_0"">363</td><td class=""data_0_0""> 9/23 24:00</td><td class=""data_0_0"">380</td><td class=""data_0_0""> 7/11 12:00</td></tr>"
坂畑,1241,1997,114.0,5/25 08:00,114,False,True,data_0_0,mtx,"<tr class=""mtx"" style=""text-align:right;""><td style=""white-space:nowrap""><div class=""a_print""><a href=""monthly_a1.php?prec_no=45&amp;block_no=1241&amp;year=1997&amp;month=&amp;day=&amp;view=a5"">1997</a></div></td><td class=""data_0_0"">26</td><td class=""data_0_0""> 5/25 03:00</td><td class=""data_0_0"">50</td><td class=""data_0_0""> 7/12 15:00</td><td class=""data_0_0"">73</td><td class=""data_0_0""> 5/25 03:00</td><td class=""data_0_0"">108</td><td class=""data_0_0""> 5/25 03:00</td><td class=""data_0_0"">114</td><td class=""data_0_0""> 5/25 08:00</td><td class=""data_0_0"">115</td><td class=""data_0_0""> 5/25 23:00</td><td class=""data_0_0"">115</td><td class=""data_0_0""> 5/26 23:00</td></tr>"
坂畑,1241,1998,104.0,9/16 20:00,104,False,True,data_0_0,mtx,"<tr class=""mtx"" style=""text-align:right;""><td style=""white-space:nowrap""><div class=""a_print""><a href=""monthly_a1.php?prec_no=45&amp;block_no=1241&amp;year=1998&amp;month=&amp;day=&amp;view=a5"">1998</a></div></td><td class=""data_0_0"">27</td><td class=""data_0_0""> 9/16 02:00</td><td class=""data_0_0"">65</td><td class=""data_0_0""> 9/16 03:00</td><td class=""data_0_0"">89</td><td class=""data_0_0""> 9/16 04:00</td><td class=""data_0_0"">104</td><td class=""data_0_0""> 9/16 08:00</td><td class=""data_0_0"">104</td><td class=""data_0_0""> 9/16 20:00</td><td class=""data_0_0"">120</td><td class=""data_0_0""> 7/24 13:00</td><td class=""data_0_0"">143</td><td class=""data_0_0""> 7/25 20:00</td></tr>"
坂畑,1241,1999,170.0,7/14 01:00,170,False,True,data_0_0,mtx,"<tr class=""mtx"" style=""text-align:right;""><td style=""white-space:nowrap""><div class=""a_print""><a href=""monthly_a1.php?prec_no=45&amp;block_no=1241&amp;year=1999&amp;month=&amp;day=&amp;view=a5"">1999</a></div></td><td class=""data_0_0"">35</td><td class=""data_0_0"">10/27 20:00</td><td class=""data_0_0"">65</td><td class=""data_0_0""> 7/13 22:00</td><td class=""data_0_0"">87</td><td class=""data_0_0""> 7/13 24:00</td><td class=""data_0_0"">129</td><td class=""data_0_0""> 7/13 22:00</td><td class=""data_0_0"">170</td><td class=""data_0_0""> 7/14 01:00</td><td class=""data_0_0"">184</td><td class=""data_0_0""> 7/15 02:00</td><td class=""data_0_0"">199</td><td class=""data_0_0""> 7/15 07:00</td></tr>"
坂畑,1241,2000,210.0,7/08 13:00,210 ],False,False,data_0_0,mtx,"<tr class=""mtx"" style=""text-align:right;""><td style=""white-space:nowrap""><div class=""a_print""><a href=""monthly_a1.php?prec_no=45&amp;block_no=1241&amp;year=2000&amp;month=&amp;day=&amp;view=a5"">2000</a></div></td><td class=""data_0_0"">33 ]</td><td class=""data_0_0""> 9/24 06:00</td><td class=""data_0_0"">66 ]</td><td class=""data_0_0""> 9/06 04:00</td><td class=""data_0_0"">101 ]</td><td class=""data_0_0""> 7/08 06:00</td><td class=""data_0_0"">178 ]</td><td class=""data_0_0""> 7/08 07:00</td><td class=""data_0_0"">210 ]</td><td class=""data_0_0""> 7/08 13:00</td><td class=""data_0_0"">213 ]</td><td class=""data_0_0""> 7/08 14:00</td><td class=""data_0_0"">213 ]</td><td class=""data_0_0""> 7/09 14:00</td></tr>"
坂畑,1241,2001,136.0,10/10 24:00,136,False,True,data_0_0,mtx,"<tr class=""mtx"" style=""text-align:right;""><td style=""white-space:nowrap""><div class=""a_print""><a href=""monthly_a1.php?prec_no=45&amp;block_no=1241&amp;year=2001&amp;month=&amp;day=&amp;view=a5"">2001</a></div></td><td class=""data_0_0"">35</td><td class=""data_0_0""> 8/11 09:00</td><td class=""data_0_0"">64</td><td class=""data_0_0"">10/10 19:00</td><td class=""data_0_0"">92</td><td class=""data_0_0"">10/10 20:00</td><td class=""data_0_0"">126</td><td class=""data_0_0"">10/10 21:00</td><td class=""data_0_0"">136</td><td class=""data_0_0"">10/10 24:00</td><td class=""data_0_0"">161</td><td class=""data_0_0""> 9/11 15:00</td><td class=""data_0_0"">185</td><td class=""data_0_0""> 9/11 16:00</td></tr>"
坂畑,1241,2002,144.0,9/07 02:00,144,False,True,data_0_0,mtx,"<tr class=""mtx"" style=""text-align:right;""><td style=""white-space:nowrap""><div class=""a_print""><a href=""monthly_a1.php?prec_no=45&amp;block_no=1241&amp;year=2002&amp;month=&amp;day=&amp;view=a5"">2002</a></div></td><td class=""data_0_0"">38</td><td class=""data_0_0""> 9/06 21:00</td><td class=""data_0_0"">61</td><td class=""data_0_0""> 9/06 23:00</td><td class=""data_0_0"">86</td><td class=""data_0_0""> 7/10 24:00</td><td class=""data_0_0"">101</td><td class=""data_0_0""> 9/07 02:00</td><td class=""data_0_0"">144</td><td class=""data_0_0""> 9/07 02:00</td><td class=""data_0_0"">162</td><td class=""data_0_0""> 9/08 02:00</td><td class=""data_0_0"">166</td><td class=""data_0_0""> 9/08 23:00</td></tr>"
坂畑,1241,2003,192.0,8/15 21:30,192,False,True,data_1t_0,mtx,"<tr class=""mtx"" style=""text-align:right;""><td style=""white-space:nowrap""><div class=""a_print""><a href=""monthly_a1.php?prec_no=45&amp;block_no=1241&amp;year=2003&amp;month=&amp;day=&amp;view=a5"">2003</a></div></td><td class=""data_1t_0"">60</td><td class=""data_1t_0""> 7/31 13:20</td><td class=""data_1t_0"">68</td><td class=""data_1t_0"">11/25 16:50</td><td class=""data_1t_0"">103</td><td class=""data_1t_0"">11/25 17:20</td><td class=""data_1t_0"">136</td><td class=""data_1t_0""> 8/15 13:50</td><td class=""data_1t_0"">192</td><td class=""data_1t_0""> 8/15 21:30</td><td class=""data_1t_0"">264</td><td class=""data_1t_0""> 8/16 13:30</td><td class=""data_1t_0"">285</td><td class=""data_1t_0""> 8/16 21:20</td></tr>"
坂畑,1241,2004,285.0,10/09 16:50,285,False,True,data_0_0,mtx,"<tr class=""mtx"" style=""text-align:right;""><td style=""white-space:nowrap""><div class=""a_print""><a href=""monthly_a1.php?prec_no=45&amp;block_no=1241&amp;year=2004&amp;month=&amp;day=&amp;view=a5"">2004</a></div></td><td class=""data_0_0"">52</td><td class=""data_0_0"">10/09 01:40</td><td class=""data_0_0"">116</td><td class=""data_0_0"">10/09 01:40</td><td class=""data_0_0"">180</td><td class=""data_0_0"">10/09 04:10</td><td class=""data_0_0"">220</td><td class=""data_0_0"">10/09 06:50</td><td class=""data_0_0"">285</td><td class=""data_0_0"">10/09 16:50</td><td class=""data_0_0"">295</td><td class=""data_0_0"">10/10 11:40</td><td class=""data_0_0"">302</td><td class=""data_0_0"">10/11 11:40</td></tr>"
坂畑,1241,2005,158.0,8/26 09:10,158,False,True,data_0_0,mtx,"<tr class=""mtx"" style=""text-align:right;""><td style=""white-space:nowrap""><div class=""a_print""><a href=""monthly_a1.php?prec_no=45&amp;block_no=1241&amp;year=2005&amp;month=&amp;day=&amp;view=a5"">2005</a></div></td><td class=""data_0_0"">30</td><td class=""data_0_0""> 8/26 04:50</td><td class=""data_0_0"">57</td><td class=""data_0_0""> 8/26 04:50</td><td class=""data_0_0"">100</td><td class=""data_0_0""> 8/26 04:50</td><td class=""data_0_0"">134</td><td class=""data_0_0""> 8/26 07:20</td><td class=""data_0_0"">158</td><td class=""data_0_0""> 8/26 09:10</td><td class=""data_0_0"">164</td><td class=""data_0_0""> 8/27 03:40</td><td class=""data_0_0"">166</td><td class=""data_0_0""> 8/27 03:10</td></tr>"
坂畑,1241,2006,263.0,4/12 13:40,263,False,True,data_0_0,mtx,"<tr class=""mtx"" style=""text-align:right;""><td style=""white-space:nowrap""><div class=""a_print""><a href=""monthly_a1.php?prec_no=45&amp;block_no=1241&amp;year=2006&amp;month=&amp;day=&amp;view=a5"">2006</a></div></td><td class=""data_0_0"">74</td><td class=""data_0_0""> 4/12 06:00</td><td class=""data_0_0"">168</td><td class=""data_0_0""> 4/12 07:50</td><td class=""data_0_0"">209</td><td class=""data_0_0""> 4/12 08:10</td><td class=""data_0_0"">246</td><td class=""data_0_0""> 4/12 10:00</td><td class=""data_0_0"">263</td><td class=""data_0_0""> 4/12 13:40</td><td class=""data_0_0"">264</td><td class=""data_0_0""> 4/13 13:40</td><td class=""data_0_0"">265</td><td class=""data_0_0""> 4/14 12:50</td></tr>"
坂畑,1241,2007,221.0,7/15 11:50,221,False,True,data_0_0,mtx,"<tr class=""mtx"" style=""text-align:right;""><td style=""white-space:nowrap""><div class=""a_print""><a href=""monthly_a1.php?prec_no=45&amp;block_no=1241&amp;year=2007&amp;month=&amp;day=&amp;view=a5"">2007</a></div></td><td class=""data_0_0"">38</td><td class=""data_0_0""> 7/15 02:30</td><td class=""data_0_0"">62</td><td class=""data_0_0"">10/27 18:20</td><td class=""data_0_0"">94</td><td class=""data_0_0"">10/27 18:30</td><td class=""data_0_0"">146</td><td class=""data_0_0"">10/27 18:50</td><td class=""data_0_0"">221</td><td class=""data_0_0""> 7/15 11:50</td><td class=""data_0_0"">238</td><td class=""data_0_0""> 7/15 20:50</td><td class=""data_0_0"">253</td><td class=""data_0_0""> 7/15 15:00</td></tr>"
坂畑,1241,2008,191.5,10/24 11:40,191.5,False,True,data_0_0,mtx,"<tr class=""mtx"" style=""text-align:right;""><td style=""white-space:nowrap""><div class=""a_print""><a href=""monthly_a1.php?prec_no=45&amp;block_no=1241&amp;year=2008&amp;month=&amp;day=&amp;view=a5"">2008</a></div></td><td class=""data_0_0"">42.5</td><td class=""data_0_0""> 8/29 06:20</td><td class=""data_0_0"">73.5</td><td class=""data_0_0"">10/23 17:30</td><td class=""data_0_0"">115.0</td><td class=""data_0_0"">10/23 19:20</td><td class=""data_0_0"">170.5</td><td class=""data_0_0"">10/23 23:40</td><td class=""data_0_0"">191.5</td><td class=""data_0_0"">10/24 11:40</td><td class=""data_0_0"">204.0</td><td class=""data_0_0"">10/25 11:40</td><td class=""data_0_0"">204.0</td><td class=""data_0_0"">10/26 11:40</td></tr>"
坂畑,1241,2009,141.0,8/11 06:10,141.0,False,True,data_0_0,mtx,"<tr class=""mtx"" style=""text-align:right;""><td style=""white-space:nowrap""><div class=""a_print""><a href=""monthly_a1.php?prec_no=45&amp;block_no=1241&amp;year=2009&amp;month=&amp;day=&amp;view=a5"">2009</a></div></td><td class=""data_0_0"">43.0</td><td class=""data_0_0""> 8/10 08:30</td><td class=""data_0_0"">75.0</td><td class=""data_0_0""> 8/10 09:50</td><td class=""data_0_0"">88.0</td><td class=""data_0_0""> 8/10 10:30</td><td class=""data_0_0"">131.0</td><td class=""data_0_0""> 8/10 16:50</td><td class=""data_0_0"">141.0</td><td class=""data_0_0""> 8/11 06:10</td><td class=""data_0_0"">165.5</td><td class=""data_0_0""> 8/11 24:00</td><td class=""data_0_0"">166.0</td><td class=""data_0_0""> 8/12 07:00</td></tr>"
坂畑,1241,2010,169.5,9/28 06:20,169.5 ],False,False,data_0_0,mtx,"<tr class=""mtx"" style=""text-align:right;""><td style=""white-space:nowrap""><div class=""a_print""><a href=""monthly_a1.php?prec_no=45&amp;block_no=1241&amp;year=2010&amp;month=&amp;day=&amp;view=a5"">2010</a></div></td><td class=""data_0_0"">55.0</td><td class=""data_0_0"">11/01 05:10</td><td class=""data_0_0"">80.5</td><td class=""data_0_0"">11/01 05:40</td><td class=""data_0_0"">102.5</td><td class=""data_0_0""> 9/28 07:30</td><td class=""data_0_0"">124.5 ]</td><td class=""data_0_0""> 9/28 08:20</td><td class=""data_0_0"">169.5 ]</td><td class=""data_0_0""> 9/28 06:20</td><td class=""data_0_0"">207.5 ]</td><td class=""data_0_0""> 9/28 21:30</td><td class=""data_0_0"">208.0 ]</td><td class=""data_0_0""> 9/28 11:40</td></tr>"
坂畑,1241,2011,126.5,10/06 01:50,126.5,False,True,data_0_0,mtx,"<tr class=""mtx"" style=""text-align:right;""><td style=""white-space:nowrap""><div class=""a_print""><a href=""monthly_a1.php?prec_no=45&amp;block_no=1241&amp;year=2011&amp;month=&amp;day=&amp;view=a5"">2011</a></div></td><td class=""data_0_0"">39.0</td><td class=""data_0_0"">10/05 20:40</td><td class=""data_0_0"">79.0</td><td class=""data_0_0"">10/05 21:10</td><td class=""data_0_0"">91.5</td><td class=""data_0_0"">10/05 21:20</td><td class=""data_0_0"">114.5</td><td class=""data_0_0"">10/05 22:40</td><td class=""data_0_0"">126.5</td><td class=""data_0_0"">10/06 01:50</td><td class=""data_0_0"">184.5</td><td class=""data_0_0""> 9/21 23:20</td><td class=""data_0_0"">187.0</td><td class=""data_0_0""> 9/22 23:20</td></tr>"
坂畑,1241,2012,118.5,5/03 14:20,118.5,False,True,data_0_0,mtx,"<tr class=""mtx"" style=""text-align:right;""><td style=""white-space:nowrap""><div class=""a_print""><a href=""monthly_a1.php?prec_no=45&amp;block_no=1241&amp;year=2012&amp;month=&amp;day=&amp;view=a5"">2012</a></div></td><td class=""data_0_0"">42.0</td><td class=""data_0_0"">10/18 00:30</td><td class=""data_0_0"">54.5</td><td class=""data_0_0""> 6/19 22:40</td><td class=""data_0_0"">86.5</td><td class=""data_0_0""> 6/19 23:50</td><td class=""data_0_0"">90.0</td><td class=""data_0_0""> 6/20 00:10</td><td class=""data_0_0"">118.5</td><td class=""data_0_0""> 5/03 14:20</td><td class=""data_0_0"">136.5</td><td class=""data_0_0""> 5/04 01:20</td><td class=""data_0_0"">140.0</td><td class=""data_0_0""> 5/04 05:10</td></tr>"
坂畑,1241,2013,336.5,10/16 11:20,336.5,False,True,data_0_0,mtx,"<tr class=""mtx"" style=""text-align:right;""><td style=""white-space:nowrap""><div class=""a_print""><a href=""monthly_a1.php?prec_no=45&amp;block_no=1241&amp;year=2013&amp;month=&amp;day=&amp;view=a5"">2013</a></div></td><td class=""data_0_0"">40.5</td><td class=""data_0_0"">10/16 01:30</td><td class=""data_0_0"">102.0</td><td class=""data_0_0"">10/16 03:30</td><td class=""data_0_0"">189.0</td><td class=""data_0_0"">10/16 06:00</td><td class=""data_0_0"">284.0</td><td class=""data_0_0"">10/16 07:00</td><td class=""data_0_0"">336.5</td><td class=""data_0_0"">10/16 11:20</td><td class=""data_0_0"">338.0</td><td class=""data_0_0"">10/17 00:40</td><td class=""data_0_0"">338.0</td><td class=""data_0_0"">10/18 00:40</td></tr>"
坂畑,1241,2014,163.0,6/07 09:30,163.0 ],False,False,data_0_0,mtx,"<tr class=""mtx"" style=""text-align:right;""><td style=""white-space:nowrap""><div class=""a_print""><a href=""monthly_a1.php?prec_no=45&amp;block_no=1241&amp;year=2014&amp;month=&amp;day=&amp;view=a5"">2014</a></div></td><td class=""data_0_0"">26.0</td><td class=""data_0_0"">10/06 09:20</td><td class=""data_0_0"">56.5</td><td class=""data_0_0""> 6/07 00:30</td><td class=""data_0_0"">82.5</td><td class=""data_0_0""> 6/07 00:30</td><td class=""data_0_0"">123.5</td><td class=""data_0_0""> 6/07 03:00</td><td class=""data_0_0"">163.0 ]</td><td class=""data_0_0""> 6/07 09:30</td><td class=""data_0_0"">196.0 ]</td><td class=""data_0_0""> 6/07 18:00</td><td class=""data_0_0"">206.0 ]</td><td class=""data_0_0""> 6/08 11:10</td></tr>"
坂畑,1241,2015,163.0,9/10 13:10,163.0,False,True,data_0_0,mtx,"<tr class=""mtx"" style=""text-align:right;""><td style=""white-space:nowrap""><div class=""a_print""><a href=""monthly_a1.php?prec_no=45&amp;block_no=1241&amp;year=2015&amp;month=&amp;day=&amp;view=a5"">2015</a></div></td><td class=""data_0_0"">39.0</td><td class=""data_0_0""> 8/17 09:40</td><td class=""data_0_0"">48.5</td><td class=""data_0_0"">12/11 10:20</td><td class=""data_0_0"">72.5</td><td class=""data_0_0"">12/11 10:30</td><td class=""data_0_0"">105.0</td><td class=""data_0_0""> 9/10 11:10</td><td class=""data_0_0"">163.0</td><td class=""data_0_0""> 9/10 13:10</td><td class=""data_0_0"">216.0</td><td class=""data_0_0""> 9/10 13:30</td><td class=""data_0_0"">278.0</td><td class=""data_0_0""> 9/10 14:50</td></tr>"
坂畑,1241,2016,122.5,8/23 04:30,122.5,False,True,data_0_0,mtx,"<tr class=""mtx"" style=""text-align:right;""><td style=""white-space:nowrap""><div class=""a_print""><a href=""monthly_a1.php?prec_no=45&amp;block_no=1241&amp;year=2016&amp;month=&amp;day=&amp;view=a5"">2016</a></div></td><td class=""data_0_0"">27.0</td><td class=""data_0_0""> 2/20 22:40</td><td class=""data_0_0"">60.0</td><td class=""data_0_0""> 8/22 10:30</td><td class=""data_0_0"">81.5</td><td class=""data_0_0""> 8/22 12:10</td><td class=""data_0_0"">122.0</td><td class=""data_0_0""> 8/22 17:00</td><td class=""data_0_0"">122.5</td><td class=""data_0_0""> 8/23 04:30</td><td class=""data_0_0"">123.0</td><td class=""data_0_0""> 8/24 04:30</td><td class=""data_0_0"">135.5</td><td class=""data_0_0""> 8/22 17:50</td></tr>"
坂畑,1241,2017,213.5,10/23 03:40,213.5,False,True,data_0_0,mtx,"<tr class=""mtx"" style=""text-align:right;""><td style=""white-space:nowrap""><div class=""a_print""><a href=""monthly_a1.php?prec_no=45&amp;block_no=1241&amp;year=2017&amp;month=&amp;day=&amp;view=a5"">2017</a></div></td><td class=""data_0_0"">63.5</td><td class=""data_0_0""> 9/28 07:10</td><td class=""data_0_0"">87.5</td><td class=""data_0_0""> 9/28 07:20</td><td class=""data_0_0"">114.5</td><td class=""data_0_0""> 9/28 07:40</td><td class=""data_0_0"">154.0</td><td class=""data_0_0"">10/22 16:30</td><td class=""data_0_0"">213.5</td><td class=""data_0_0"">10/23 03:40</td><td class=""data_0_0"">242.0</td><td class=""data_0_0"">10/23 08:10</td><td class=""data_0_0"">248.5</td><td class=""data_0_0"">10/23 07:50</td></tr>"
坂畑,1241,2018,117.0,10/01 01:10,117.0,False,True,data_0_0,mtx,"<tr class=""mtx"" style=""text-align:right;""><td style=""white-space:nowrap""><div class=""a_print""><a href=""monthly_a1.php?prec_no=45&amp;block_no=1241&amp;year=2018&amp;month=&amp;day=&amp;view=a5"">2018</a></div></td><td class=""data_0_0"">39.0</td><td class=""data_0_0"">10/27 04:30</td><td class=""data_0_0"">60.0</td><td class=""data_0_0""> 9/30 07:10</td><td class=""data_0_0"">74.5</td><td class=""data_0_0""> 9/30 07:40</td><td class=""data_0_0"">83.0</td><td class=""data_0_0""> 9/30 15:40</td><td class=""data_0_0"">117.0</td><td class=""data_0_0"">10/01 01:10</td><td class=""data_0_0"">120.0</td><td class=""data_0_0""> 3/10 04:10</td><td class=""data_0_0"">120.0</td><td class=""data_0_0""> 3/11 04:10</td></tr>"
坂畑,1241,2019,241.5,10/26 00:50,241.5,False,True,data_0_0,mtx,"<tr class=""mtx"" style=""text-align:right;""><td style=""white-space:nowrap""><div class=""a_print""><a href=""monthly_a1.php?prec_no=45&amp;block_no=1241&amp;year=2019&amp;month=&amp;day=&amp;view=a5"">2019</a></div></td><td class=""data_0_0"">55.5</td><td class=""data_0_0""> 9/09 02:30</td><td class=""data_0_0"">126.5</td><td class=""data_0_0""> 9/09 04:30</td><td class=""data_0_0"">196.5</td><td class=""data_0_0""> 9/09 06:00</td><td class=""data_0_0"">236.5</td><td class=""data_0_0"">10/25 15:50</td><td class=""data_0_0"">241.5</td><td class=""data_0_0"">10/26 00:50</td><td class=""data_0_0"">241.5 ]</td><td class=""data_0_0"">10/27 00:50</td><td class=""data_0_0"">241.5 ]</td><td class=""data_0_0"">10/28 00:50</td></tr>"
坂畑,1241,2020,104.0,4/19 02:10,104.0,False,True,data_0_0,mtx,"<tr class=""mtx"" style=""text-align:right;""><td style=""white-space:nowrap""><div class=""a_print""><a href=""monthly_a1.php?prec_no=45&amp;block_no=1241&amp;year=2020&amp;month=&amp;day=&amp;view=a5"">2020</a></div></td><td class=""data_0_0"">43.0</td><td class=""data_0_0""> 7/04 05:50</td><td class=""data_0_0"">75.5</td><td class=""data_0_0""> 7/04 06:30</td><td class=""data_0_0"">85.0</td><td class=""data_0_0""> 7/04 07:00</td><td class=""data_0_0"">98.5</td><td class=""data_0_0""> 4/18 14:10</td><td class=""data_0_0"">104.0</td><td class=""data_0_0""> 4/19 02:10</td><td class=""data_0_0"">156.5</td><td class=""data_0_0"">10/10 21:10</td><td class=""data_0_0"">192.5</td><td class=""data_0_0"">10/11 02:40</td></tr>"
坂畑,1241,2021,182.5,8/08 23:00,182.5,False,True,data_0_0,mtx,"<tr class=""mtx"" style=""text-align:right;""><td style=""white-space:nowrap""><div class=""a_print""><a href=""monthly_a1.php?prec_no=45&amp;block_no=1241&amp;year=2021&amp;month=&amp;day=&amp;view=a5"">2021</a></div></td><td class=""data_0_0"">47.5</td><td class=""data_0_0"">10/02 24:00</td><td class=""data_0_0"">84.0</td><td class=""data_0_0""> 8/08 12:20</td><td class=""data_0_0"">118.0</td><td class=""data_0_0""> 8/08 13:20</td><td class=""data_0_0"">168.0</td><td class=""data_0_0""> 8/08 16:30</td><td class=""data_0_0"">182.5</td><td class=""data_0_0""> 8/08 23:00</td><td class=""data_0_0"">206.5</td><td class=""data_0_0""> 7/03 14:40</td><td class=""data_0_0"">284.0</td><td class=""data_0_0""> 7/04 01:20</td></tr>"
坂畑,1241,2022,103.5,8/05 10:10,103.5,False,True,data_0_0,mtx,"<tr class=""mtx"" style=""text-align:right;""><td style=""white-space:nowrap""><div class=""a_print""><a href=""monthly_a1.php?prec_no=45&amp;block_no=1241&amp;year=2022&amp;month=&amp;day=&amp;view=a5"">2022</a></div></td><td class=""data_0_0"">40.0</td><td class=""data_0_0""> 8/04 20:40</td><td class=""data_0_0"">49.5</td><td class=""data_0_0""> 8/13 19:20</td><td class=""data_0_0"">90.5</td><td class=""data_0_0""> 8/04 20:50</td><td class=""data_0_0"">102.0</td><td class=""data_0_0""> 8/05 02:30</td><td class=""data_0_0"">103.5</td><td class=""data_0_0""> 8/05 10:10</td><td class=""data_0_0"">107.0 ]</td><td class=""data_0_0"">10/07 22:00</td><td class=""data_0_0"">115.0 ]</td><td class=""data_0_0""> 8/07 14:50</td></tr>"
坂畑,1241,2023,345.0,9/09 03:50,345.0,False,True,data_0_0,mtx,"<tr class=""mtx"" style=""text-align:right;""><td style=""white-space:nowrap""><div class=""a_print""><a href=""monthly_a1.php?prec_no=45&amp;block_no=1241&amp;year=2023&amp;month=&amp;day=&amp;view=a5"">2023</a></div></td><td class=""data_0_0"">67.5</td><td class=""data_0_0""> 9/08 11:00</td><td class=""data_0_0"">139.5</td><td class=""data_0_0""> 9/08 11:20</td><td class=""data_0_0"">222.5</td><td class=""data_0_0""> 9/08 11:20</td><td class=""data_0_0"">277.5</td><td class=""data_0_0""> 9/08 11:50</td><td class=""data_0_0"">345.0</td><td class=""data_0_0""> 9/09 03:50</td><td class=""data_0_0"">387.5</td><td class=""data_0_0""> 9/09 18:20</td><td class=""data_0_0"">390.5</td><td class=""data_0_0""> 9/09 07:30</td></tr>"
坂畑,1241,2024,140.5,8/17 01:40,140.5,False,True,data_0_0,mtx,"<tr class=""mtx"" style=""text-align:right;""><td style=""white-space:nowrap""><div class=""a_print""><a href=""monthly_a1.php?prec_no=45&amp;block_no=1241&amp;year=2024&amp;month=&amp;day=&amp;view=a5"">2024</a></div></td><td class=""data_0_0"">36.5</td><td class=""data_0_0""> 9/27 12:10</td><td class=""data_0_0"">59.0</td><td class=""data_0_0""> 8/16 18:40</td><td class=""data_0_0"">90.0</td><td class=""data_0_0""> 8/16 19:20</td><td class=""data_0_0"">123.5</td><td class=""data_0_0""> 9/27 20:50</td><td class=""data_0_0"">140.5</td><td class=""data_0_0""> 8/17 01:40</td><td class=""data_0_0"">140.5</td><td class=""data_0_0""> 8/18 01:40</td><td class=""data_0_0"">146.5</td><td class=""data_0_0""> 9/28 13:30</td></tr>"
坂畑,1241,2025,151.0,9/06 02:20,151.0,False,True,data_0_0,mtx,"<tr class=""mtx"" style=""text-align:right;""><td style=""white-space:nowrap""><div class=""a_print""><a href=""monthly_a1.php?prec_no=45&amp;block_no=1241&amp;year=2025&amp;month=&amp;day=&amp;view=a5"">2025</a></div></td><td class=""data_0_0"">64.5</td><td class=""data_0_0""> 9/05 16:20</td><td class=""data_0_0"">82.0</td><td class=""data_0_0""> 9/05 16:30</td><td class=""data_0_0"">102.5</td><td class=""data_0_0""> 9/05 16:30</td><td class=""data_0_0"">140.5</td><td class=""data_0_0""> 9/05 16:40</td><td class=""data_0_0"">151.0</td><td class=""data_0_0""> 9/06 02:20</td><td class=""data_0_0"">168.0</td><td class=""data_0_0""> 9/06 09:40</td><td class=""data_0_0"">168.0</td><td class=""data_0_0""> 9/07 09:40</td></tr>"
